INSERT INTO PUBLIC.ACCOUNT (ID, CREATION_DATE, LAST_UPDATE_DATE, VERSION, PASSWORD, USER_NAME, OWNER_ID, ENABLED, REALM) VALUES (10, '2019-01-27 22:11:22.789000', '2019-01-27 22:11:26.523000', 1, '{bcrypt}$2a$11$w5mj67IlEHj5k615XhuuruXhARLN6ZjQPSqbJcWobpvdQXQVac2Uy', 'admin', 10, true, 'default');
INSERT INTO PUBLIC.ACCOUNT (ID, CREATION_DATE, LAST_UPDATE_DATE, VERSION, PASSWORD, USER_NAME, OWNER_ID, ENABLED, REALM) VALUES (2903, '2019-03-23 11:51:29.179000', '2019-03-23 11:51:29.179000', 1, '{bcrypt}$2a$11$FJ2pT4jN9wP7BRo0Sck77.L40n.Dqq/lxS4E4DmjngzSPJy1/M/U.', 'bkane', 2904, true, 'seer');
INSERT INTO PUBLIC.ACCOUNT_ROLE (ACCOUNT_ID, ROLE_ID) VALUES (10, 10);
INSERT INTO PUBLIC.ACCOUNT_ROLE (ACCOUNT_ID, ROLE_ID) VALUES (2903, 11);
INSERT INTO PUBLIC.ACTION (ID, CREATION_DATE, LAST_UPDATE_DATE, VERSION, CODE, DESCRIPTION, NAME) VALUES (4123, '2019-08-04 19:02:45.071000', '2019-08-14 19:48:42.939000', 1, 'UPDATE', 'High level Update - part of CRUD', 'Update');
INSERT INTO PUBLIC.ACTION (ID, CREATION_DATE, LAST_UPDATE_DATE, VERSION, CODE, DESCRIPTION, NAME) VALUES (4124, '2019-08-04 19:05:43.894000', '2019-08-04 19:05:43.894000', 1, 'CREATE', 'High level Create - part of CRUD', 'Create');
INSERT INTO PUBLIC.ACTION (ID, CREATION_DATE, LAST_UPDATE_DATE, VERSION, CODE, DESCRIPTION, NAME) VALUES (4125, '2019-08-04 19:06:10.989000', '2019-08-04 19:06:10.989000', 1, 'DELETE', 'High level Delete - part of CRUD', 'Delete');
INSERT INTO PUBLIC.ACTION (ID, CREATION_DATE, LAST_UPDATE_DATE, VERSION, CODE, DESCRIPTION, NAME) VALUES (4126, '2019-08-04 19:06:31.203000', '2019-08-04 19:06:31.203000', 1, 'READ', 'High Level Read - part of CRUD', 'Read');
INSERT INTO PUBLIC.ACTION (ID, CREATION_DATE, LAST_UPDATE_DATE, VERSION, CODE, DESCRIPTION, NAME) VALUES (4127, '2019-08-04 19:09:28.799000', '2019-08-13 20:42:50.342000', 1, 'LAUNCH_BOT', 'Able to launch bots or any other resources', 'Launch');
INSERT INTO PUBLIC.ACTION (ID, CREATION_DATE, LAST_UPDATE_DATE, VERSION, CODE, DESCRIPTION, NAME) VALUES (4158, '2019-08-13 20:35:10.137000', '2019-08-14 19:48:54.999000', 1, 'ACT-cdcd2ebb-d25e-4c57-b137-e6b86104488a', 'Train', 'Train');
INSERT INTO PUBLIC.ACTION (ID, CREATION_DATE, LAST_UPDATE_DATE, VERSION, CODE, DESCRIPTION, NAME) VALUES (4160, '2019-08-13 20:42:17.980000', '2019-08-23 21:05:42.835000', 1, 'ACT-db2ba9bd-d1c8-4eb3-9dc3-5de1e578c142', 'Test12', 'Test12');
INSERT INTO PUBLIC.ADDRESS (CITY, STATE, STREET, ZIP, ID) VALUES ('Charlotte', 'NC', '13812 Daltrey Lane', '28277', 2905);
INSERT INTO PUBLIC.BOT (ID, CREATION_DATE, LAST_UPDATE_DATE, VERSION, DESCRIPTION, DISPLAY_NAME, NAME, TYPE, CATEGORY_ID, OWNER_ACCOUNT_ID, STATUS_ID) VALUES (196, '2019-01-31 20:33:07.226000', '2019-08-21 20:23:30.805000', 34, 'Event-Bot2', 'EventMgmt-Bot', 'EventMgmt-Bot', 'chat_bot', 4, 2903, 190);
INSERT INTO PUBLIC.BOT (ID, CREATION_DATE, LAST_UPDATE_DATE, VERSION, DESCRIPTION, DISPLAY_NAME, NAME, TYPE, CATEGORY_ID, OWNER_ACCOUNT_ID, STATUS_ID) VALUES (197, '2019-01-31 20:33:28.947000', '2019-01-31 20:33:28.947000', 1, 'Dental-Bot', 'Dental-Bot', 'Dental-Bot', 'chat_bot', 3, 10, 190);
INSERT INTO PUBLIC.BOT (ID, CREATION_DATE, LAST_UPDATE_DATE, VERSION, DESCRIPTION, DISPLAY_NAME, NAME, TYPE, CATEGORY_ID, OWNER_ACCOUNT_ID, STATUS_ID) VALUES (206, '2019-02-06 21:46:03.051000', '2019-02-06 21:46:03.051000', 1, 'Sales Bot', 'Sales Bot', 'Sales Bot', 'chat_bot', 1, 10, 190);
INSERT INTO PUBLIC.BOT (ID, CREATION_DATE, LAST_UPDATE_DATE, VERSION, DESCRIPTION, DISPLAY_NAME, NAME, TYPE, CATEGORY_ID, OWNER_ACCOUNT_ID, STATUS_ID) VALUES (4003, '2019-05-03 09:33:52.453000', '2019-07-20 22:03:26.161000', 29, 'Bot-EventManagement', 'Bot-EventManagement', 'Bot-EventManagement', 'chat_bot', 4, 2903, 191);
INSERT INTO PUBLIC.BOT_LANGUAGE (BOT_ID, LANGUAGE_ID) VALUES (196, 185);
INSERT INTO PUBLIC.BOT_LANGUAGE (BOT_ID, LANGUAGE_ID) VALUES (197, 185);
INSERT INTO PUBLIC.BOT_LANGUAGE (BOT_ID, LANGUAGE_ID) VALUES (206, 185);
INSERT INTO PUBLIC.BOT_LANGUAGE (BOT_ID, LANGUAGE_ID) VALUES (4003, 185);
INSERT INTO PUBLIC.BOT_LAUNCHINFO (BOT_ID, LAUNCH_INFO_ID) VALUES (196, 4119);
INSERT INTO PUBLIC.BOT_LAUNCHINFO (BOT_ID, LAUNCH_INFO_ID) VALUES (4003, 4120);
INSERT INTO PUBLIC.CATEGORY (ID, CREATION_DATE, LAST_UPDATE_DATE, VERSION, CODE, DESCRIPTION, NAME, OWNER_ACCOUNT_ID) VALUES (1, '2019-01-28 11:35:17.101000', '2019-08-22 20:06:28.793000', 1, 'SALES_APP', 'Sales Application', 'Sales App', 10);
INSERT INTO PUBLIC.CATEGORY (ID, CREATION_DATE, LAST_UPDATE_DATE, VERSION, CODE, DESCRIPTION, NAME, OWNER_ACCOUNT_ID) VALUES (2, '2019-01-28 11:35:58.485000', '2019-01-28 11:35:58.485000', 1, 'MED_BOT', 'Medical Practise Bot', 'Medical Practise Bot', 10);
INSERT INTO PUBLIC.CATEGORY (ID, CREATION_DATE, LAST_UPDATE_DATE, VERSION, CODE, DESCRIPTION, NAME, OWNER_ACCOUNT_ID) VALUES (3, '2019-01-28 11:36:39.049000', '2019-01-28 11:36:39.049000', 1, 'DENTAL_PRACTISE_BOT', 'Dental Practise Bot', 'Dental Practise Bot', 10);
INSERT INTO PUBLIC.CATEGORY (ID, CREATION_DATE, LAST_UPDATE_DATE, VERSION, CODE, DESCRIPTION, NAME, OWNER_ACCOUNT_ID) VALUES (4, '2019-01-28 11:37:55.423000', '2019-07-31 19:17:49.509000', 1, 'EVENT_BOT', 'Event Management Bot', 'Event Management Bot', 10);
INSERT INTO PUBLIC.CATEGORY (ID, CREATION_DATE, LAST_UPDATE_DATE, VERSION, CODE, DESCRIPTION, NAME, OWNER_ACCOUNT_ID) VALUES (4121, '2019-07-31 19:28:24.229000', '2019-07-31 19:28:24.229000', 1, 'PERSON_BOT', 'Personal Bot that can be trained to answer questions about you This is useful for personal websites linkedIn profiles etc', 'PersonalBot', 10);
INSERT INTO PUBLIC.CATEGORY (ID, CREATION_DATE, LAST_UPDATE_DATE, VERSION, CODE, DESCRIPTION, NAME, OWNER_ACCOUNT_ID) VALUES (4122, '2019-07-31 19:29:46.948000', '2019-07-31 19:29:46.948000', 1, 'BK_SHOP_APP', 'This is Bhushans online shopping bot category', 'BK Shop App', 2903);
INSERT INTO PUBLIC.CATEGORY (ID, CREATION_DATE, LAST_UPDATE_DATE, VERSION, CODE, DESCRIPTION, NAME, OWNER_ACCOUNT_ID) VALUES (4149, '2019-08-12 20:26:06.541000', '2019-08-23 20:10:41.319000', 1, 'CAT-74ecc7a9-c7d8-4c88-a85b-4557c72d1d40', 'Program Bot', 'Program Bot', 10);
INSERT INTO PUBLIC.CATEGORY (ID, CREATION_DATE, LAST_UPDATE_DATE, VERSION, CODE, DESCRIPTION, NAME, OWNER_ACCOUNT_ID) VALUES (4168, '2019-08-21 21:40:03.431000', '2019-08-23 20:50:07.499000', 1, 'CAT-dfdbd904-97a5-4cdb-9735-1ec16cdf6f32', 'Food bot edited', 'Food-Bot', 10);
INSERT INTO PUBLIC.CHAT_BOT (ID) VALUES (196);
INSERT INTO PUBLIC.CHAT_BOT (ID) VALUES (197);
INSERT INTO PUBLIC.CHAT_BOT (ID) VALUES (206);
INSERT INTO PUBLIC.CHAT_BOT (ID) VALUES (4003);
INSERT INTO PUBLIC.CONTACT_MODE (ID, CREATION_DATE, LAST_UPDATE_DATE, VERSION, TYPE) VALUES (2902, '2019-03-23 11:35:01.721000', '2019-03-23 11:35:01.721000', 1, 'STREET_ADDRESS');
INSERT INTO PUBLIC.CONTACT_MODE (ID, CREATION_DATE, LAST_UPDATE_DATE, VERSION, TYPE) VALUES (2905, '2019-03-23 11:51:29.257000', '2019-03-23 11:51:29.257000', 1, 'STREET_ADDRESS');
INSERT INTO PUBLIC.INTENT (ID, CREATION_DATE, LAST_UPDATE_DATE, VERSION, INTENT, INTENT_TYPE, CATEGORY_ID, OWNER_ACCOUNT_ID, MAY_BE_INTENT) VALUES (3529, '2019-03-23 14:02:17.431000', '2019-03-23 16:30:05.633000', 1, 'Hi', 'PREDEFINED', 4, 10, 4124);
INSERT INTO PUBLIC.INTENT (ID, CREATION_DATE, LAST_UPDATE_DATE, VERSION, INTENT, INTENT_TYPE, CATEGORY_ID, OWNER_ACCOUNT_ID, MAY_BE_INTENT) VALUES (3539, '2019-03-23 14:02:17.464000', '2019-03-23 14:04:39.025000', 1, 'Help', 'PREDEFINED', 4, 10, 4124);
INSERT INTO PUBLIC.INTENT (ID, CREATION_DATE, LAST_UPDATE_DATE, VERSION, INTENT, INTENT_TYPE, CATEGORY_ID, OWNER_ACCOUNT_ID, MAY_BE_INTENT) VALUES (3544, '2019-03-23 14:02:17.497000', '2019-08-14 20:02:14.307000', 1, 'PerformEventDeleteOne', 'PREDEFINED', 4, 10, 4124);
INSERT INTO PUBLIC.INTENT (ID, CREATION_DATE, LAST_UPDATE_DATE, VERSION, INTENT, INTENT_TYPE, CATEGORY_ID, OWNER_ACCOUNT_ID, MAY_BE_INTENT) VALUES (3547, '2019-03-23 14:02:17.515000', '2019-03-23 14:02:17.515000', 1, 'HaveLogInIssues', 'PREDEFINED', 4, 10, 4124);
INSERT INTO PUBLIC.INTENT (ID, CREATION_DATE, LAST_UPDATE_DATE, VERSION, INTENT, INTENT_TYPE, CATEGORY_ID, OWNER_ACCOUNT_ID, MAY_BE_INTENT) VALUES (3577, '2019-03-23 14:02:17.528000', '2019-03-23 14:02:17.528000', 1, 'ThankYou', 'PREDEFINED', 4, 10, 4124);
INSERT INTO PUBLIC.INTENT (ID, CREATION_DATE, LAST_UPDATE_DATE, VERSION, INTENT, INTENT_TYPE, CATEGORY_ID, OWNER_ACCOUNT_ID, MAY_BE_INTENT) VALUES (3583, '2019-03-23 14:02:17.530000', '2019-03-23 14:02:17.530000', 1, 'EventDeleted', 'PREDEFINED', 4, 10, 4124);
INSERT INTO PUBLIC.INTENT (ID, CREATION_DATE, LAST_UPDATE_DATE, VERSION, INTENT, INTENT_TYPE, CATEGORY_ID, OWNER_ACCOUNT_ID, MAY_BE_INTENT) VALUES (3586, '2019-03-23 14:02:17.531000', '2019-03-23 14:02:17.531000', 1, 'SearchEvents', 'PREDEFINED', 4, 10, 4124);
INSERT INTO PUBLIC.INTENT (ID, CREATION_DATE, LAST_UPDATE_DATE, VERSION, INTENT, INTENT_TYPE, CATEGORY_ID, OWNER_ACCOUNT_ID, MAY_BE_INTENT) VALUES (3621, '2019-03-23 14:02:17.558000', '2019-03-23 14:02:17.559000', 1, 'SearchEventsNear', 'PREDEFINED', 4, 10, 4124);
INSERT INTO PUBLIC.INTENT (ID, CREATION_DATE, LAST_UPDATE_DATE, VERSION, INTENT, INTENT_TYPE, CATEGORY_ID, OWNER_ACCOUNT_ID, MAY_BE_INTENT) VALUES (3687, '2019-03-23 14:02:17.586000', '2019-03-23 14:02:17.586000', 1, 'AddRoles', 'PREDEFINED', 4, 10, 4124);
INSERT INTO PUBLIC.INTENT (ID, CREATION_DATE, LAST_UPDATE_DATE, VERSION, INTENT, INTENT_TYPE, CATEGORY_ID, OWNER_ACCOUNT_ID, MAY_BE_INTENT) VALUES (3693, '2019-03-23 14:02:17.592000', '2019-03-23 14:02:17.592000', 1, 'HowCanIHelp', 'PREDEFINED', 4, 10, 4124);
INSERT INTO PUBLIC.INTENT (ID, CREATION_DATE, LAST_UPDATE_DATE, VERSION, INTENT, INTENT_TYPE, CATEGORY_ID, OWNER_ACCOUNT_ID, MAY_BE_INTENT) VALUES (3698, '2019-03-23 14:02:17.594000', '2019-03-23 14:02:17.594000', 1, 'CancelEventDelete', 'PREDEFINED', 4, 10, 4124);
INSERT INTO PUBLIC.INTENT (ID, CREATION_DATE, LAST_UPDATE_DATE, VERSION, INTENT, INTENT_TYPE, CATEGORY_ID, OWNER_ACCOUNT_ID, MAY_BE_INTENT) VALUES (3701, '2019-03-23 14:02:17.595000', '2019-03-23 14:02:17.595000', 1, 'DeleteEventYesNo', 'PREDEFINED', 4, 10, 4124);
INSERT INTO PUBLIC.INTENT (ID, CREATION_DATE, LAST_UPDATE_DATE, VERSION, INTENT, INTENT_TYPE, CATEGORY_ID, OWNER_ACCOUNT_ID, MAY_BE_INTENT) VALUES (3705, '2019-03-23 14:02:17.596000', '2019-03-23 14:02:17.596000', 1, 'SearchRoles', 'PREDEFINED', 4, 10, 4124);
INSERT INTO PUBLIC.INTENT (ID, CREATION_DATE, LAST_UPDATE_DATE, VERSION, INTENT, INTENT_TYPE, CATEGORY_ID, OWNER_ACCOUNT_ID, MAY_BE_INTENT) VALUES (3735, '2019-03-23 14:02:45.251000', '2019-06-15 07:46:56.009000', 1, 'Hi', 'CUSTOM', 4, 2903, 4111);
INSERT INTO PUBLIC.INTENT (ID, CREATION_DATE, LAST_UPDATE_DATE, VERSION, INTENT, INTENT_TYPE, CATEGORY_ID, OWNER_ACCOUNT_ID, MAY_BE_INTENT) VALUES (3745, '2019-03-23 14:02:45.253000', '2019-06-15 07:50:13.058000', 1, 'Help', 'CUSTOM', 4, 2903, 4110);
INSERT INTO PUBLIC.INTENT (ID, CREATION_DATE, LAST_UPDATE_DATE, VERSION, INTENT, INTENT_TYPE, CATEGORY_ID, OWNER_ACCOUNT_ID, MAY_BE_INTENT) VALUES (3750, '2019-03-23 14:02:45.254000', '2019-08-14 20:04:43.748000', 1, 'PerformEventDelete', 'CUSTOM', 4, 2903, 4112);
INSERT INTO PUBLIC.INTENT (ID, CREATION_DATE, LAST_UPDATE_DATE, VERSION, INTENT, INTENT_TYPE, CATEGORY_ID, OWNER_ACCOUNT_ID, MAY_BE_INTENT) VALUES (3753, '2019-03-23 14:02:45.254000', '2019-06-12 17:02:46.574000', 1, 'HaveLogInIssues', 'CUSTOM', 4, 2903, 3946);
INSERT INTO PUBLIC.INTENT (ID, CREATION_DATE, LAST_UPDATE_DATE, VERSION, INTENT, INTENT_TYPE, CATEGORY_ID, OWNER_ACCOUNT_ID, MAY_BE_INTENT) VALUES (3783, '2019-03-23 14:02:45.258000', '2019-03-23 14:02:45.258000', 1, 'ThankYou', 'CUSTOM', 4, 2903, 4113);
INSERT INTO PUBLIC.INTENT (ID, CREATION_DATE, LAST_UPDATE_DATE, VERSION, INTENT, INTENT_TYPE, CATEGORY_ID, OWNER_ACCOUNT_ID, MAY_BE_INTENT) VALUES (3789, '2019-03-23 14:02:45.259000', '2019-06-15 07:44:05.885000', 1, 'EventDeleted', 'CUSTOM', 4, 2903, 4114);
INSERT INTO PUBLIC.INTENT (ID, CREATION_DATE, LAST_UPDATE_DATE, VERSION, INTENT, INTENT_TYPE, CATEGORY_ID, OWNER_ACCOUNT_ID, MAY_BE_INTENT) VALUES (3792, '2019-03-23 14:02:45.260000', '2019-05-30 21:01:18.767000', 1, 'SearchEvents', 'CUSTOM', 4, 2903, 4115);
INSERT INTO PUBLIC.INTENT (ID, CREATION_DATE, LAST_UPDATE_DATE, VERSION, INTENT, INTENT_TYPE, CATEGORY_ID, OWNER_ACCOUNT_ID, MAY_BE_INTENT) VALUES (3827, '2019-03-23 14:02:45.265000', '2019-05-30 20:23:51.884000', 1, 'SearchEventsNear', 'CUSTOM', 4, 2903, 4116);
INSERT INTO PUBLIC.INTENT (ID, CREATION_DATE, LAST_UPDATE_DATE, VERSION, INTENT, INTENT_TYPE, CATEGORY_ID, OWNER_ACCOUNT_ID, MAY_BE_INTENT) VALUES (3893, '2019-03-23 14:02:45.280000', '2019-03-23 14:02:45.280000', 1, 'AddRoles', 'CUSTOM', 4, 2903, 4117);
INSERT INTO PUBLIC.INTENT (ID, CREATION_DATE, LAST_UPDATE_DATE, VERSION, INTENT, INTENT_TYPE, CATEGORY_ID, OWNER_ACCOUNT_ID, MAY_BE_INTENT) VALUES (3899, '2019-03-23 14:02:45.281000', '2019-03-23 14:02:45.281000', 1, 'HowCanIHelp', 'CUSTOM', 4, 2903, 4118);
INSERT INTO PUBLIC.INTENT (ID, CREATION_DATE, LAST_UPDATE_DATE, VERSION, INTENT, INTENT_TYPE, CATEGORY_ID, OWNER_ACCOUNT_ID, MAY_BE_INTENT) VALUES (3904, '2019-03-23 14:02:45.282000', '2019-03-23 14:02:45.282000', 1, 'CancelEventDelete', 'CUSTOM', 4, 2903, 4119);
INSERT INTO PUBLIC.INTENT (ID, CREATION_DATE, LAST_UPDATE_DATE, VERSION, INTENT, INTENT_TYPE, CATEGORY_ID, OWNER_ACCOUNT_ID, MAY_BE_INTENT) VALUES (3907, '2019-03-23 14:02:45.283000', '2019-03-23 14:02:45.283000', 1, 'DeleteEventYesNo', 'CUSTOM', 4, 2903, 4120);
INSERT INTO PUBLIC.INTENT (ID, CREATION_DATE, LAST_UPDATE_DATE, VERSION, INTENT, INTENT_TYPE, CATEGORY_ID, OWNER_ACCOUNT_ID, MAY_BE_INTENT) VALUES (3911, '2019-03-23 14:02:45.283000', '2019-03-23 14:02:45.283000', 1, 'SearchRoles', 'CUSTOM', 4, 2903, 4121);
INSERT INTO PUBLIC.INTENT (ID, CREATION_DATE, LAST_UPDATE_DATE, VERSION, INTENT, INTENT_TYPE, CATEGORY_ID, OWNER_ACCOUNT_ID, MAY_BE_INTENT) VALUES (3943, '2019-03-28 13:06:51.522000', '2019-08-14 20:06:53.034000', 1, 'DoNotUnderstandIntent', 'CUSTOM', 4, 2903, 4122);
INSERT INTO PUBLIC.INTENT (ID, CREATION_DATE, LAST_UPDATE_DATE, VERSION, INTENT, INTENT_TYPE, CATEGORY_ID, OWNER_ACCOUNT_ID, MAY_BE_INTENT) VALUES (3946, '2019-03-28 20:46:37.770000', '2019-06-12 17:02:46.570000', 1, 'MaybeHaveLogInIssues', 'MAYBE', 4, 2903, null);
INSERT INTO PUBLIC.INTENT (ID, CREATION_DATE, LAST_UPDATE_DATE, VERSION, INTENT, INTENT_TYPE, CATEGORY_ID, OWNER_ACCOUNT_ID, MAY_BE_INTENT) VALUES (4073, '2019-05-31 22:19:06.752000', '2019-06-04 20:53:11.952000', 1, 'Initiate', 'CUSTOM', 4, 2903, 4123);
INSERT INTO PUBLIC.INTENT (ID, CREATION_DATE, LAST_UPDATE_DATE, VERSION, INTENT, INTENT_TYPE, CATEGORY_ID, OWNER_ACCOUNT_ID, MAY_BE_INTENT) VALUES (4080, '2019-06-04 21:06:34.420000', '2019-06-11 12:18:53.558000', 1, 'BuyTicket', 'CUSTOM', 4, 2903, 4099);
INSERT INTO PUBLIC.INTENT (ID, CREATION_DATE, LAST_UPDATE_DATE, VERSION, INTENT, INTENT_TYPE, CATEGORY_ID, OWNER_ACCOUNT_ID, MAY_BE_INTENT) VALUES (4099, '2019-06-04 21:25:02.307000', '2019-06-11 12:18:53.557000', 1, 'MaybeBuyTicket', 'MAYBE', 4, 2903, null);
INSERT INTO PUBLIC.INTENT (ID, CREATION_DATE, LAST_UPDATE_DATE, VERSION, INTENT, INTENT_TYPE, CATEGORY_ID, OWNER_ACCOUNT_ID, MAY_BE_INTENT) VALUES (4108, '2019-06-12 05:53:40.690000', '2019-06-12 05:53:40.690000', 1, 'TestIntent', 'CUSTOM', 4, 2903, 4109);
INSERT INTO PUBLIC.INTENT (ID, CREATION_DATE, LAST_UPDATE_DATE, VERSION, INTENT, INTENT_TYPE, CATEGORY_ID, OWNER_ACCOUNT_ID, MAY_BE_INTENT) VALUES (4109, '2019-06-12 05:53:40.692000', '2019-06-12 05:53:40.692000', 1, 'MaybeTestIntent', 'MAYBE', 4, 2903, null);
INSERT INTO PUBLIC.INTENT (ID, CREATION_DATE, LAST_UPDATE_DATE, VERSION, INTENT, INTENT_TYPE, CATEGORY_ID, OWNER_ACCOUNT_ID, MAY_BE_INTENT) VALUES (4110, '2019-03-23 14:02:17.464000', '2019-06-15 07:50:13.056000', 1, 'MaybeHelp', 'MAYBE', 4, 10, null);
INSERT INTO PUBLIC.INTENT (ID, CREATION_DATE, LAST_UPDATE_DATE, VERSION, INTENT, INTENT_TYPE, CATEGORY_ID, OWNER_ACCOUNT_ID, MAY_BE_INTENT) VALUES (4111, '2019-03-23 14:02:45.251000', '2019-06-15 07:46:56.009000', 1, 'MaybeHi', 'MAYBE', 4, 2903, null);
INSERT INTO PUBLIC.INTENT (ID, CREATION_DATE, LAST_UPDATE_DATE, VERSION, INTENT, INTENT_TYPE, CATEGORY_ID, OWNER_ACCOUNT_ID, MAY_BE_INTENT) VALUES (4112, '2019-03-23 14:02:45.254000', '2019-08-14 20:04:43.748000', 1, 'MaybePerformEventDelete', 'MAYBE', 4, 2903, null);
INSERT INTO PUBLIC.INTENT (ID, CREATION_DATE, LAST_UPDATE_DATE, VERSION, INTENT, INTENT_TYPE, CATEGORY_ID, OWNER_ACCOUNT_ID, MAY_BE_INTENT) VALUES (4113, '2019-03-23 14:02:45.258000', '2019-03-23 14:02:45.258000', 1, 'MaybeThankYou', 'MAYBE', 4, 2903, null);
INSERT INTO PUBLIC.INTENT (ID, CREATION_DATE, LAST_UPDATE_DATE, VERSION, INTENT, INTENT_TYPE, CATEGORY_ID, OWNER_ACCOUNT_ID, MAY_BE_INTENT) VALUES (4114, '2019-03-23 14:02:45.259000', '2019-06-15 07:44:05.882000', 1, 'MaybeEventDeleted', 'MAYBE', 4, 2903, null);
INSERT INTO PUBLIC.INTENT (ID, CREATION_DATE, LAST_UPDATE_DATE, VERSION, INTENT, INTENT_TYPE, CATEGORY_ID, OWNER_ACCOUNT_ID, MAY_BE_INTENT) VALUES (4115, '2019-03-23 14:02:45.260000', '2019-05-30 21:01:18.767000', 1, 'MaybeSearchEvents', 'MAYBE', 4, 2903, null);
INSERT INTO PUBLIC.INTENT (ID, CREATION_DATE, LAST_UPDATE_DATE, VERSION, INTENT, INTENT_TYPE, CATEGORY_ID, OWNER_ACCOUNT_ID, MAY_BE_INTENT) VALUES (4116, '2019-03-23 14:02:45.265000', '2019-05-30 20:23:51.884000', 1, 'MaybeSearchEventsNear', 'MAYBE', 4, 2903, null);
INSERT INTO PUBLIC.INTENT (ID, CREATION_DATE, LAST_UPDATE_DATE, VERSION, INTENT, INTENT_TYPE, CATEGORY_ID, OWNER_ACCOUNT_ID, MAY_BE_INTENT) VALUES (4117, '2019-03-23 14:02:45.280000', '2019-03-23 14:02:45.280000', 1, 'MaybeAddRoles', 'MAYBE', 4, 2903, null);
INSERT INTO PUBLIC.INTENT (ID, CREATION_DATE, LAST_UPDATE_DATE, VERSION, INTENT, INTENT_TYPE, CATEGORY_ID, OWNER_ACCOUNT_ID, MAY_BE_INTENT) VALUES (4118, '2019-03-23 14:02:45.281000', '2019-03-23 14:02:45.281000', 1, 'MaybeHowCanIHelp', 'MAYBE', 4, 2903, null);
INSERT INTO PUBLIC.INTENT (ID, CREATION_DATE, LAST_UPDATE_DATE, VERSION, INTENT, INTENT_TYPE, CATEGORY_ID, OWNER_ACCOUNT_ID, MAY_BE_INTENT) VALUES (4119, '2019-03-23 14:02:45.282000', '2019-03-23 14:02:45.282000', 1, 'MaybeCancelEventDelete', 'MAYBE', 4, 2903, null);
INSERT INTO PUBLIC.INTENT (ID, CREATION_DATE, LAST_UPDATE_DATE, VERSION, INTENT, INTENT_TYPE, CATEGORY_ID, OWNER_ACCOUNT_ID, MAY_BE_INTENT) VALUES (4120, '2019-03-23 14:02:45.283000', '2019-03-23 14:02:45.283000', 1, 'MaybeDeleteEventYesNo', 'MAYBE', 4, 2903, null);
INSERT INTO PUBLIC.INTENT (ID, CREATION_DATE, LAST_UPDATE_DATE, VERSION, INTENT, INTENT_TYPE, CATEGORY_ID, OWNER_ACCOUNT_ID, MAY_BE_INTENT) VALUES (4121, '2019-03-23 14:02:45.283000', '2019-03-23 14:02:45.283000', 1, 'MaybeSearchRoles', 'MAYBE', 4, 2903, null);
INSERT INTO PUBLIC.INTENT (ID, CREATION_DATE, LAST_UPDATE_DATE, VERSION, INTENT, INTENT_TYPE, CATEGORY_ID, OWNER_ACCOUNT_ID, MAY_BE_INTENT) VALUES (4122, '2019-03-28 13:06:51.522000', '2019-08-14 20:06:53.034000', 1, 'MaybeDoNotUnderstandIntent', 'MAYBE', 4, 2903, null);
INSERT INTO PUBLIC.INTENT (ID, CREATION_DATE, LAST_UPDATE_DATE, VERSION, INTENT, INTENT_TYPE, CATEGORY_ID, OWNER_ACCOUNT_ID, MAY_BE_INTENT) VALUES (4123, '2019-05-31 22:19:06.752000', '2019-06-04 20:53:11.952000', 1, 'MaybeInitiate', 'MAYBE', 4, 2903, null);
INSERT INTO PUBLIC.INTENT (ID, CREATION_DATE, LAST_UPDATE_DATE, VERSION, INTENT, INTENT_TYPE, CATEGORY_ID, OWNER_ACCOUNT_ID, MAY_BE_INTENT) VALUES (4124, '2019-03-23 14:02:17.596000', '2019-08-14 20:02:14.307000', 1, 'MaybePredefined', 'MAYBE', 4, 10, null);
INSERT INTO PUBLIC.INTENT_RESPONSE (ID, CREATION_DATE, LAST_UPDATE_DATE, VERSION, LOCALE, RESPONSE, RESPONSE_TYPE, OWNER_INTENT_ID) VALUES (3530, '2019-03-23 14:02:17.458000', '2019-03-23 16:30:05.633000', 1, 'en', 'hello', 'STATIC', 3529);
INSERT INTO PUBLIC.INTENT_RESPONSE (ID, CREATION_DATE, LAST_UPDATE_DATE, VERSION, LOCALE, RESPONSE, RESPONSE_TYPE, OWNER_INTENT_ID) VALUES (3540, '2019-03-23 14:02:17.465000', '2019-03-23 14:04:39.025000', 1, 'en', 'help', 'STATIC', 3539);
INSERT INTO PUBLIC.INTENT_RESPONSE (ID, CREATION_DATE, LAST_UPDATE_DATE, VERSION, LOCALE, RESPONSE, RESPONSE_TYPE, OWNER_INTENT_ID) VALUES (3545, '2019-03-23 14:02:17.502000', '2019-08-14 20:02:14.308000', 1, 'en', 'perform event delete', 'STATIC', 3544);
INSERT INTO PUBLIC.INTENT_RESPONSE (ID, CREATION_DATE, LAST_UPDATE_DATE, VERSION, LOCALE, RESPONSE, RESPONSE_TYPE, OWNER_INTENT_ID) VALUES (3548, '2019-03-23 14:02:17.515000', '2019-03-23 14:02:17.515000', 1, 'en', 'have log in issues', 'STATIC', 3547);
INSERT INTO PUBLIC.INTENT_RESPONSE (ID, CREATION_DATE, LAST_UPDATE_DATE, VERSION, LOCALE, RESPONSE, RESPONSE_TYPE, OWNER_INTENT_ID) VALUES (3578, '2019-03-23 14:02:17.529000', '2019-03-23 14:02:17.529000', 1, 'en', 'thanks', 'STATIC', 3577);
INSERT INTO PUBLIC.INTENT_RESPONSE (ID, CREATION_DATE, LAST_UPDATE_DATE, VERSION, LOCALE, RESPONSE, RESPONSE_TYPE, OWNER_INTENT_ID) VALUES (3584, '2019-03-23 14:02:17.530000', '2019-03-23 14:02:17.530000', 1, 'en', 'event delete complete', 'STATIC', 3583);
INSERT INTO PUBLIC.INTENT_RESPONSE (ID, CREATION_DATE, LAST_UPDATE_DATE, VERSION, LOCALE, RESPONSE, RESPONSE_TYPE, OWNER_INTENT_ID) VALUES (3587, '2019-03-23 14:02:17.532000', '2019-03-23 14:02:17.532000', 1, 'en', 'search for events', 'STATIC', 3586);
INSERT INTO PUBLIC.INTENT_RESPONSE (ID, CREATION_DATE, LAST_UPDATE_DATE, VERSION, LOCALE, RESPONSE, RESPONSE_TYPE, OWNER_INTENT_ID) VALUES (3622, '2019-03-23 14:02:17.560000', '2019-03-23 14:02:17.560000', 1, 'en', 'search for events near', 'STATIC', 3621);
INSERT INTO PUBLIC.INTENT_RESPONSE (ID, CREATION_DATE, LAST_UPDATE_DATE, VERSION, LOCALE, RESPONSE, RESPONSE_TYPE, OWNER_INTENT_ID) VALUES (3688, '2019-03-23 14:02:17.586000', '2019-03-23 14:02:17.586000', 1, 'en', 'roles created', 'STATIC', 3687);
INSERT INTO PUBLIC.INTENT_RESPONSE (ID, CREATION_DATE, LAST_UPDATE_DATE, VERSION, LOCALE, RESPONSE, RESPONSE_TYPE, OWNER_INTENT_ID) VALUES (3694, '2019-03-23 14:02:17.592000', '2019-03-23 14:02:17.592000', 1, 'en', 'good and you', 'STATIC', 3693);
INSERT INTO PUBLIC.INTENT_RESPONSE (ID, CREATION_DATE, LAST_UPDATE_DATE, VERSION, LOCALE, RESPONSE, RESPONSE_TYPE, OWNER_INTENT_ID) VALUES (3699, '2019-03-23 14:02:17.594000', '2019-03-23 14:02:17.594000', 1, 'en', 'cancel delete event', 'STATIC', 3698);
INSERT INTO PUBLIC.INTENT_RESPONSE (ID, CREATION_DATE, LAST_UPDATE_DATE, VERSION, LOCALE, RESPONSE, RESPONSE_TYPE, OWNER_INTENT_ID) VALUES (3702, '2019-03-23 14:02:17.595000', '2019-03-23 14:02:17.595000', 1, 'en', 'delete event', 'STATIC', 3701);
INSERT INTO PUBLIC.INTENT_RESPONSE (ID, CREATION_DATE, LAST_UPDATE_DATE, VERSION, LOCALE, RESPONSE, RESPONSE_TYPE, OWNER_INTENT_ID) VALUES (3706, '2019-03-23 14:02:17.597000', '2019-03-23 14:02:17.597000', 1, 'en', 'search roles', 'STATIC', 3705);
INSERT INTO PUBLIC.INTENT_RESPONSE (ID, CREATION_DATE, LAST_UPDATE_DATE, VERSION, LOCALE, RESPONSE, RESPONSE_TYPE, OWNER_INTENT_ID) VALUES (3736, '2019-03-23 14:02:45.252000', '2019-06-15 07:46:56.010000', 1, 'en', 'hello', 'STATIC', 3735);
INSERT INTO PUBLIC.INTENT_RESPONSE (ID, CREATION_DATE, LAST_UPDATE_DATE, VERSION, LOCALE, RESPONSE, RESPONSE_TYPE, OWNER_INTENT_ID) VALUES (3746, '2019-03-23 14:02:45.253000', '2019-06-15 07:50:13.059000', 1, 'en', 'help', 'STATIC', 3745);
INSERT INTO PUBLIC.INTENT_RESPONSE (ID, CREATION_DATE, LAST_UPDATE_DATE, VERSION, LOCALE, RESPONSE, RESPONSE_TYPE, OWNER_INTENT_ID) VALUES (3751, '2019-03-23 14:02:45.254000', '2019-08-14 20:04:43.748000', 1, 'en', 'perform event delete', 'STATIC', 3750);
INSERT INTO PUBLIC.INTENT_RESPONSE (ID, CREATION_DATE, LAST_UPDATE_DATE, VERSION, LOCALE, RESPONSE, RESPONSE_TYPE, OWNER_INTENT_ID) VALUES (3754, '2019-03-23 14:02:45.255000', '2019-06-12 17:02:46.575000', 1, 'en', 'have log in issues', 'STATIC', 3753);
INSERT INTO PUBLIC.INTENT_RESPONSE (ID, CREATION_DATE, LAST_UPDATE_DATE, VERSION, LOCALE, RESPONSE, RESPONSE_TYPE, OWNER_INTENT_ID) VALUES (3784, '2019-03-23 14:02:45.258000', '2019-03-23 14:02:45.258000', 1, 'en', 'thanks', 'STATIC', 3783);
INSERT INTO PUBLIC.INTENT_RESPONSE (ID, CREATION_DATE, LAST_UPDATE_DATE, VERSION, LOCALE, RESPONSE, RESPONSE_TYPE, OWNER_INTENT_ID) VALUES (3790, '2019-03-23 14:02:45.260000', '2019-06-15 07:44:05.885000', 1, 'en', 'event delete complete', 'STATIC', 3789);
INSERT INTO PUBLIC.INTENT_RESPONSE (ID, CREATION_DATE, LAST_UPDATE_DATE, VERSION, LOCALE, RESPONSE, RESPONSE_TYPE, OWNER_INTENT_ID) VALUES (3793, '2019-03-23 14:02:45.260000', '2019-05-30 21:01:18.767000', 1, 'en', 'search for events result is <b>This is a test</b>
<div><input type=''button'' name=''test'' value=''Click me''/></div>', 'STATIC', 3792);
INSERT INTO PUBLIC.INTENT_RESPONSE (ID, CREATION_DATE, LAST_UPDATE_DATE, VERSION, LOCALE, RESPONSE, RESPONSE_TYPE, OWNER_INTENT_ID) VALUES (3828, '2019-03-23 14:02:45.265000', '2019-05-30 20:23:51.880000', 1, 'en', 'search for events near 2323', 'STATIC', 3827);
INSERT INTO PUBLIC.INTENT_RESPONSE (ID, CREATION_DATE, LAST_UPDATE_DATE, VERSION, LOCALE, RESPONSE, RESPONSE_TYPE, OWNER_INTENT_ID) VALUES (3894, '2019-03-23 14:02:45.280000', '2019-03-23 14:02:45.280000', 1, 'en', 'roles created', 'STATIC', 3893);
INSERT INTO PUBLIC.INTENT_RESPONSE (ID, CREATION_DATE, LAST_UPDATE_DATE, VERSION, LOCALE, RESPONSE, RESPONSE_TYPE, OWNER_INTENT_ID) VALUES (3900, '2019-03-23 14:02:45.281000', '2019-03-23 14:02:45.281000', 1, 'en', 'good and you', 'STATIC', 3899);
INSERT INTO PUBLIC.INTENT_RESPONSE (ID, CREATION_DATE, LAST_UPDATE_DATE, VERSION, LOCALE, RESPONSE, RESPONSE_TYPE, OWNER_INTENT_ID) VALUES (3905, '2019-03-23 14:02:45.282000', '2019-03-23 14:02:45.282000', 1, 'en', 'cancel delete event', 'STATIC', 3904);
INSERT INTO PUBLIC.INTENT_RESPONSE (ID, CREATION_DATE, LAST_UPDATE_DATE, VERSION, LOCALE, RESPONSE, RESPONSE_TYPE, OWNER_INTENT_ID) VALUES (3908, '2019-03-23 14:02:45.283000', '2019-03-23 14:02:45.283000', 1, 'en', 'delete event', 'STATIC', 3907);
INSERT INTO PUBLIC.INTENT_RESPONSE (ID, CREATION_DATE, LAST_UPDATE_DATE, VERSION, LOCALE, RESPONSE, RESPONSE_TYPE, OWNER_INTENT_ID) VALUES (3912, '2019-03-23 14:02:45.284000', '2019-03-23 14:02:45.284000', 1, 'en', 'search roles', 'STATIC', 3911);
INSERT INTO PUBLIC.INTENT_RESPONSE (ID, CREATION_DATE, LAST_UPDATE_DATE, VERSION, LOCALE, RESPONSE, RESPONSE_TYPE, OWNER_INTENT_ID) VALUES (3944, '2019-03-28 13:06:51.529000', '2019-08-14 20:06:53.034000', 1, 'en_US', 'Sorry, not sure what you said. I can help with the below and much more!|butt=Search events&res=search events|butt=Search events near me&res=Search events near me|butt=Search Roles&res=search role|butt=Cannot login&res=login issues', 'STATIC', 3943);
INSERT INTO PUBLIC.INTENT_RESPONSE (ID, CREATION_DATE, LAST_UPDATE_DATE, VERSION, LOCALE, RESPONSE, RESPONSE_TYPE, OWNER_INTENT_ID) VALUES (3947, '2019-03-28 20:46:37.771000', '2019-06-12 17:02:46.574000', 1, 'en', 'Are you not able to log in?|butt=Not able to log in&res=log in problems', 'MAYBE', 3946);
INSERT INTO PUBLIC.INTENT_RESPONSE (ID, CREATION_DATE, LAST_UPDATE_DATE, VERSION, LOCALE, RESPONSE, RESPONSE_TYPE, OWNER_INTENT_ID) VALUES (4074, '2019-05-31 22:19:06.766000', '2019-06-04 20:53:11.952000', 1, 'en', 'Hello22232323, I am EventBot! I can help with the below and much more!|butt=Search events&res=search events|butt=Search Roles&res=search roles|butt=Search events near me&res=search events near me|butt=Cannot login&res=login issues|butt=Buy Tickets&res=buy tickets', 'STATIC', 4073);
INSERT INTO PUBLIC.INTENT_RESPONSE (ID, CREATION_DATE, LAST_UPDATE_DATE, VERSION, LOCALE, RESPONSE, RESPONSE_TYPE, OWNER_INTENT_ID) VALUES (4100, '2019-06-04 21:25:02.307000', '2019-06-11 12:18:53.558000', 1, 'en', 'Do you want to 3344 buy tickets?|butt=Buy Tickets&res=buy tickets', 'MAYBE', 4099);
INSERT INTO PUBLIC.INTENT_RESPONSE (ID, CREATION_DATE, LAST_UPDATE_DATE, VERSION, LOCALE, RESPONSE, RESPONSE_TYPE, OWNER_INTENT_ID) VALUES (4102, '2019-06-05 21:37:46.782000', '2019-06-11 12:18:53.559000', 1, 'en', 'Sure you can buy tickets', 'STATIC', 4080);
INSERT INTO PUBLIC.INTENT_RESPONSE (ID, CREATION_DATE, LAST_UPDATE_DATE, VERSION, LOCALE, RESPONSE, RESPONSE_TYPE, OWNER_INTENT_ID) VALUES (4110, '2019-06-12 05:53:40.694000', '2019-06-12 05:53:40.694000', 1, 'en', 'MayBeTestIntent response', 'STATIC', 4109);
INSERT INTO PUBLIC.INTENT_RESPONSE (ID, CREATION_DATE, LAST_UPDATE_DATE, VERSION, LOCALE, RESPONSE, RESPONSE_TYPE, OWNER_INTENT_ID) VALUES (4111, '2019-06-12 05:53:40.695000', '2019-06-12 05:53:40.695000', 1, 'en', 'This is a test', 'MAYBE', 4108);
INSERT INTO PUBLIC.INTENT_RESPONSE (ID, CREATION_DATE, LAST_UPDATE_DATE, VERSION, LOCALE, RESPONSE, RESPONSE_TYPE, OWNER_INTENT_ID) VALUES (4112, '2019-06-12 05:53:40.695000', '2019-06-15 07:46:56.009000', 1, 'en', 'Are you saying hi??', 'MAYBE', 4111);
INSERT INTO PUBLIC.INTENT_RESPONSE (ID, CREATION_DATE, LAST_UPDATE_DATE, VERSION, LOCALE, RESPONSE, RESPONSE_TYPE, OWNER_INTENT_ID) VALUES (4113, '2019-06-12 05:53:40.695000', '2019-06-15 07:50:13.058000', 1, 'en', 'Are you asking for help??', 'MAYBE', 4110);
INSERT INTO PUBLIC.INTENT_RESPONSE (ID, CREATION_DATE, LAST_UPDATE_DATE, VERSION, LOCALE, RESPONSE, RESPONSE_TYPE, OWNER_INTENT_ID) VALUES (4114, '2019-06-12 05:53:40.695000', '2019-08-14 20:04:43.748000', 1, 'en', 'Are you trying to delete event??', 'MAYBE', 4112);
INSERT INTO PUBLIC.INTENT_RESPONSE (ID, CREATION_DATE, LAST_UPDATE_DATE, VERSION, LOCALE, RESPONSE, RESPONSE_TYPE, OWNER_INTENT_ID) VALUES (4115, '2019-06-12 05:53:40.695000', '2019-06-12 05:53:40.695000', 1, 'en', 'You are welcome!!', 'MAYBE', 4113);
INSERT INTO PUBLIC.INTENT_RESPONSE (ID, CREATION_DATE, LAST_UPDATE_DATE, VERSION, LOCALE, RESPONSE, RESPONSE_TYPE, OWNER_INTENT_ID) VALUES (4116, '2019-06-12 05:53:40.695000', '2019-06-15 07:44:05.885000', 1, 'en', 'Are you trying to delete event??', 'MAYBE', 4114);
INSERT INTO PUBLIC.INTENT_RESPONSE (ID, CREATION_DATE, LAST_UPDATE_DATE, VERSION, LOCALE, RESPONSE, RESPONSE_TYPE, OWNER_INTENT_ID) VALUES (4117, '2019-06-12 05:53:40.695000', '2019-06-12 05:53:40.695000', 1, 'en', 'Are you trying to search events??', 'MAYBE', 4115);
INSERT INTO PUBLIC.INTENT_RESPONSE (ID, CREATION_DATE, LAST_UPDATE_DATE, VERSION, LOCALE, RESPONSE, RESPONSE_TYPE, OWNER_INTENT_ID) VALUES (4118, '2019-06-12 05:53:40.695000', '2019-06-12 05:53:40.695000', 1, 'en', 'Are you trying to search events near your location??', 'MAYBE', 4116);
INSERT INTO PUBLIC.INTENT_RESPONSE (ID, CREATION_DATE, LAST_UPDATE_DATE, VERSION, LOCALE, RESPONSE, RESPONSE_TYPE, OWNER_INTENT_ID) VALUES (4119, '2019-06-12 05:53:40.695000', '2019-06-12 05:53:40.695000', 1, 'en', 'Are you trying to add roles??', 'MAYBE', 4117);
INSERT INTO PUBLIC.INTENT_RESPONSE (ID, CREATION_DATE, LAST_UPDATE_DATE, VERSION, LOCALE, RESPONSE, RESPONSE_TYPE, OWNER_INTENT_ID) VALUES (4120, '2019-06-12 05:53:40.695000', '2019-06-12 05:53:40.695000', 1, 'en', 'Are you looking for help??', 'MAYBE', 4118);
INSERT INTO PUBLIC.INTENT_RESPONSE (ID, CREATION_DATE, LAST_UPDATE_DATE, VERSION, LOCALE, RESPONSE, RESPONSE_TYPE, OWNER_INTENT_ID) VALUES (4121, '2019-06-12 05:53:40.695000', '2019-06-12 05:53:40.695000', 1, 'en', 'Are you trying to cancel event delete??', 'MAYBE', 4119);
INSERT INTO PUBLIC.INTENT_RESPONSE (ID, CREATION_DATE, LAST_UPDATE_DATE, VERSION, LOCALE, RESPONSE, RESPONSE_TYPE, OWNER_INTENT_ID) VALUES (4122, '2019-06-12 05:53:40.695000', '2019-06-12 05:53:40.695000', 1, 'en', 'Are you trying to delete event??', 'MAYBE', 4120);
INSERT INTO PUBLIC.INTENT_RESPONSE (ID, CREATION_DATE, LAST_UPDATE_DATE, VERSION, LOCALE, RESPONSE, RESPONSE_TYPE, OWNER_INTENT_ID) VALUES (4123, '2019-06-12 05:53:40.695000', '2019-06-12 05:53:40.695000', 1, 'en', 'Are you trying to search roles??', 'MAYBE', 4121);
INSERT INTO PUBLIC.INTENT_RESPONSE (ID, CREATION_DATE, LAST_UPDATE_DATE, VERSION, LOCALE, RESPONSE, RESPONSE_TYPE, OWNER_INTENT_ID) VALUES (4124, '2019-06-12 05:53:40.695000', '2019-08-14 20:06:53.034000', 1, 'en', 'Not sure if I understand.', 'MAYBE', 4122);
INSERT INTO PUBLIC.INTENT_RESPONSE (ID, CREATION_DATE, LAST_UPDATE_DATE, VERSION, LOCALE, RESPONSE, RESPONSE_TYPE, OWNER_INTENT_ID) VALUES (4125, '2019-06-12 05:53:40.695000', '2019-06-12 05:53:40.695000', 1, 'en', 'Are you trying to initiate the flow??', 'MAYBE', 4123);
INSERT INTO PUBLIC.INTENT_UTTERANCE (ID, CREATION_DATE, LAST_UPDATE_DATE, VERSION, LOCALE, UTTERANCE, OWNER_INTENT_ID) VALUES (3531, '2019-03-23 14:02:17.459000', '2019-03-23 16:30:05.634000', 1, 'en', 'hi', 3529);
INSERT INTO PUBLIC.INTENT_UTTERANCE (ID, CREATION_DATE, LAST_UPDATE_DATE, VERSION, LOCALE, UTTERANCE, OWNER_INTENT_ID) VALUES (3532, '2019-03-23 14:02:17.459000', '2019-03-23 16:30:05.634000', 1, 'en', 'how are you?', 3529);
INSERT INTO PUBLIC.INTENT_UTTERANCE (ID, CREATION_DATE, LAST_UPDATE_DATE, VERSION, LOCALE, UTTERANCE, OWNER_INTENT_ID) VALUES (3533, '2019-03-23 14:02:17.459000', '2019-03-23 16:30:05.634000', 1, 'en', 'howdy?', 3529);
INSERT INTO PUBLIC.INTENT_UTTERANCE (ID, CREATION_DATE, LAST_UPDATE_DATE, VERSION, LOCALE, UTTERANCE, OWNER_INTENT_ID) VALUES (3534, '2019-03-23 14:02:17.460000', '2019-03-23 16:30:05.634000', 1, 'en', 'how are you doing?', 3529);
INSERT INTO PUBLIC.INTENT_UTTERANCE (ID, CREATION_DATE, LAST_UPDATE_DATE, VERSION, LOCALE, UTTERANCE, OWNER_INTENT_ID) VALUES (3535, '2019-03-23 14:02:17.460000', '2019-03-23 16:30:05.634000', 1, 'en', 'hope you are doing good?', 3529);
INSERT INTO PUBLIC.INTENT_UTTERANCE (ID, CREATION_DATE, LAST_UPDATE_DATE, VERSION, LOCALE, UTTERANCE, OWNER_INTENT_ID) VALUES (3536, '2019-03-23 14:02:17.462000', '2019-03-23 16:30:05.634000', 1, 'en', 'are you ok?', 3529);
INSERT INTO PUBLIC.INTENT_UTTERANCE (ID, CREATION_DATE, LAST_UPDATE_DATE, VERSION, LOCALE, UTTERANCE, OWNER_INTENT_ID) VALUES (3537, '2019-03-23 14:02:17.463000', '2019-03-23 16:30:05.634000', 1, 'en', 'hello', 3529);
INSERT INTO PUBLIC.INTENT_UTTERANCE (ID, CREATION_DATE, LAST_UPDATE_DATE, VERSION, LOCALE, UTTERANCE, OWNER_INTENT_ID) VALUES (3538, '2019-03-23 14:02:17.463000', '2019-03-23 16:30:05.634000', 1, 'en', 'Ola', 3529);
INSERT INTO PUBLIC.INTENT_UTTERANCE (ID, CREATION_DATE, LAST_UPDATE_DATE, VERSION, LOCALE, UTTERANCE, OWNER_INTENT_ID) VALUES (3541, '2019-03-23 14:02:17.469000', '2019-03-23 14:04:39.025000', 1, 'en', 'help', 3539);
INSERT INTO PUBLIC.INTENT_UTTERANCE (ID, CREATION_DATE, LAST_UPDATE_DATE, VERSION, LOCALE, UTTERANCE, OWNER_INTENT_ID) VALUES (3542, '2019-03-23 14:02:17.469000', '2019-03-23 14:04:39.025000', 1, 'en', 'how do you work ?', 3539);
INSERT INTO PUBLIC.INTENT_UTTERANCE (ID, CREATION_DATE, LAST_UPDATE_DATE, VERSION, LOCALE, UTTERANCE, OWNER_INTENT_ID) VALUES (3543, '2019-03-23 14:02:17.496000', '2019-03-23 14:04:39.025000', 1, 'en', 'help me', 3539);
INSERT INTO PUBLIC.INTENT_UTTERANCE (ID, CREATION_DATE, LAST_UPDATE_DATE, VERSION, LOCALE, UTTERANCE, OWNER_INTENT_ID) VALUES (3546, '2019-03-23 14:02:17.511000', '2019-08-14 20:02:14.308000', 1, 'en', 'perform event delete', 3544);
INSERT INTO PUBLIC.INTENT_UTTERANCE (ID, CREATION_DATE, LAST_UPDATE_DATE, VERSION, LOCALE, UTTERANCE, OWNER_INTENT_ID) VALUES (3549, '2019-03-23 14:02:17.515000', '2019-03-23 14:02:17.515000', 1, 'en', 'fix login problems', 3547);
INSERT INTO PUBLIC.INTENT_UTTERANCE (ID, CREATION_DATE, LAST_UPDATE_DATE, VERSION, LOCALE, UTTERANCE, OWNER_INTENT_ID) VALUES (3550, '2019-03-23 14:02:17.515000', '2019-03-23 14:02:17.515000', 1, 'en', 'am having problems login', 3547);
INSERT INTO PUBLIC.INTENT_UTTERANCE (ID, CREATION_DATE, LAST_UPDATE_DATE, VERSION, LOCALE, UTTERANCE, OWNER_INTENT_ID) VALUES (3551, '2019-03-23 14:02:17.516000', '2019-03-23 14:02:17.516000', 1, 'en', 'not able to signin', 3547);
INSERT INTO PUBLIC.INTENT_UTTERANCE (ID, CREATION_DATE, LAST_UPDATE_DATE, VERSION, LOCALE, UTTERANCE, OWNER_INTENT_ID) VALUES (3552, '2019-03-23 14:02:17.516000', '2019-03-23 14:02:17.516000', 1, 'en', 'need help sign in', 3547);
INSERT INTO PUBLIC.INTENT_UTTERANCE (ID, CREATION_DATE, LAST_UPDATE_DATE, VERSION, LOCALE, UTTERANCE, OWNER_INTENT_ID) VALUES (3553, '2019-03-23 14:02:17.523000', '2019-03-23 14:02:17.523000', 1, 'en', 'fix log in problems', 3547);
INSERT INTO PUBLIC.INTENT_UTTERANCE (ID, CREATION_DATE, LAST_UPDATE_DATE, VERSION, LOCALE, UTTERANCE, OWNER_INTENT_ID) VALUES (3554, '2019-03-23 14:02:17.523000', '2019-03-23 14:02:17.523000', 1, 'en', 'resolve signin problems', 3547);
INSERT INTO PUBLIC.INTENT_UTTERANCE (ID, CREATION_DATE, LAST_UPDATE_DATE, VERSION, LOCALE, UTTERANCE, OWNER_INTENT_ID) VALUES (3555, '2019-03-23 14:02:17.524000', '2019-03-23 14:02:17.524000', 1, 'en', 'cannot log in', 3547);
INSERT INTO PUBLIC.INTENT_UTTERANCE (ID, CREATION_DATE, LAST_UPDATE_DATE, VERSION, LOCALE, UTTERANCE, OWNER_INTENT_ID) VALUES (3556, '2019-03-23 14:02:17.525000', '2019-03-23 14:02:17.525000', 1, 'en', 'am having problems log in', 3547);
INSERT INTO PUBLIC.INTENT_UTTERANCE (ID, CREATION_DATE, LAST_UPDATE_DATE, VERSION, LOCALE, UTTERANCE, OWNER_INTENT_ID) VALUES (3557, '2019-03-23 14:02:17.525000', '2019-03-23 14:02:17.525000', 1, 'en', 'resolve login problems', 3547);
INSERT INTO PUBLIC.INTENT_UTTERANCE (ID, CREATION_DATE, LAST_UPDATE_DATE, VERSION, LOCALE, UTTERANCE, OWNER_INTENT_ID) VALUES (3558, '2019-03-23 14:02:17.525000', '2019-03-23 14:02:17.525000', 1, 'en', 'resolve sign in problems', 3547);
INSERT INTO PUBLIC.INTENT_UTTERANCE (ID, CREATION_DATE, LAST_UPDATE_DATE, VERSION, LOCALE, UTTERANCE, OWNER_INTENT_ID) VALUES (3559, '2019-03-23 14:02:17.525000', '2019-03-23 14:02:17.525000', 1, 'en', 'resolve signin issues', 3547);
INSERT INTO PUBLIC.INTENT_UTTERANCE (ID, CREATION_DATE, LAST_UPDATE_DATE, VERSION, LOCALE, UTTERANCE, OWNER_INTENT_ID) VALUES (3560, '2019-03-23 14:02:17.525000', '2019-03-23 14:02:17.525000', 1, 'en', 'have troubles during log in', 3547);
INSERT INTO PUBLIC.INTENT_UTTERANCE (ID, CREATION_DATE, LAST_UPDATE_DATE, VERSION, LOCALE, UTTERANCE, OWNER_INTENT_ID) VALUES (3561, '2019-03-23 14:02:17.525000', '2019-03-23 14:02:17.525000', 1, 'en', 'not able to log in', 3547);
INSERT INTO PUBLIC.INTENT_UTTERANCE (ID, CREATION_DATE, LAST_UPDATE_DATE, VERSION, LOCALE, UTTERANCE, OWNER_INTENT_ID) VALUES (3562, '2019-03-23 14:02:17.526000', '2019-03-23 14:02:17.526000', 1, 'en', 'resolve log in problems', 3547);
INSERT INTO PUBLIC.INTENT_UTTERANCE (ID, CREATION_DATE, LAST_UPDATE_DATE, VERSION, LOCALE, UTTERANCE, OWNER_INTENT_ID) VALUES (3563, '2019-03-23 14:02:17.526000', '2019-03-23 14:02:17.526000', 1, 'en', 'have login issues', 3547);
INSERT INTO PUBLIC.INTENT_UTTERANCE (ID, CREATION_DATE, LAST_UPDATE_DATE, VERSION, LOCALE, UTTERANCE, OWNER_INTENT_ID) VALUES (3564, '2019-03-23 14:02:17.526000', '2019-03-23 14:02:17.526000', 1, 'en', 'resolve login issues', 3547);
INSERT INTO PUBLIC.INTENT_UTTERANCE (ID, CREATION_DATE, LAST_UPDATE_DATE, VERSION, LOCALE, UTTERANCE, OWNER_INTENT_ID) VALUES (3565, '2019-03-23 14:02:17.526000', '2019-03-23 14:02:17.526000', 1, 'en', 'resolve log in issues', 3547);
INSERT INTO PUBLIC.INTENT_UTTERANCE (ID, CREATION_DATE, LAST_UPDATE_DATE, VERSION, LOCALE, UTTERANCE, OWNER_INTENT_ID) VALUES (3566, '2019-03-23 14:02:17.527000', '2019-03-23 14:02:17.527000', 1, 'en', 'fix sign in problems', 3547);
INSERT INTO PUBLIC.INTENT_UTTERANCE (ID, CREATION_DATE, LAST_UPDATE_DATE, VERSION, LOCALE, UTTERANCE, OWNER_INTENT_ID) VALUES (3567, '2019-03-23 14:02:17.527000', '2019-03-23 14:02:17.527000', 1, 'en', 'fix signin issues', 3547);
INSERT INTO PUBLIC.INTENT_UTTERANCE (ID, CREATION_DATE, LAST_UPDATE_DATE, VERSION, LOCALE, UTTERANCE, OWNER_INTENT_ID) VALUES (3568, '2019-03-23 14:02:17.527000', '2019-03-23 14:02:17.527000', 1, 'en', 'have problems log in', 3547);
INSERT INTO PUBLIC.INTENT_UTTERANCE (ID, CREATION_DATE, LAST_UPDATE_DATE, VERSION, LOCALE, UTTERANCE, OWNER_INTENT_ID) VALUES (3569, '2019-03-23 14:02:17.527000', '2019-03-23 14:02:17.527000', 1, 'en', 'fix log in issues', 3547);
INSERT INTO PUBLIC.INTENT_UTTERANCE (ID, CREATION_DATE, LAST_UPDATE_DATE, VERSION, LOCALE, UTTERANCE, OWNER_INTENT_ID) VALUES (3570, '2019-03-23 14:02:17.527000', '2019-03-23 14:02:17.527000', 1, 'en', 'not able to login', 3547);
INSERT INTO PUBLIC.INTENT_UTTERANCE (ID, CREATION_DATE, LAST_UPDATE_DATE, VERSION, LOCALE, UTTERANCE, OWNER_INTENT_ID) VALUES (3571, '2019-03-23 14:02:17.527000', '2019-03-23 14:02:17.527000', 1, 'en', 'resolve sign in issues', 3547);
INSERT INTO PUBLIC.INTENT_UTTERANCE (ID, CREATION_DATE, LAST_UPDATE_DATE, VERSION, LOCALE, UTTERANCE, OWNER_INTENT_ID) VALUES (3572, '2019-03-23 14:02:17.528000', '2019-03-23 14:02:17.528000', 1, 'en', 'am having problems signin', 3547);
INSERT INTO PUBLIC.INTENT_UTTERANCE (ID, CREATION_DATE, LAST_UPDATE_DATE, VERSION, LOCALE, UTTERANCE, OWNER_INTENT_ID) VALUES (3573, '2019-03-23 14:02:17.528000', '2019-03-23 14:02:17.528000', 1, 'en', 'have log in issues', 3547);
INSERT INTO PUBLIC.INTENT_UTTERANCE (ID, CREATION_DATE, LAST_UPDATE_DATE, VERSION, LOCALE, UTTERANCE, OWNER_INTENT_ID) VALUES (3574, '2019-03-23 14:02:17.528000', '2019-03-23 14:02:17.528000', 1, 'en', 'having login problems', 3547);
INSERT INTO PUBLIC.INTENT_UTTERANCE (ID, CREATION_DATE, LAST_UPDATE_DATE, VERSION, LOCALE, UTTERANCE, OWNER_INTENT_ID) VALUES (3575, '2019-03-23 14:02:17.528000', '2019-03-23 14:02:17.528000', 1, 'en', 'not able to sign in', 3547);
INSERT INTO PUBLIC.INTENT_UTTERANCE (ID, CREATION_DATE, LAST_UPDATE_DATE, VERSION, LOCALE, UTTERANCE, OWNER_INTENT_ID) VALUES (3576, '2019-03-23 14:02:17.528000', '2019-03-23 14:02:17.528000', 1, 'en', 'cannot access my account', 3547);
INSERT INTO PUBLIC.INTENT_UTTERANCE (ID, CREATION_DATE, LAST_UPDATE_DATE, VERSION, LOCALE, UTTERANCE, OWNER_INTENT_ID) VALUES (3579, '2019-03-23 14:02:17.529000', '2019-03-23 14:02:17.529000', 1, 'en', 'that helps', 3577);
INSERT INTO PUBLIC.INTENT_UTTERANCE (ID, CREATION_DATE, LAST_UPDATE_DATE, VERSION, LOCALE, UTTERANCE, OWNER_INTENT_ID) VALUES (3580, '2019-03-23 14:02:17.529000', '2019-03-23 14:02:17.529000', 1, 'en', 'thank you', 3577);
INSERT INTO PUBLIC.INTENT_UTTERANCE (ID, CREATION_DATE, LAST_UPDATE_DATE, VERSION, LOCALE, UTTERANCE, OWNER_INTENT_ID) VALUES (3581, '2019-03-23 14:02:17.529000', '2019-03-23 14:02:17.529000', 1, 'en', 'helpful', 3577);
INSERT INTO PUBLIC.INTENT_UTTERANCE (ID, CREATION_DATE, LAST_UPDATE_DATE, VERSION, LOCALE, UTTERANCE, OWNER_INTENT_ID) VALUES (3582, '2019-03-23 14:02:17.529000', '2019-03-23 14:02:17.529000', 1, 'en', 'thanks', 3577);
INSERT INTO PUBLIC.INTENT_UTTERANCE (ID, CREATION_DATE, LAST_UPDATE_DATE, VERSION, LOCALE, UTTERANCE, OWNER_INTENT_ID) VALUES (3585, '2019-03-23 14:02:17.530000', '2019-03-23 14:02:17.530000', 1, 'en', 'event delete complete', 3583);
INSERT INTO PUBLIC.INTENT_UTTERANCE (ID, CREATION_DATE, LAST_UPDATE_DATE, VERSION, LOCALE, UTTERANCE, OWNER_INTENT_ID) VALUES (3588, '2019-03-23 14:02:17.534000', '2019-03-23 14:02:17.534000', 1, 'en', 'event', 3586);
INSERT INTO PUBLIC.INTENT_UTTERANCE (ID, CREATION_DATE, LAST_UPDATE_DATE, VERSION, LOCALE, UTTERANCE, OWNER_INTENT_ID) VALUES (3589, '2019-03-23 14:02:17.534000', '2019-03-23 14:02:17.534000', 1, 'en', 'please help me search for event', 3586);
INSERT INTO PUBLIC.INTENT_UTTERANCE (ID, CREATION_DATE, LAST_UPDATE_DATE, VERSION, LOCALE, UTTERANCE, OWNER_INTENT_ID) VALUES (3590, '2019-03-23 14:02:17.535000', '2019-03-23 14:02:17.535000', 1, 'en', 'hello I want to search for event', 3586);
INSERT INTO PUBLIC.INTENT_UTTERANCE (ID, CREATION_DATE, LAST_UPDATE_DATE, VERSION, LOCALE, UTTERANCE, OWNER_INTENT_ID) VALUES (3591, '2019-03-23 14:02:17.536000', '2019-03-23 14:02:17.536000', 1, 'en', 'I want to search for event', 3586);
INSERT INTO PUBLIC.INTENT_UTTERANCE (ID, CREATION_DATE, LAST_UPDATE_DATE, VERSION, LOCALE, UTTERANCE, OWNER_INTENT_ID) VALUES (3592, '2019-03-23 14:02:17.537000', '2019-03-23 14:02:17.537000', 1, 'en', 'where are my events', 3586);
INSERT INTO PUBLIC.INTENT_UTTERANCE (ID, CREATION_DATE, LAST_UPDATE_DATE, VERSION, LOCALE, UTTERANCE, OWNER_INTENT_ID) VALUES (3593, '2019-03-23 14:02:17.537000', '2019-03-23 14:02:17.537000', 1, 'en', 'hello help me search for event', 3586);
INSERT INTO PUBLIC.INTENT_UTTERANCE (ID, CREATION_DATE, LAST_UPDATE_DATE, VERSION, LOCALE, UTTERANCE, OWNER_INTENT_ID) VALUES (3594, '2019-03-23 14:02:17.538000', '2019-03-23 14:02:17.538000', 1, 'en', 'lookup events', 3586);
INSERT INTO PUBLIC.INTENT_UTTERANCE (ID, CREATION_DATE, LAST_UPDATE_DATE, VERSION, LOCALE, UTTERANCE, OWNER_INTENT_ID) VALUES (3595, '2019-03-23 14:02:17.542000', '2019-03-23 14:02:17.542000', 1, 'en', 'find event', 3586);
INSERT INTO PUBLIC.INTENT_UTTERANCE (ID, CREATION_DATE, LAST_UPDATE_DATE, VERSION, LOCALE, UTTERANCE, OWNER_INTENT_ID) VALUES (3596, '2019-03-23 14:02:17.542000', '2019-03-23 14:02:17.542000', 1, 'en', 'hello please help me search for events', 3586);
INSERT INTO PUBLIC.INTENT_UTTERANCE (ID, CREATION_DATE, LAST_UPDATE_DATE, VERSION, LOCALE, UTTERANCE, OWNER_INTENT_ID) VALUES (3597, '2019-03-23 14:02:17.543000', '2019-03-23 14:02:17.543000', 1, 'en', 'hello are there any events', 3586);
INSERT INTO PUBLIC.INTENT_UTTERANCE (ID, CREATION_DATE, LAST_UPDATE_DATE, VERSION, LOCALE, UTTERANCE, OWNER_INTENT_ID) VALUES (3598, '2019-03-23 14:02:17.543000', '2019-03-23 14:02:17.543000', 1, 'en', 'is there an event', 3586);
INSERT INTO PUBLIC.INTENT_UTTERANCE (ID, CREATION_DATE, LAST_UPDATE_DATE, VERSION, LOCALE, UTTERANCE, OWNER_INTENT_ID) VALUES (3599, '2019-03-23 14:02:17.543000', '2019-03-23 14:02:17.543000', 1, 'en', 'lookup event', 3586);
INSERT INTO PUBLIC.INTENT_UTTERANCE (ID, CREATION_DATE, LAST_UPDATE_DATE, VERSION, LOCALE, UTTERANCE, OWNER_INTENT_ID) VALUES (3600, '2019-03-23 14:02:17.547000', '2019-03-23 14:02:17.547000', 1, 'en', 'show me events', 3586);
INSERT INTO PUBLIC.INTENT_UTTERANCE (ID, CREATION_DATE, LAST_UPDATE_DATE, VERSION, LOCALE, UTTERANCE, OWNER_INTENT_ID) VALUES (3601, '2019-03-23 14:02:17.547000', '2019-03-23 14:02:17.547000', 1, 'en', 'can you search for events', 3586);
INSERT INTO PUBLIC.INTENT_UTTERANCE (ID, CREATION_DATE, LAST_UPDATE_DATE, VERSION, LOCALE, UTTERANCE, OWNER_INTENT_ID) VALUES (3602, '2019-03-23 14:02:17.547000', '2019-03-23 14:02:17.547000', 1, 'en', 'can you search for event', 3586);
INSERT INTO PUBLIC.INTENT_UTTERANCE (ID, CREATION_DATE, LAST_UPDATE_DATE, VERSION, LOCALE, UTTERANCE, OWNER_INTENT_ID) VALUES (3603, '2019-03-23 14:02:17.548000', '2019-03-23 14:02:17.548000', 1, 'en', 'hello is there an event', 3586);
INSERT INTO PUBLIC.INTENT_UTTERANCE (ID, CREATION_DATE, LAST_UPDATE_DATE, VERSION, LOCALE, UTTERANCE, OWNER_INTENT_ID) VALUES (3604, '2019-03-23 14:02:17.548000', '2019-03-23 14:02:17.548000', 1, 'en', 'hello search for events', 3586);
INSERT INTO PUBLIC.INTENT_UTTERANCE (ID, CREATION_DATE, LAST_UPDATE_DATE, VERSION, LOCALE, UTTERANCE, OWNER_INTENT_ID) VALUES (3605, '2019-03-23 14:02:17.548000', '2019-03-23 14:02:17.548000', 1, 'en', 'look for events', 3586);
INSERT INTO PUBLIC.INTENT_UTTERANCE (ID, CREATION_DATE, LAST_UPDATE_DATE, VERSION, LOCALE, UTTERANCE, OWNER_INTENT_ID) VALUES (3606, '2019-03-23 14:02:17.548000', '2019-03-23 14:02:17.548000', 1, 'en', 'hello look for events', 3586);
INSERT INTO PUBLIC.INTENT_UTTERANCE (ID, CREATION_DATE, LAST_UPDATE_DATE, VERSION, LOCALE, UTTERANCE, OWNER_INTENT_ID) VALUES (3607, '2019-03-23 14:02:17.549000', '2019-03-23 14:02:17.549000', 1, 'en', 'I want to search for events', 3586);
INSERT INTO PUBLIC.INTENT_UTTERANCE (ID, CREATION_DATE, LAST_UPDATE_DATE, VERSION, LOCALE, UTTERANCE, OWNER_INTENT_ID) VALUES (3608, '2019-03-23 14:02:17.549000', '2019-03-23 14:02:17.549000', 1, 'en', 'search event', 3586);
INSERT INTO PUBLIC.INTENT_UTTERANCE (ID, CREATION_DATE, LAST_UPDATE_DATE, VERSION, LOCALE, UTTERANCE, OWNER_INTENT_ID) VALUES (3609, '2019-03-23 14:02:17.549000', '2019-03-23 14:02:17.549000', 1, 'en', 'search for events', 3586);
INSERT INTO PUBLIC.INTENT_UTTERANCE (ID, CREATION_DATE, LAST_UPDATE_DATE, VERSION, LOCALE, UTTERANCE, OWNER_INTENT_ID) VALUES (3610, '2019-03-23 14:02:17.550000', '2019-03-23 14:02:17.550000', 1, 'en', 'are there any events', 3586);
INSERT INTO PUBLIC.INTENT_UTTERANCE (ID, CREATION_DATE, LAST_UPDATE_DATE, VERSION, LOCALE, UTTERANCE, OWNER_INTENT_ID) VALUES (3611, '2019-03-23 14:02:17.551000', '2019-03-23 14:02:17.551000', 1, 'en', 'show me my events', 3586);
INSERT INTO PUBLIC.INTENT_UTTERANCE (ID, CREATION_DATE, LAST_UPDATE_DATE, VERSION, LOCALE, UTTERANCE, OWNER_INTENT_ID) VALUES (3612, '2019-03-23 14:02:17.552000', '2019-03-23 14:02:17.552000', 1, 'en', 'hello can you search for events', 3586);
INSERT INTO PUBLIC.INTENT_UTTERANCE (ID, CREATION_DATE, LAST_UPDATE_DATE, VERSION, LOCALE, UTTERANCE, OWNER_INTENT_ID) VALUES (3613, '2019-03-23 14:02:17.552000', '2019-03-23 14:02:17.552000', 1, 'en', 'hello can you search for event', 3586);
INSERT INTO PUBLIC.INTENT_UTTERANCE (ID, CREATION_DATE, LAST_UPDATE_DATE, VERSION, LOCALE, UTTERANCE, OWNER_INTENT_ID) VALUES (3614, '2019-03-23 14:02:17.552000', '2019-03-23 14:02:17.552000', 1, 'en', 'please help me search for events', 3586);
INSERT INTO PUBLIC.INTENT_UTTERANCE (ID, CREATION_DATE, LAST_UPDATE_DATE, VERSION, LOCALE, UTTERANCE, OWNER_INTENT_ID) VALUES (3615, '2019-03-23 14:02:17.553000', '2019-03-23 14:02:17.553000', 1, 'en', 'find events', 3586);
INSERT INTO PUBLIC.INTENT_UTTERANCE (ID, CREATION_DATE, LAST_UPDATE_DATE, VERSION, LOCALE, UTTERANCE, OWNER_INTENT_ID) VALUES (3616, '2019-03-23 14:02:17.553000', '2019-03-23 14:02:17.553000', 1, 'en', 'events', 3586);
INSERT INTO PUBLIC.INTENT_UTTERANCE (ID, CREATION_DATE, LAST_UPDATE_DATE, VERSION, LOCALE, UTTERANCE, OWNER_INTENT_ID) VALUES (3617, '2019-03-23 14:02:17.553000', '2019-03-23 14:02:17.553000', 1, 'en', 'hello I want to search for events', 3586);
INSERT INTO PUBLIC.INTENT_UTTERANCE (ID, CREATION_DATE, LAST_UPDATE_DATE, VERSION, LOCALE, UTTERANCE, OWNER_INTENT_ID) VALUES (3618, '2019-03-23 14:02:17.553000', '2019-03-23 14:02:17.553000', 1, 'en', 'hello please help me search for event', 3586);
INSERT INTO PUBLIC.INTENT_UTTERANCE (ID, CREATION_DATE, LAST_UPDATE_DATE, VERSION, LOCALE, UTTERANCE, OWNER_INTENT_ID) VALUES (3619, '2019-03-23 14:02:17.554000', '2019-03-23 14:02:17.554000', 1, 'en', 'search events', 3586);
INSERT INTO PUBLIC.INTENT_UTTERANCE (ID, CREATION_DATE, LAST_UPDATE_DATE, VERSION, LOCALE, UTTERANCE, OWNER_INTENT_ID) VALUES (3620, '2019-03-23 14:02:17.554000', '2019-03-23 14:02:17.554000', 1, 'en', 'help me search for event', 3586);
INSERT INTO PUBLIC.INTENT_UTTERANCE (ID, CREATION_DATE, LAST_UPDATE_DATE, VERSION, LOCALE, UTTERANCE, OWNER_INTENT_ID) VALUES (3623, '2019-03-23 14:02:17.561000', '2019-03-23 14:02:17.561000', 1, 'en', 'what are events near', 3621);
INSERT INTO PUBLIC.INTENT_UTTERANCE (ID, CREATION_DATE, LAST_UPDATE_DATE, VERSION, LOCALE, UTTERANCE, OWNER_INTENT_ID) VALUES (3624, '2019-03-23 14:02:17.561000', '2019-03-23 14:02:17.561000', 1, 'en', 'hello I want to search event in', 3621);
INSERT INTO PUBLIC.INTENT_UTTERANCE (ID, CREATION_DATE, LAST_UPDATE_DATE, VERSION, LOCALE, UTTERANCE, OWNER_INTENT_ID) VALUES (3625, '2019-03-23 14:02:17.561000', '2019-03-23 14:02:17.561000', 1, 'en', 'get search events in', 3621);
INSERT INTO PUBLIC.INTENT_UTTERANCE (ID, CREATION_DATE, LAST_UPDATE_DATE, VERSION, LOCALE, UTTERANCE, OWNER_INTENT_ID) VALUES (3626, '2019-03-23 14:02:17.562000', '2019-03-23 14:02:17.562000', 1, 'en', 'I want to search event near', 3621);
INSERT INTO PUBLIC.INTENT_UTTERANCE (ID, CREATION_DATE, LAST_UPDATE_DATE, VERSION, LOCALE, UTTERANCE, OWNER_INTENT_ID) VALUES (3627, '2019-03-23 14:02:17.562000', '2019-03-23 14:02:17.562000', 1, 'en', 'search events close to', 3621);
INSERT INTO PUBLIC.INTENT_UTTERANCE (ID, CREATION_DATE, LAST_UPDATE_DATE, VERSION, LOCALE, UTTERANCE, OWNER_INTENT_ID) VALUES (3628, '2019-03-23 14:02:17.563000', '2019-03-23 14:02:17.563000', 1, 'en', 'hello what are events near', 3621);
INSERT INTO PUBLIC.INTENT_UTTERANCE (ID, CREATION_DATE, LAST_UPDATE_DATE, VERSION, LOCALE, UTTERANCE, OWNER_INTENT_ID) VALUES (3629, '2019-03-23 14:02:17.563000', '2019-03-23 14:02:17.563000', 1, 'en', 'hello what is event near', 3621);
INSERT INTO PUBLIC.INTENT_UTTERANCE (ID, CREATION_DATE, LAST_UPDATE_DATE, VERSION, LOCALE, UTTERANCE, OWNER_INTENT_ID) VALUES (3630, '2019-03-23 14:02:17.564000', '2019-03-23 14:02:17.564000', 1, 'en', 'hello search event in', 3621);
INSERT INTO PUBLIC.INTENT_UTTERANCE (ID, CREATION_DATE, LAST_UPDATE_DATE, VERSION, LOCALE, UTTERANCE, OWNER_INTENT_ID) VALUES (3631, '2019-03-23 14:02:17.564000', '2019-03-23 14:02:17.564000', 1, 'en', 'I want to search events near', 3621);
INSERT INTO PUBLIC.INTENT_UTTERANCE (ID, CREATION_DATE, LAST_UPDATE_DATE, VERSION, LOCALE, UTTERANCE, OWNER_INTENT_ID) VALUES (3632, '2019-03-23 14:02:17.564000', '2019-03-23 14:02:17.564000', 1, 'en', 'are there events near', 3621);
INSERT INTO PUBLIC.INTENT_UTTERANCE (ID, CREATION_DATE, LAST_UPDATE_DATE, VERSION, LOCALE, UTTERANCE, OWNER_INTENT_ID) VALUES (3633, '2019-03-23 14:02:17.564000', '2019-03-23 14:02:17.564000', 1, 'en', 'search for event in', 3621);
INSERT INTO PUBLIC.INTENT_UTTERANCE (ID, CREATION_DATE, LAST_UPDATE_DATE, VERSION, LOCALE, UTTERANCE, OWNER_INTENT_ID) VALUES (3634, '2019-03-23 14:02:17.565000', '2019-03-23 14:02:17.565000', 1, 'en', 'hello can you search event in', 3621);
INSERT INTO PUBLIC.INTENT_UTTERANCE (ID, CREATION_DATE, LAST_UPDATE_DATE, VERSION, LOCALE, UTTERANCE, OWNER_INTENT_ID) VALUES (3635, '2019-03-23 14:02:17.565000', '2019-03-23 14:02:17.565000', 1, 'en', 'search event near', 3621);
INSERT INTO PUBLIC.INTENT_UTTERANCE (ID, CREATION_DATE, LAST_UPDATE_DATE, VERSION, LOCALE, UTTERANCE, OWNER_INTENT_ID) VALUES (3636, '2019-03-23 14:02:17.565000', '2019-03-23 14:02:17.565000', 1, 'en', 'search event in', 3621);
INSERT INTO PUBLIC.INTENT_UTTERANCE (ID, CREATION_DATE, LAST_UPDATE_DATE, VERSION, LOCALE, UTTERANCE, OWNER_INTENT_ID) VALUES (3637, '2019-03-23 14:02:17.565000', '2019-03-23 14:02:17.565000', 1, 'en', 'search for events near', 3621);
INSERT INTO PUBLIC.INTENT_UTTERANCE (ID, CREATION_DATE, LAST_UPDATE_DATE, VERSION, LOCALE, UTTERANCE, OWNER_INTENT_ID) VALUES (3638, '2019-03-23 14:02:17.565000', '2019-03-23 14:02:17.565000', 1, 'en', 'hello what are events in', 3621);
INSERT INTO PUBLIC.INTENT_UTTERANCE (ID, CREATION_DATE, LAST_UPDATE_DATE, VERSION, LOCALE, UTTERANCE, OWNER_INTENT_ID) VALUES (3639, '2019-03-23 14:02:17.566000', '2019-03-23 14:02:17.566000', 1, 'en', 'hello search for event near', 3621);
INSERT INTO PUBLIC.INTENT_UTTERANCE (ID, CREATION_DATE, LAST_UPDATE_DATE, VERSION, LOCALE, UTTERANCE, OWNER_INTENT_ID) VALUES (3640, '2019-03-23 14:02:17.566000', '2019-03-23 14:02:17.566000', 1, 'en', 'hello what events are near', 3621);
INSERT INTO PUBLIC.INTENT_UTTERANCE (ID, CREATION_DATE, LAST_UPDATE_DATE, VERSION, LOCALE, UTTERANCE, OWNER_INTENT_ID) VALUES (3641, '2019-03-23 14:02:17.566000', '2019-03-23 14:02:17.566000', 1, 'en', 'hello can you search event near', 3621);
INSERT INTO PUBLIC.INTENT_UTTERANCE (ID, CREATION_DATE, LAST_UPDATE_DATE, VERSION, LOCALE, UTTERANCE, OWNER_INTENT_ID) VALUES (3642, '2019-03-23 14:02:17.567000', '2019-03-23 14:02:17.567000', 1, 'en', 'get search events near', 3621);
INSERT INTO PUBLIC.INTENT_UTTERANCE (ID, CREATION_DATE, LAST_UPDATE_DATE, VERSION, LOCALE, UTTERANCE, OWNER_INTENT_ID) VALUES (3643, '2019-03-23 14:02:17.567000', '2019-03-23 14:02:17.567000', 1, 'en', 'what events are near', 3621);
INSERT INTO PUBLIC.INTENT_UTTERANCE (ID, CREATION_DATE, LAST_UPDATE_DATE, VERSION, LOCALE, UTTERANCE, OWNER_INTENT_ID) VALUES (3644, '2019-03-23 14:02:17.568000', '2019-03-23 14:02:17.568000', 1, 'en', 'hello search event close to', 3621);
INSERT INTO PUBLIC.INTENT_UTTERANCE (ID, CREATION_DATE, LAST_UPDATE_DATE, VERSION, LOCALE, UTTERANCE, OWNER_INTENT_ID) VALUES (3645, '2019-03-23 14:02:17.568000', '2019-03-23 14:02:17.568000', 1, 'en', 'hello can you search events near', 3621);
INSERT INTO PUBLIC.INTENT_UTTERANCE (ID, CREATION_DATE, LAST_UPDATE_DATE, VERSION, LOCALE, UTTERANCE, OWNER_INTENT_ID) VALUES (3646, '2019-03-23 14:02:17.568000', '2019-03-23 14:02:17.568000', 1, 'en', 'look for event near', 3621);
INSERT INTO PUBLIC.INTENT_UTTERANCE (ID, CREATION_DATE, LAST_UPDATE_DATE, VERSION, LOCALE, UTTERANCE, OWNER_INTENT_ID) VALUES (3647, '2019-03-23 14:02:17.570000', '2019-03-23 14:02:17.570000', 1, 'en', 'can you search event near', 3621);
INSERT INTO PUBLIC.INTENT_UTTERANCE (ID, CREATION_DATE, LAST_UPDATE_DATE, VERSION, LOCALE, UTTERANCE, OWNER_INTENT_ID) VALUES (3648, '2019-03-23 14:02:17.570000', '2019-03-23 14:02:17.570000', 1, 'en', 'can you search event in', 3621);
INSERT INTO PUBLIC.INTENT_UTTERANCE (ID, CREATION_DATE, LAST_UPDATE_DATE, VERSION, LOCALE, UTTERANCE, OWNER_INTENT_ID) VALUES (3649, '2019-03-23 14:02:17.571000', '2019-03-23 14:02:17.571000', 1, 'en', 'hello look for event near', 3621);
INSERT INTO PUBLIC.INTENT_UTTERANCE (ID, CREATION_DATE, LAST_UPDATE_DATE, VERSION, LOCALE, UTTERANCE, OWNER_INTENT_ID) VALUES (3650, '2019-03-23 14:02:17.572000', '2019-03-23 14:02:17.572000', 1, 'en', 'look for event in', 3621);
INSERT INTO PUBLIC.INTENT_UTTERANCE (ID, CREATION_DATE, LAST_UPDATE_DATE, VERSION, LOCALE, UTTERANCE, OWNER_INTENT_ID) VALUES (3651, '2019-03-23 14:02:17.572000', '2019-03-23 14:02:17.572000', 1, 'en', 'what events are in', 3621);
INSERT INTO PUBLIC.INTENT_UTTERANCE (ID, CREATION_DATE, LAST_UPDATE_DATE, VERSION, LOCALE, UTTERANCE, OWNER_INTENT_ID) VALUES (3652, '2019-03-23 14:02:17.573000', '2019-03-23 14:02:17.573000', 1, 'en', 'hello search for events near', 3621);
INSERT INTO PUBLIC.INTENT_UTTERANCE (ID, CREATION_DATE, LAST_UPDATE_DATE, VERSION, LOCALE, UTTERANCE, OWNER_INTENT_ID) VALUES (3653, '2019-03-23 14:02:17.573000', '2019-03-23 14:02:17.573000', 1, 'en', 'search for event near', 3621);
INSERT INTO PUBLIC.INTENT_UTTERANCE (ID, CREATION_DATE, LAST_UPDATE_DATE, VERSION, LOCALE, UTTERANCE, OWNER_INTENT_ID) VALUES (3654, '2019-03-23 14:02:17.573000', '2019-03-23 14:02:17.573000', 1, 'en', 'search event close to', 3621);
INSERT INTO PUBLIC.INTENT_UTTERANCE (ID, CREATION_DATE, LAST_UPDATE_DATE, VERSION, LOCALE, UTTERANCE, OWNER_INTENT_ID) VALUES (3655, '2019-03-23 14:02:17.574000', '2019-03-23 14:02:17.574000', 1, 'en', 'hello what is event in', 3621);
INSERT INTO PUBLIC.INTENT_UTTERANCE (ID, CREATION_DATE, LAST_UPDATE_DATE, VERSION, LOCALE, UTTERANCE, OWNER_INTENT_ID) VALUES (3656, '2019-03-23 14:02:17.574000', '2019-03-23 14:02:17.574000', 1, 'en', 'are there events in', 3621);
INSERT INTO PUBLIC.INTENT_UTTERANCE (ID, CREATION_DATE, LAST_UPDATE_DATE, VERSION, LOCALE, UTTERANCE, OWNER_INTENT_ID) VALUES (3657, '2019-03-23 14:02:17.574000', '2019-03-23 14:02:17.574000', 1, 'en', 'search for events in', 3621);
INSERT INTO PUBLIC.INTENT_UTTERANCE (ID, CREATION_DATE, LAST_UPDATE_DATE, VERSION, LOCALE, UTTERANCE, OWNER_INTENT_ID) VALUES (3658, '2019-03-23 14:02:17.575000', '2019-03-23 14:02:17.575000', 1, 'en', 'search events near', 3621);
INSERT INTO PUBLIC.INTENT_UTTERANCE (ID, CREATION_DATE, LAST_UPDATE_DATE, VERSION, LOCALE, UTTERANCE, OWNER_INTENT_ID) VALUES (3659, '2019-03-23 14:02:17.575000', '2019-03-23 14:02:17.575000', 1, 'en', 'hello look for event in', 3621);
INSERT INTO PUBLIC.INTENT_UTTERANCE (ID, CREATION_DATE, LAST_UPDATE_DATE, VERSION, LOCALE, UTTERANCE, OWNER_INTENT_ID) VALUES (3660, '2019-03-23 14:02:17.576000', '2019-03-23 14:02:17.576000', 1, 'en', 'I want to search event in', 3621);
INSERT INTO PUBLIC.INTENT_UTTERANCE (ID, CREATION_DATE, LAST_UPDATE_DATE, VERSION, LOCALE, UTTERANCE, OWNER_INTENT_ID) VALUES (3661, '2019-03-23 14:02:17.576000', '2019-03-23 14:02:17.576000', 1, 'en', 'can you search events near', 3621);
INSERT INTO PUBLIC.INTENT_UTTERANCE (ID, CREATION_DATE, LAST_UPDATE_DATE, VERSION, LOCALE, UTTERANCE, OWNER_INTENT_ID) VALUES (3662, '2019-03-23 14:02:17.576000', '2019-03-23 14:02:17.576000', 1, 'en', 'hello search events close to', 3621);
INSERT INTO PUBLIC.INTENT_UTTERANCE (ID, CREATION_DATE, LAST_UPDATE_DATE, VERSION, LOCALE, UTTERANCE, OWNER_INTENT_ID) VALUES (3663, '2019-03-23 14:02:17.577000', '2019-03-23 14:02:17.577000', 1, 'en', 'hello search event near', 3621);
INSERT INTO PUBLIC.INTENT_UTTERANCE (ID, CREATION_DATE, LAST_UPDATE_DATE, VERSION, LOCALE, UTTERANCE, OWNER_INTENT_ID) VALUES (3664, '2019-03-23 14:02:17.577000', '2019-03-23 14:02:17.577000', 1, 'en', 'hello search for events in', 3621);
INSERT INTO PUBLIC.INTENT_UTTERANCE (ID, CREATION_DATE, LAST_UPDATE_DATE, VERSION, LOCALE, UTTERANCE, OWNER_INTENT_ID) VALUES (3665, '2019-03-23 14:02:17.578000', '2019-03-23 14:02:17.578000', 1, 'en', 'hello get search events in', 3621);
INSERT INTO PUBLIC.INTENT_UTTERANCE (ID, CREATION_DATE, LAST_UPDATE_DATE, VERSION, LOCALE, UTTERANCE, OWNER_INTENT_ID) VALUES (3666, '2019-03-23 14:02:17.579000', '2019-03-23 14:02:17.579000', 1, 'en', 'look for events near', 3621);
INSERT INTO PUBLIC.INTENT_UTTERANCE (ID, CREATION_DATE, LAST_UPDATE_DATE, VERSION, LOCALE, UTTERANCE, OWNER_INTENT_ID) VALUES (3667, '2019-03-23 14:02:17.579000', '2019-03-23 14:02:17.579000', 1, 'en', 'hello look for events near', 3621);
INSERT INTO PUBLIC.INTENT_UTTERANCE (ID, CREATION_DATE, LAST_UPDATE_DATE, VERSION, LOCALE, UTTERANCE, OWNER_INTENT_ID) VALUES (3668, '2019-03-23 14:02:17.579000', '2019-03-23 14:02:17.579000', 1, 'en', 'is there event in', 3621);
INSERT INTO PUBLIC.INTENT_UTTERANCE (ID, CREATION_DATE, LAST_UPDATE_DATE, VERSION, LOCALE, UTTERANCE, OWNER_INTENT_ID) VALUES (3669, '2019-03-23 14:02:17.579000', '2019-03-23 14:02:17.579000', 1, 'en', 'hello I want to search events near', 3621);
INSERT INTO PUBLIC.INTENT_UTTERANCE (ID, CREATION_DATE, LAST_UPDATE_DATE, VERSION, LOCALE, UTTERANCE, OWNER_INTENT_ID) VALUES (3670, '2019-03-23 14:02:17.580000', '2019-03-23 14:02:17.580000', 1, 'en', 'look for events in', 3621);
INSERT INTO PUBLIC.INTENT_UTTERANCE (ID, CREATION_DATE, LAST_UPDATE_DATE, VERSION, LOCALE, UTTERANCE, OWNER_INTENT_ID) VALUES (3671, '2019-03-23 14:02:17.580000', '2019-03-23 14:02:17.580000', 1, 'en', 'what is event near', 3621);
INSERT INTO PUBLIC.INTENT_UTTERANCE (ID, CREATION_DATE, LAST_UPDATE_DATE, VERSION, LOCALE, UTTERANCE, OWNER_INTENT_ID) VALUES (3672, '2019-03-23 14:02:17.580000', '2019-03-23 14:02:17.580000', 1, 'en', 'hello what events are in', 3621);
INSERT INTO PUBLIC.INTENT_UTTERANCE (ID, CREATION_DATE, LAST_UPDATE_DATE, VERSION, LOCALE, UTTERANCE, OWNER_INTENT_ID) VALUES (3673, '2019-03-23 14:02:17.580000', '2019-03-23 14:02:17.580000', 1, 'en', 'what are events in', 3621);
INSERT INTO PUBLIC.INTENT_UTTERANCE (ID, CREATION_DATE, LAST_UPDATE_DATE, VERSION, LOCALE, UTTERANCE, OWNER_INTENT_ID) VALUES (3674, '2019-03-23 14:02:17.581000', '2019-03-23 14:02:17.581000', 1, 'en', 'is there event near', 3621);
INSERT INTO PUBLIC.INTENT_UTTERANCE (ID, CREATION_DATE, LAST_UPDATE_DATE, VERSION, LOCALE, UTTERANCE, OWNER_INTENT_ID) VALUES (3675, '2019-03-23 14:02:17.581000', '2019-03-23 14:02:17.581000', 1, 'en', 'hello can you search events in', 3621);
INSERT INTO PUBLIC.INTENT_UTTERANCE (ID, CREATION_DATE, LAST_UPDATE_DATE, VERSION, LOCALE, UTTERANCE, OWNER_INTENT_ID) VALUES (3676, '2019-03-23 14:02:17.581000', '2019-03-23 14:02:17.581000', 1, 'en', 'can you search events in', 3621);
INSERT INTO PUBLIC.INTENT_UTTERANCE (ID, CREATION_DATE, LAST_UPDATE_DATE, VERSION, LOCALE, UTTERANCE, OWNER_INTENT_ID) VALUES (3677, '2019-03-23 14:02:17.581000', '2019-03-23 14:02:17.581000', 1, 'en', 'I want to search events in', 3621);
INSERT INTO PUBLIC.INTENT_UTTERANCE (ID, CREATION_DATE, LAST_UPDATE_DATE, VERSION, LOCALE, UTTERANCE, OWNER_INTENT_ID) VALUES (3678, '2019-03-23 14:02:17.581000', '2019-03-23 14:02:17.581000', 1, 'en', 'hello search events near', 3621);
INSERT INTO PUBLIC.INTENT_UTTERANCE (ID, CREATION_DATE, LAST_UPDATE_DATE, VERSION, LOCALE, UTTERANCE, OWNER_INTENT_ID) VALUES (3679, '2019-03-23 14:02:17.581000', '2019-03-23 14:02:17.581000', 1, 'en', 'what is event in', 3621);
INSERT INTO PUBLIC.INTENT_UTTERANCE (ID, CREATION_DATE, LAST_UPDATE_DATE, VERSION, LOCALE, UTTERANCE, OWNER_INTENT_ID) VALUES (3680, '2019-03-23 14:02:17.582000', '2019-03-23 14:02:17.582000', 1, 'en', 'hello I want to search event near', 3621);
INSERT INTO PUBLIC.INTENT_UTTERANCE (ID, CREATION_DATE, LAST_UPDATE_DATE, VERSION, LOCALE, UTTERANCE, OWNER_INTENT_ID) VALUES (3681, '2019-03-23 14:02:17.582000', '2019-03-23 14:02:17.582000', 1, 'en', 'hello get search events near', 3621);
INSERT INTO PUBLIC.INTENT_UTTERANCE (ID, CREATION_DATE, LAST_UPDATE_DATE, VERSION, LOCALE, UTTERANCE, OWNER_INTENT_ID) VALUES (3682, '2019-03-23 14:02:17.582000', '2019-03-23 14:02:17.582000', 1, 'en', 'hello search events in', 3621);
INSERT INTO PUBLIC.INTENT_UTTERANCE (ID, CREATION_DATE, LAST_UPDATE_DATE, VERSION, LOCALE, UTTERANCE, OWNER_INTENT_ID) VALUES (3683, '2019-03-23 14:02:17.582000', '2019-03-23 14:02:17.582000', 1, 'en', 'search events in', 3621);
INSERT INTO PUBLIC.INTENT_UTTERANCE (ID, CREATION_DATE, LAST_UPDATE_DATE, VERSION, LOCALE, UTTERANCE, OWNER_INTENT_ID) VALUES (3684, '2019-03-23 14:02:17.582000', '2019-03-23 14:02:17.582000', 1, 'en', 'hello look for events in', 3621);
INSERT INTO PUBLIC.INTENT_UTTERANCE (ID, CREATION_DATE, LAST_UPDATE_DATE, VERSION, LOCALE, UTTERANCE, OWNER_INTENT_ID) VALUES (3685, '2019-03-23 14:02:17.585000', '2019-03-23 14:02:17.585000', 1, 'en', 'hello search for event in', 3621);
INSERT INTO PUBLIC.INTENT_UTTERANCE (ID, CREATION_DATE, LAST_UPDATE_DATE, VERSION, LOCALE, UTTERANCE, OWNER_INTENT_ID) VALUES (3686, '2019-03-23 14:02:17.585000', '2019-03-23 14:02:17.585000', 1, 'en', 'hello I want to search events in', 3621);
INSERT INTO PUBLIC.INTENT_UTTERANCE (ID, CREATION_DATE, LAST_UPDATE_DATE, VERSION, LOCALE, UTTERANCE, OWNER_INTENT_ID) VALUES (3689, '2019-03-23 14:02:17.586000', '2019-03-23 14:02:17.586000', 1, 'en', 'create roles', 3687);
INSERT INTO PUBLIC.INTENT_UTTERANCE (ID, CREATION_DATE, LAST_UPDATE_DATE, VERSION, LOCALE, UTTERANCE, OWNER_INTENT_ID) VALUES (3690, '2019-03-23 14:02:17.591000', '2019-03-23 14:02:17.591000', 1, 'en', 'roles create', 3687);
INSERT INTO PUBLIC.INTENT_UTTERANCE (ID, CREATION_DATE, LAST_UPDATE_DATE, VERSION, LOCALE, UTTERANCE, OWNER_INTENT_ID) VALUES (3691, '2019-03-23 14:02:17.591000', '2019-03-23 14:02:17.591000', 1, 'en', 'add roles', 3687);
INSERT INTO PUBLIC.INTENT_UTTERANCE (ID, CREATION_DATE, LAST_UPDATE_DATE, VERSION, LOCALE, UTTERANCE, OWNER_INTENT_ID) VALUES (3692, '2019-03-23 14:02:17.591000', '2019-03-23 14:02:17.591000', 1, 'en', 'roles created', 3687);
INSERT INTO PUBLIC.INTENT_UTTERANCE (ID, CREATION_DATE, LAST_UPDATE_DATE, VERSION, LOCALE, UTTERANCE, OWNER_INTENT_ID) VALUES (3695, '2019-03-23 14:02:17.593000', '2019-03-23 14:02:17.593000', 1, 'en', 'great and you', 3693);
INSERT INTO PUBLIC.INTENT_UTTERANCE (ID, CREATION_DATE, LAST_UPDATE_DATE, VERSION, LOCALE, UTTERANCE, OWNER_INTENT_ID) VALUES (3696, '2019-03-23 14:02:17.593000', '2019-03-23 14:02:17.593000', 1, 'en', 'good and you', 3693);
INSERT INTO PUBLIC.INTENT_UTTERANCE (ID, CREATION_DATE, LAST_UPDATE_DATE, VERSION, LOCALE, UTTERANCE, OWNER_INTENT_ID) VALUES (3697, '2019-03-23 14:02:17.593000', '2019-03-23 14:02:17.593000', 1, 'en', 'good', 3693);
INSERT INTO PUBLIC.INTENT_UTTERANCE (ID, CREATION_DATE, LAST_UPDATE_DATE, VERSION, LOCALE, UTTERANCE, OWNER_INTENT_ID) VALUES (3700, '2019-03-23 14:02:17.595000', '2019-03-23 14:02:17.595000', 1, 'en', 'cancel delete event', 3698);
INSERT INTO PUBLIC.INTENT_UTTERANCE (ID, CREATION_DATE, LAST_UPDATE_DATE, VERSION, LOCALE, UTTERANCE, OWNER_INTENT_ID) VALUES (3703, '2019-03-23 14:02:17.596000', '2019-03-23 14:02:17.596000', 1, 'en', 'delete event', 3701);
INSERT INTO PUBLIC.INTENT_UTTERANCE (ID, CREATION_DATE, LAST_UPDATE_DATE, VERSION, LOCALE, UTTERANCE, OWNER_INTENT_ID) VALUES (3704, '2019-03-23 14:02:17.596000', '2019-03-23 14:02:17.596000', 1, 'en', 'delete events', 3701);
INSERT INTO PUBLIC.INTENT_UTTERANCE (ID, CREATION_DATE, LAST_UPDATE_DATE, VERSION, LOCALE, UTTERANCE, OWNER_INTENT_ID) VALUES (3707, '2019-03-23 14:02:17.597000', '2019-03-23 14:02:17.597000', 1, 'en', 'look for roles', 3705);
INSERT INTO PUBLIC.INTENT_UTTERANCE (ID, CREATION_DATE, LAST_UPDATE_DATE, VERSION, LOCALE, UTTERANCE, OWNER_INTENT_ID) VALUES (3708, '2019-03-23 14:02:17.597000', '2019-03-23 14:02:17.597000', 1, 'en', 'I want to search for roles', 3705);
INSERT INTO PUBLIC.INTENT_UTTERANCE (ID, CREATION_DATE, LAST_UPDATE_DATE, VERSION, LOCALE, UTTERANCE, OWNER_INTENT_ID) VALUES (3709, '2019-03-23 14:02:17.597000', '2019-03-23 14:02:17.597000', 1, 'en', 'hello can you search for role', 3705);
INSERT INTO PUBLIC.INTENT_UTTERANCE (ID, CREATION_DATE, LAST_UPDATE_DATE, VERSION, LOCALE, UTTERANCE, OWNER_INTENT_ID) VALUES (3710, '2019-03-23 14:02:17.597000', '2019-03-23 14:02:17.597000', 1, 'en', 'hello search for role', 3705);
INSERT INTO PUBLIC.INTENT_UTTERANCE (ID, CREATION_DATE, LAST_UPDATE_DATE, VERSION, LOCALE, UTTERANCE, OWNER_INTENT_ID) VALUES (3711, '2019-03-23 14:02:17.598000', '2019-03-23 14:02:17.598000', 1, 'en', 'search role', 3705);
INSERT INTO PUBLIC.INTENT_UTTERANCE (ID, CREATION_DATE, LAST_UPDATE_DATE, VERSION, LOCALE, UTTERANCE, OWNER_INTENT_ID) VALUES (3712, '2019-03-23 14:02:17.598000', '2019-03-23 14:02:17.598000', 1, 'en', 'search for roles', 3705);
INSERT INTO PUBLIC.INTENT_UTTERANCE (ID, CREATION_DATE, LAST_UPDATE_DATE, VERSION, LOCALE, UTTERANCE, OWNER_INTENT_ID) VALUES (3713, '2019-03-23 14:02:17.598000', '2019-03-23 14:02:17.598000', 1, 'en', 'can you search for role', 3705);
INSERT INTO PUBLIC.INTENT_UTTERANCE (ID, CREATION_DATE, LAST_UPDATE_DATE, VERSION, LOCALE, UTTERANCE, OWNER_INTENT_ID) VALUES (3714, '2019-03-23 14:02:17.598000', '2019-03-23 14:02:17.598000', 1, 'en', 'are there any roles', 3705);
INSERT INTO PUBLIC.INTENT_UTTERANCE (ID, CREATION_DATE, LAST_UPDATE_DATE, VERSION, LOCALE, UTTERANCE, OWNER_INTENT_ID) VALUES (3715, '2019-03-23 14:02:17.598000', '2019-03-23 14:02:17.598000', 1, 'en', 'hello look for roles', 3705);
INSERT INTO PUBLIC.INTENT_UTTERANCE (ID, CREATION_DATE, LAST_UPDATE_DATE, VERSION, LOCALE, UTTERANCE, OWNER_INTENT_ID) VALUES (3716, '2019-03-23 14:02:17.599000', '2019-03-23 14:02:17.599000', 1, 'en', 'look roles', 3705);
INSERT INTO PUBLIC.INTENT_UTTERANCE (ID, CREATION_DATE, LAST_UPDATE_DATE, VERSION, LOCALE, UTTERANCE, OWNER_INTENT_ID) VALUES (3717, '2019-03-23 14:02:17.599000', '2019-03-23 14:02:17.599000', 1, 'en', 'I want to search for role', 3705);
INSERT INTO PUBLIC.INTENT_UTTERANCE (ID, CREATION_DATE, LAST_UPDATE_DATE, VERSION, LOCALE, UTTERANCE, OWNER_INTENT_ID) VALUES (3718, '2019-03-23 14:02:17.599000', '2019-03-23 14:02:17.599000', 1, 'en', 'hello help me search for role', 3705);
INSERT INTO PUBLIC.INTENT_UTTERANCE (ID, CREATION_DATE, LAST_UPDATE_DATE, VERSION, LOCALE, UTTERANCE, OWNER_INTENT_ID) VALUES (3719, '2019-03-23 14:02:17.599000', '2019-03-23 14:02:17.599000', 1, 'en', 'is there any role', 3705);
INSERT INTO PUBLIC.INTENT_UTTERANCE (ID, CREATION_DATE, LAST_UPDATE_DATE, VERSION, LOCALE, UTTERANCE, OWNER_INTENT_ID) VALUES (3720, '2019-03-23 14:02:17.599000', '2019-03-23 14:02:17.599000', 1, 'en', 'hello can you search for roles', 3705);
INSERT INTO PUBLIC.INTENT_UTTERANCE (ID, CREATION_DATE, LAST_UPDATE_DATE, VERSION, LOCALE, UTTERANCE, OWNER_INTENT_ID) VALUES (3721, '2019-03-23 14:02:17.601000', '2019-03-23 14:02:17.601000', 1, 'en', 'search roles', 3705);
INSERT INTO PUBLIC.INTENT_UTTERANCE (ID, CREATION_DATE, LAST_UPDATE_DATE, VERSION, LOCALE, UTTERANCE, OWNER_INTENT_ID) VALUES (3722, '2019-03-23 14:02:17.604000', '2019-03-23 14:02:17.604000', 1, 'en', 'hello I want to search for roles', 3705);
INSERT INTO PUBLIC.INTENT_UTTERANCE (ID, CREATION_DATE, LAST_UPDATE_DATE, VERSION, LOCALE, UTTERANCE, OWNER_INTENT_ID) VALUES (3723, '2019-03-23 14:02:17.607000', '2019-03-23 14:02:17.607000', 1, 'en', 'please help me search for roles', 3705);
INSERT INTO PUBLIC.INTENT_UTTERANCE (ID, CREATION_DATE, LAST_UPDATE_DATE, VERSION, LOCALE, UTTERANCE, OWNER_INTENT_ID) VALUES (3724, '2019-03-23 14:02:17.607000', '2019-03-23 14:02:17.607000', 1, 'en', 'hello search for roles', 3705);
INSERT INTO PUBLIC.INTENT_UTTERANCE (ID, CREATION_DATE, LAST_UPDATE_DATE, VERSION, LOCALE, UTTERANCE, OWNER_INTENT_ID) VALUES (3725, '2019-03-23 14:02:17.608000', '2019-03-23 14:02:17.608000', 1, 'en', 'hello please help me search for role', 3705);
INSERT INTO PUBLIC.INTENT_UTTERANCE (ID, CREATION_DATE, LAST_UPDATE_DATE, VERSION, LOCALE, UTTERANCE, OWNER_INTENT_ID) VALUES (3726, '2019-03-23 14:02:17.608000', '2019-03-23 14:02:17.608000', 1, 'en', 'hello is there any role', 3705);
INSERT INTO PUBLIC.INTENT_UTTERANCE (ID, CREATION_DATE, LAST_UPDATE_DATE, VERSION, LOCALE, UTTERANCE, OWNER_INTENT_ID) VALUES (3727, '2019-03-23 14:02:17.608000', '2019-03-23 14:02:17.608000', 1, 'en', 'help me search for role', 3705);
INSERT INTO PUBLIC.INTENT_UTTERANCE (ID, CREATION_DATE, LAST_UPDATE_DATE, VERSION, LOCALE, UTTERANCE, OWNER_INTENT_ID) VALUES (3728, '2019-03-23 14:02:17.608000', '2019-03-23 14:02:17.608000', 1, 'en', 'please help me search for role', 3705);
INSERT INTO PUBLIC.INTENT_UTTERANCE (ID, CREATION_DATE, LAST_UPDATE_DATE, VERSION, LOCALE, UTTERANCE, OWNER_INTENT_ID) VALUES (3729, '2019-03-23 14:02:17.608000', '2019-03-23 14:02:17.608000', 1, 'en', 'hello I want to search for role', 3705);
INSERT INTO PUBLIC.INTENT_UTTERANCE (ID, CREATION_DATE, LAST_UPDATE_DATE, VERSION, LOCALE, UTTERANCE, OWNER_INTENT_ID) VALUES (3730, '2019-03-23 14:02:17.609000', '2019-03-23 14:02:17.609000', 1, 'en', 'hello are there any roles', 3705);
INSERT INTO PUBLIC.INTENT_UTTERANCE (ID, CREATION_DATE, LAST_UPDATE_DATE, VERSION, LOCALE, UTTERANCE, OWNER_INTENT_ID) VALUES (3731, '2019-03-23 14:02:17.609000', '2019-03-23 14:02:17.609000', 1, 'en', 'hello look for role', 3705);
INSERT INTO PUBLIC.INTENT_UTTERANCE (ID, CREATION_DATE, LAST_UPDATE_DATE, VERSION, LOCALE, UTTERANCE, OWNER_INTENT_ID) VALUES (3732, '2019-03-23 14:02:17.609000', '2019-03-23 14:02:17.609000', 1, 'en', 'can you search for roles', 3705);
INSERT INTO PUBLIC.INTENT_UTTERANCE (ID, CREATION_DATE, LAST_UPDATE_DATE, VERSION, LOCALE, UTTERANCE, OWNER_INTENT_ID) VALUES (3733, '2019-03-23 14:02:17.609000', '2019-03-23 14:02:17.609000', 1, 'en', 'hello please help me search for roles', 3705);
INSERT INTO PUBLIC.INTENT_UTTERANCE (ID, CREATION_DATE, LAST_UPDATE_DATE, VERSION, LOCALE, UTTERANCE, OWNER_INTENT_ID) VALUES (3734, '2019-03-23 14:02:17.609000', '2019-03-23 14:02:17.609000', 1, 'en', 'find roles', 3705);
INSERT INTO PUBLIC.INTENT_UTTERANCE (ID, CREATION_DATE, LAST_UPDATE_DATE, VERSION, LOCALE, UTTERANCE, OWNER_INTENT_ID) VALUES (3737, '2019-03-23 14:02:45.252000', '2019-06-15 07:46:56.011000', 1, 'en', 'howdy', 3735);
INSERT INTO PUBLIC.INTENT_UTTERANCE (ID, CREATION_DATE, LAST_UPDATE_DATE, VERSION, LOCALE, UTTERANCE, OWNER_INTENT_ID) VALUES (3738, '2019-03-23 14:02:45.252000', '2019-06-15 07:46:56.011000', 1, 'en', 'hope you are doing good', 3735);
INSERT INTO PUBLIC.INTENT_UTTERANCE (ID, CREATION_DATE, LAST_UPDATE_DATE, VERSION, LOCALE, UTTERANCE, OWNER_INTENT_ID) VALUES (3739, '2019-03-23 14:02:45.252000', '2019-06-15 07:46:56.011000', 1, 'en', 'how are you doing', 3735);
INSERT INTO PUBLIC.INTENT_UTTERANCE (ID, CREATION_DATE, LAST_UPDATE_DATE, VERSION, LOCALE, UTTERANCE, OWNER_INTENT_ID) VALUES (3740, '2019-03-23 14:02:45.252000', '2019-06-15 07:46:56.011000', 1, 'en', 'Ola', 3735);
INSERT INTO PUBLIC.INTENT_UTTERANCE (ID, CREATION_DATE, LAST_UPDATE_DATE, VERSION, LOCALE, UTTERANCE, OWNER_INTENT_ID) VALUES (3741, '2019-03-23 14:02:45.252000', '2019-06-15 07:46:56.011000', 1, 'en', 'how are you', 3735);
INSERT INTO PUBLIC.INTENT_UTTERANCE (ID, CREATION_DATE, LAST_UPDATE_DATE, VERSION, LOCALE, UTTERANCE, OWNER_INTENT_ID) VALUES (3742, '2019-03-23 14:02:45.252000', '2019-06-15 07:46:56.011000', 1, 'en', 'hello', 3735);
INSERT INTO PUBLIC.INTENT_UTTERANCE (ID, CREATION_DATE, LAST_UPDATE_DATE, VERSION, LOCALE, UTTERANCE, OWNER_INTENT_ID) VALUES (3743, '2019-03-23 14:02:45.253000', '2019-06-15 07:46:56.011000', 1, 'en', 'hi', 3735);
INSERT INTO PUBLIC.INTENT_UTTERANCE (ID, CREATION_DATE, LAST_UPDATE_DATE, VERSION, LOCALE, UTTERANCE, OWNER_INTENT_ID) VALUES (3744, '2019-03-23 14:02:45.253000', '2019-06-15 07:46:56.011000', 1, 'en', 'are you ok', 3735);
INSERT INTO PUBLIC.INTENT_UTTERANCE (ID, CREATION_DATE, LAST_UPDATE_DATE, VERSION, LOCALE, UTTERANCE, OWNER_INTENT_ID) VALUES (3747, '2019-03-23 14:02:45.253000', '2019-06-15 07:50:13.059000', 1, 'en', 'how do you work', 3745);
INSERT INTO PUBLIC.INTENT_UTTERANCE (ID, CREATION_DATE, LAST_UPDATE_DATE, VERSION, LOCALE, UTTERANCE, OWNER_INTENT_ID) VALUES (3748, '2019-03-23 14:02:45.253000', '2019-06-15 07:50:13.059000', 1, 'en', 'help', 3745);
INSERT INTO PUBLIC.INTENT_UTTERANCE (ID, CREATION_DATE, LAST_UPDATE_DATE, VERSION, LOCALE, UTTERANCE, OWNER_INTENT_ID) VALUES (3749, '2019-03-23 14:02:45.253000', '2019-06-15 07:50:13.059000', 1, 'en', 'help me', 3745);
INSERT INTO PUBLIC.INTENT_UTTERANCE (ID, CREATION_DATE, LAST_UPDATE_DATE, VERSION, LOCALE, UTTERANCE, OWNER_INTENT_ID) VALUES (3752, '2019-03-23 14:02:45.254000', '2019-08-14 20:04:43.748000', 1, 'en', 'perform event delete', 3750);
INSERT INTO PUBLIC.INTENT_UTTERANCE (ID, CREATION_DATE, LAST_UPDATE_DATE, VERSION, LOCALE, UTTERANCE, OWNER_INTENT_ID) VALUES (3755, '2019-03-23 14:02:45.255000', '2019-06-12 17:02:46.576000', 1, 'en', 'resolve log in issues', 3753);
INSERT INTO PUBLIC.INTENT_UTTERANCE (ID, CREATION_DATE, LAST_UPDATE_DATE, VERSION, LOCALE, UTTERANCE, OWNER_INTENT_ID) VALUES (3756, '2019-03-23 14:02:45.255000', '2019-06-12 17:02:46.576000', 1, 'en', 'resolve login problems', 3753);
INSERT INTO PUBLIC.INTENT_UTTERANCE (ID, CREATION_DATE, LAST_UPDATE_DATE, VERSION, LOCALE, UTTERANCE, OWNER_INTENT_ID) VALUES (3757, '2019-03-23 14:02:45.255000', '2019-06-12 17:02:46.576000', 1, 'en', 'have problems log in', 3753);
INSERT INTO PUBLIC.INTENT_UTTERANCE (ID, CREATION_DATE, LAST_UPDATE_DATE, VERSION, LOCALE, UTTERANCE, OWNER_INTENT_ID) VALUES (3758, '2019-03-23 14:02:45.255000', '2019-06-12 17:02:46.576000', 1, 'en', 'not able to signin', 3753);
INSERT INTO PUBLIC.INTENT_UTTERANCE (ID, CREATION_DATE, LAST_UPDATE_DATE, VERSION, LOCALE, UTTERANCE, OWNER_INTENT_ID) VALUES (3759, '2019-03-23 14:02:45.255000', '2019-06-12 17:02:46.575000', 1, 'en', 'fix login problems', 3753);
INSERT INTO PUBLIC.INTENT_UTTERANCE (ID, CREATION_DATE, LAST_UPDATE_DATE, VERSION, LOCALE, UTTERANCE, OWNER_INTENT_ID) VALUES (3760, '2019-03-23 14:02:45.255000', '2019-06-12 17:02:46.575000', 1, 'en', 'resolve sign in problems', 3753);
INSERT INTO PUBLIC.INTENT_UTTERANCE (ID, CREATION_DATE, LAST_UPDATE_DATE, VERSION, LOCALE, UTTERANCE, OWNER_INTENT_ID) VALUES (3761, '2019-03-23 14:02:45.255000', '2019-06-12 17:02:46.575000', 1, 'en', 'resolve sign in issues', 3753);
INSERT INTO PUBLIC.INTENT_UTTERANCE (ID, CREATION_DATE, LAST_UPDATE_DATE, VERSION, LOCALE, UTTERANCE, OWNER_INTENT_ID) VALUES (3762, '2019-03-23 14:02:45.256000', '2019-06-12 17:02:46.576000', 1, 'en', 'need help sign in', 3753);
INSERT INTO PUBLIC.INTENT_UTTERANCE (ID, CREATION_DATE, LAST_UPDATE_DATE, VERSION, LOCALE, UTTERANCE, OWNER_INTENT_ID) VALUES (3763, '2019-03-23 14:02:45.256000', '2019-06-12 17:02:46.576000', 1, 'en', 'resolve log in problems', 3753);
INSERT INTO PUBLIC.INTENT_UTTERANCE (ID, CREATION_DATE, LAST_UPDATE_DATE, VERSION, LOCALE, UTTERANCE, OWNER_INTENT_ID) VALUES (3764, '2019-03-23 14:02:45.256000', '2019-06-12 17:02:46.576000', 1, 'en', 'not able to login', 3753);
INSERT INTO PUBLIC.INTENT_UTTERANCE (ID, CREATION_DATE, LAST_UPDATE_DATE, VERSION, LOCALE, UTTERANCE, OWNER_INTENT_ID) VALUES (3765, '2019-03-23 14:02:45.256000', '2019-06-12 17:02:46.575000', 1, 'en', 'resolve signin problems', 3753);
INSERT INTO PUBLIC.INTENT_UTTERANCE (ID, CREATION_DATE, LAST_UPDATE_DATE, VERSION, LOCALE, UTTERANCE, OWNER_INTENT_ID) VALUES (3766, '2019-03-23 14:02:45.256000', '2019-06-12 17:02:46.575000', 1, 'en', 'cannot access my account', 3753);
INSERT INTO PUBLIC.INTENT_UTTERANCE (ID, CREATION_DATE, LAST_UPDATE_DATE, VERSION, LOCALE, UTTERANCE, OWNER_INTENT_ID) VALUES (3767, '2019-03-23 14:02:45.256000', '2019-06-12 17:02:46.575000', 1, 'en', 'have log in issues', 3753);
INSERT INTO PUBLIC.INTENT_UTTERANCE (ID, CREATION_DATE, LAST_UPDATE_DATE, VERSION, LOCALE, UTTERANCE, OWNER_INTENT_ID) VALUES (3768, '2019-03-23 14:02:45.256000', '2019-06-12 17:02:46.575000', 1, 'en', 'fix sign in problems', 3753);
INSERT INTO PUBLIC.INTENT_UTTERANCE (ID, CREATION_DATE, LAST_UPDATE_DATE, VERSION, LOCALE, UTTERANCE, OWNER_INTENT_ID) VALUES (3769, '2019-03-23 14:02:45.256000', '2019-06-12 17:02:46.575000', 1, 'en', 'fix log in problems', 3753);
INSERT INTO PUBLIC.INTENT_UTTERANCE (ID, CREATION_DATE, LAST_UPDATE_DATE, VERSION, LOCALE, UTTERANCE, OWNER_INTENT_ID) VALUES (3770, '2019-03-23 14:02:45.256000', '2019-06-12 17:02:46.575000', 1, 'en', 'am having problems login', 3753);
INSERT INTO PUBLIC.INTENT_UTTERANCE (ID, CREATION_DATE, LAST_UPDATE_DATE, VERSION, LOCALE, UTTERANCE, OWNER_INTENT_ID) VALUES (3771, '2019-03-23 14:02:45.256000', '2019-06-12 17:02:46.575000', 1, 'en', 'not able to sign in', 3753);
INSERT INTO PUBLIC.INTENT_UTTERANCE (ID, CREATION_DATE, LAST_UPDATE_DATE, VERSION, LOCALE, UTTERANCE, OWNER_INTENT_ID) VALUES (3772, '2019-03-23 14:02:45.257000', '2019-06-12 17:02:46.576000', 1, 'en', 'resolve login issues', 3753);
INSERT INTO PUBLIC.INTENT_UTTERANCE (ID, CREATION_DATE, LAST_UPDATE_DATE, VERSION, LOCALE, UTTERANCE, OWNER_INTENT_ID) VALUES (3773, '2019-03-23 14:02:45.257000', '2019-06-12 17:02:46.576000', 1, 'en', 'have login issues', 3753);
INSERT INTO PUBLIC.INTENT_UTTERANCE (ID, CREATION_DATE, LAST_UPDATE_DATE, VERSION, LOCALE, UTTERANCE, OWNER_INTENT_ID) VALUES (3774, '2019-03-23 14:02:45.257000', '2019-06-12 17:02:46.575000', 1, 'en', 'have troubles during log in', 3753);
INSERT INTO PUBLIC.INTENT_UTTERANCE (ID, CREATION_DATE, LAST_UPDATE_DATE, VERSION, LOCALE, UTTERANCE, OWNER_INTENT_ID) VALUES (3775, '2019-03-23 14:02:45.257000', '2019-06-12 17:02:46.576000', 1, 'en', 'fix log in issues', 3753);
INSERT INTO PUBLIC.INTENT_UTTERANCE (ID, CREATION_DATE, LAST_UPDATE_DATE, VERSION, LOCALE, UTTERANCE, OWNER_INTENT_ID) VALUES (3776, '2019-03-23 14:02:45.257000', '2019-06-12 17:02:46.575000', 1, 'en', 'having login problems', 3753);
INSERT INTO PUBLIC.INTENT_UTTERANCE (ID, CREATION_DATE, LAST_UPDATE_DATE, VERSION, LOCALE, UTTERANCE, OWNER_INTENT_ID) VALUES (3777, '2019-03-23 14:02:45.257000', '2019-06-12 17:02:46.575000', 1, 'en', 'cannot log in', 3753);
INSERT INTO PUBLIC.INTENT_UTTERANCE (ID, CREATION_DATE, LAST_UPDATE_DATE, VERSION, LOCALE, UTTERANCE, OWNER_INTENT_ID) VALUES (3778, '2019-03-23 14:02:45.257000', '2019-06-12 17:02:46.575000', 1, 'en', 'fix signin issues', 3753);
INSERT INTO PUBLIC.INTENT_UTTERANCE (ID, CREATION_DATE, LAST_UPDATE_DATE, VERSION, LOCALE, UTTERANCE, OWNER_INTENT_ID) VALUES (3779, '2019-03-23 14:02:45.257000', '2019-06-12 17:02:46.575000', 1, 'en', 'am having problems signin', 3753);
INSERT INTO PUBLIC.INTENT_UTTERANCE (ID, CREATION_DATE, LAST_UPDATE_DATE, VERSION, LOCALE, UTTERANCE, OWNER_INTENT_ID) VALUES (3780, '2019-03-23 14:02:45.257000', '2019-06-12 17:02:46.576000', 1, 'en', 'resolve signin issues', 3753);
INSERT INTO PUBLIC.INTENT_UTTERANCE (ID, CREATION_DATE, LAST_UPDATE_DATE, VERSION, LOCALE, UTTERANCE, OWNER_INTENT_ID) VALUES (3781, '2019-03-23 14:02:45.257000', '2019-06-12 17:02:46.575000', 1, 'en', 'am having problems log in', 3753);
INSERT INTO PUBLIC.INTENT_UTTERANCE (ID, CREATION_DATE, LAST_UPDATE_DATE, VERSION, LOCALE, UTTERANCE, OWNER_INTENT_ID) VALUES (3782, '2019-03-23 14:02:45.257000', '2019-06-12 17:02:46.575000', 1, 'en', 'not able to log in', 3753);
INSERT INTO PUBLIC.INTENT_UTTERANCE (ID, CREATION_DATE, LAST_UPDATE_DATE, VERSION, LOCALE, UTTERANCE, OWNER_INTENT_ID) VALUES (3785, '2019-03-23 14:02:45.258000', '2019-03-23 14:02:45.258000', 1, 'en', 'helpful', 3783);
INSERT INTO PUBLIC.INTENT_UTTERANCE (ID, CREATION_DATE, LAST_UPDATE_DATE, VERSION, LOCALE, UTTERANCE, OWNER_INTENT_ID) VALUES (3786, '2019-03-23 14:02:45.259000', '2019-03-23 14:02:45.259000', 1, 'en', 'thanks', 3783);
INSERT INTO PUBLIC.INTENT_UTTERANCE (ID, CREATION_DATE, LAST_UPDATE_DATE, VERSION, LOCALE, UTTERANCE, OWNER_INTENT_ID) VALUES (3787, '2019-03-23 14:02:45.259000', '2019-03-23 14:02:45.259000', 1, 'en', 'that helps', 3783);
INSERT INTO PUBLIC.INTENT_UTTERANCE (ID, CREATION_DATE, LAST_UPDATE_DATE, VERSION, LOCALE, UTTERANCE, OWNER_INTENT_ID) VALUES (3788, '2019-03-23 14:02:45.259000', '2019-03-23 14:02:45.259000', 1, 'en', 'thank you', 3783);
INSERT INTO PUBLIC.INTENT_UTTERANCE (ID, CREATION_DATE, LAST_UPDATE_DATE, VERSION, LOCALE, UTTERANCE, OWNER_INTENT_ID) VALUES (3791, '2019-03-23 14:02:45.260000', '2019-06-15 07:44:05.885000', 1, 'en', 'event delete complete', 3789);
INSERT INTO PUBLIC.INTENT_UTTERANCE (ID, CREATION_DATE, LAST_UPDATE_DATE, VERSION, LOCALE, UTTERANCE, OWNER_INTENT_ID) VALUES (3794, '2019-03-23 14:02:45.260000', '2019-05-30 21:01:18.767000', 1, 'en', 'event', 3792);
INSERT INTO PUBLIC.INTENT_UTTERANCE (ID, CREATION_DATE, LAST_UPDATE_DATE, VERSION, LOCALE, UTTERANCE, OWNER_INTENT_ID) VALUES (3795, '2019-03-23 14:02:45.260000', '2019-05-30 21:01:18.767000', 1, 'en', 'hello can you search for event', 3792);
INSERT INTO PUBLIC.INTENT_UTTERANCE (ID, CREATION_DATE, LAST_UPDATE_DATE, VERSION, LOCALE, UTTERANCE, OWNER_INTENT_ID) VALUES (3796, '2019-03-23 14:02:45.260000', '2019-05-30 21:01:18.767000', 1, 'en', 'please help me search for event', 3792);
INSERT INTO PUBLIC.INTENT_UTTERANCE (ID, CREATION_DATE, LAST_UPDATE_DATE, VERSION, LOCALE, UTTERANCE, OWNER_INTENT_ID) VALUES (3797, '2019-03-23 14:02:45.261000', '2019-05-30 21:01:18.767000', 1, 'en', 'hello search for events', 3792);
INSERT INTO PUBLIC.INTENT_UTTERANCE (ID, CREATION_DATE, LAST_UPDATE_DATE, VERSION, LOCALE, UTTERANCE, OWNER_INTENT_ID) VALUES (3798, '2019-03-23 14:02:45.261000', '2019-05-30 21:01:18.767000', 1, 'en', 'hello can you search for events', 3792);
INSERT INTO PUBLIC.INTENT_UTTERANCE (ID, CREATION_DATE, LAST_UPDATE_DATE, VERSION, LOCALE, UTTERANCE, OWNER_INTENT_ID) VALUES (3799, '2019-03-23 14:02:45.261000', '2019-05-30 21:01:18.767000', 1, 'en', 'hello look for events', 3792);
INSERT INTO PUBLIC.INTENT_UTTERANCE (ID, CREATION_DATE, LAST_UPDATE_DATE, VERSION, LOCALE, UTTERANCE, OWNER_INTENT_ID) VALUES (3800, '2019-03-23 14:02:45.261000', '2019-05-30 21:01:18.767000', 1, 'en', 'search for events', 3792);
INSERT INTO PUBLIC.INTENT_UTTERANCE (ID, CREATION_DATE, LAST_UPDATE_DATE, VERSION, LOCALE, UTTERANCE, OWNER_INTENT_ID) VALUES (3801, '2019-03-23 14:02:45.261000', '2019-05-30 21:01:18.767000', 1, 'en', 'lookup event', 3792);
INSERT INTO PUBLIC.INTENT_UTTERANCE (ID, CREATION_DATE, LAST_UPDATE_DATE, VERSION, LOCALE, UTTERANCE, OWNER_INTENT_ID) VALUES (3802, '2019-03-23 14:02:45.261000', '2019-05-30 21:01:18.767000', 1, 'en', 'I want to search for event', 3792);
INSERT INTO PUBLIC.INTENT_UTTERANCE (ID, CREATION_DATE, LAST_UPDATE_DATE, VERSION, LOCALE, UTTERANCE, OWNER_INTENT_ID) VALUES (3803, '2019-03-23 14:02:45.261000', '2019-05-30 21:01:18.767000', 1, 'en', 'show me events', 3792);
INSERT INTO PUBLIC.INTENT_UTTERANCE (ID, CREATION_DATE, LAST_UPDATE_DATE, VERSION, LOCALE, UTTERANCE, OWNER_INTENT_ID) VALUES (3804, '2019-03-23 14:02:45.261000', '2019-05-30 21:01:18.767000', 1, 'en', 'events', 3792);
INSERT INTO PUBLIC.INTENT_UTTERANCE (ID, CREATION_DATE, LAST_UPDATE_DATE, VERSION, LOCALE, UTTERANCE, OWNER_INTENT_ID) VALUES (3805, '2019-03-23 14:02:45.261000', '2019-05-30 21:01:18.767000', 1, 'en', 'I want to search for events', 3792);
INSERT INTO PUBLIC.INTENT_UTTERANCE (ID, CREATION_DATE, LAST_UPDATE_DATE, VERSION, LOCALE, UTTERANCE, OWNER_INTENT_ID) VALUES (3806, '2019-03-23 14:02:45.261000', '2019-05-30 21:01:18.767000', 1, 'en', 'can you search for event', 3792);
INSERT INTO PUBLIC.INTENT_UTTERANCE (ID, CREATION_DATE, LAST_UPDATE_DATE, VERSION, LOCALE, UTTERANCE, OWNER_INTENT_ID) VALUES (3807, '2019-03-23 14:02:45.261000', '2019-05-30 21:01:18.767000', 1, 'en', 'find event', 3792);
INSERT INTO PUBLIC.INTENT_UTTERANCE (ID, CREATION_DATE, LAST_UPDATE_DATE, VERSION, LOCALE, UTTERANCE, OWNER_INTENT_ID) VALUES (3808, '2019-03-23 14:02:45.262000', '2019-05-30 21:01:18.767000', 1, 'en', 'is there an event', 3792);
INSERT INTO PUBLIC.INTENT_UTTERANCE (ID, CREATION_DATE, LAST_UPDATE_DATE, VERSION, LOCALE, UTTERANCE, OWNER_INTENT_ID) VALUES (3809, '2019-03-23 14:02:45.262000', '2019-05-30 21:01:18.767000', 1, 'en', 'please help me search for events', 3792);
INSERT INTO PUBLIC.INTENT_UTTERANCE (ID, CREATION_DATE, LAST_UPDATE_DATE, VERSION, LOCALE, UTTERANCE, OWNER_INTENT_ID) VALUES (3810, '2019-03-23 14:02:45.262000', '2019-05-30 21:01:18.767000', 1, 'en', 'hello are there any events', 3792);
INSERT INTO PUBLIC.INTENT_UTTERANCE (ID, CREATION_DATE, LAST_UPDATE_DATE, VERSION, LOCALE, UTTERANCE, OWNER_INTENT_ID) VALUES (3811, '2019-03-23 14:02:45.262000', '2019-05-30 21:01:18.767000', 1, 'en', 'hello please help me search for events', 3792);
INSERT INTO PUBLIC.INTENT_UTTERANCE (ID, CREATION_DATE, LAST_UPDATE_DATE, VERSION, LOCALE, UTTERANCE, OWNER_INTENT_ID) VALUES (3812, '2019-03-23 14:02:45.262000', '2019-05-30 21:01:18.767000', 1, 'en', 'where are my events', 3792);
INSERT INTO PUBLIC.INTENT_UTTERANCE (ID, CREATION_DATE, LAST_UPDATE_DATE, VERSION, LOCALE, UTTERANCE, OWNER_INTENT_ID) VALUES (3813, '2019-03-23 14:02:45.262000', '2019-05-30 21:01:18.767000', 1, 'en', 'are there any events', 3792);
INSERT INTO PUBLIC.INTENT_UTTERANCE (ID, CREATION_DATE, LAST_UPDATE_DATE, VERSION, LOCALE, UTTERANCE, OWNER_INTENT_ID) VALUES (3814, '2019-03-23 14:02:45.262000', '2019-05-30 21:01:18.767000', 1, 'en', 'lookup events', 3792);
INSERT INTO PUBLIC.INTENT_UTTERANCE (ID, CREATION_DATE, LAST_UPDATE_DATE, VERSION, LOCALE, UTTERANCE, OWNER_INTENT_ID) VALUES (3815, '2019-03-23 14:02:45.262000', '2019-05-30 21:01:18.767000', 1, 'en', 'help me search for event', 3792);
INSERT INTO PUBLIC.INTENT_UTTERANCE (ID, CREATION_DATE, LAST_UPDATE_DATE, VERSION, LOCALE, UTTERANCE, OWNER_INTENT_ID) VALUES (3816, '2019-03-23 14:02:45.262000', '2019-05-30 21:01:18.767000', 1, 'en', 'hello I want to search for event', 3792);
INSERT INTO PUBLIC.INTENT_UTTERANCE (ID, CREATION_DATE, LAST_UPDATE_DATE, VERSION, LOCALE, UTTERANCE, OWNER_INTENT_ID) VALUES (3817, '2019-03-23 14:02:45.263000', '2019-05-30 21:01:18.767000', 1, 'en', 'hello I want to search for events', 3792);
INSERT INTO PUBLIC.INTENT_UTTERANCE (ID, CREATION_DATE, LAST_UPDATE_DATE, VERSION, LOCALE, UTTERANCE, OWNER_INTENT_ID) VALUES (3818, '2019-03-23 14:02:45.263000', '2019-05-30 21:01:18.767000', 1, 'en', 'search event', 3792);
INSERT INTO PUBLIC.INTENT_UTTERANCE (ID, CREATION_DATE, LAST_UPDATE_DATE, VERSION, LOCALE, UTTERANCE, OWNER_INTENT_ID) VALUES (3819, '2019-03-23 14:02:45.263000', '2019-05-30 21:01:18.767000', 1, 'en', 'find events', 3792);
INSERT INTO PUBLIC.INTENT_UTTERANCE (ID, CREATION_DATE, LAST_UPDATE_DATE, VERSION, LOCALE, UTTERANCE, OWNER_INTENT_ID) VALUES (3820, '2019-03-23 14:02:45.263000', '2019-05-30 21:01:18.767000', 1, 'en', 'search events', 3792);
INSERT INTO PUBLIC.INTENT_UTTERANCE (ID, CREATION_DATE, LAST_UPDATE_DATE, VERSION, LOCALE, UTTERANCE, OWNER_INTENT_ID) VALUES (3821, '2019-03-23 14:02:45.264000', '2019-05-30 21:01:18.767000', 1, 'en', 'hello please help me search for event', 3792);
INSERT INTO PUBLIC.INTENT_UTTERANCE (ID, CREATION_DATE, LAST_UPDATE_DATE, VERSION, LOCALE, UTTERANCE, OWNER_INTENT_ID) VALUES (3822, '2019-03-23 14:02:45.264000', '2019-05-30 21:01:18.767000', 1, 'en', 'hello is there an event', 3792);
INSERT INTO PUBLIC.INTENT_UTTERANCE (ID, CREATION_DATE, LAST_UPDATE_DATE, VERSION, LOCALE, UTTERANCE, OWNER_INTENT_ID) VALUES (3823, '2019-03-23 14:02:45.264000', '2019-05-30 21:01:18.767000', 1, 'en', 'show me my events', 3792);
INSERT INTO PUBLIC.INTENT_UTTERANCE (ID, CREATION_DATE, LAST_UPDATE_DATE, VERSION, LOCALE, UTTERANCE, OWNER_INTENT_ID) VALUES (3824, '2019-03-23 14:02:45.264000', '2019-05-30 21:01:18.767000', 1, 'en', 'can you search for events', 3792);
INSERT INTO PUBLIC.INTENT_UTTERANCE (ID, CREATION_DATE, LAST_UPDATE_DATE, VERSION, LOCALE, UTTERANCE, OWNER_INTENT_ID) VALUES (3825, '2019-03-23 14:02:45.264000', '2019-05-30 21:01:18.767000', 1, 'en', 'hello help me search for event', 3792);
INSERT INTO PUBLIC.INTENT_UTTERANCE (ID, CREATION_DATE, LAST_UPDATE_DATE, VERSION, LOCALE, UTTERANCE, OWNER_INTENT_ID) VALUES (3826, '2019-03-23 14:02:45.264000', '2019-05-30 21:01:18.767000', 1, 'en', 'look for events', 3792);
INSERT INTO PUBLIC.INTENT_UTTERANCE (ID, CREATION_DATE, LAST_UPDATE_DATE, VERSION, LOCALE, UTTERANCE, OWNER_INTENT_ID) VALUES (3829, '2019-03-23 14:02:45.265000', '2019-05-30 20:23:51.886000', 1, 'en', 'is there event near', 3827);
INSERT INTO PUBLIC.INTENT_UTTERANCE (ID, CREATION_DATE, LAST_UPDATE_DATE, VERSION, LOCALE, UTTERANCE, OWNER_INTENT_ID) VALUES (3830, '2019-03-23 14:02:45.265000', '2019-05-30 20:23:51.885000', 1, 'en', 'can you search event near', 3827);
INSERT INTO PUBLIC.INTENT_UTTERANCE (ID, CREATION_DATE, LAST_UPDATE_DATE, VERSION, LOCALE, UTTERANCE, OWNER_INTENT_ID) VALUES (3831, '2019-03-23 14:02:45.265000', '2019-05-30 20:23:51.886000', 1, 'en', 'hello can you search events near', 3827);
INSERT INTO PUBLIC.INTENT_UTTERANCE (ID, CREATION_DATE, LAST_UPDATE_DATE, VERSION, LOCALE, UTTERANCE, OWNER_INTENT_ID) VALUES (3832, '2019-03-23 14:02:45.266000', '2019-05-30 20:23:51.887000', 1, 'en', 'hello what is event near', 3827);
INSERT INTO PUBLIC.INTENT_UTTERANCE (ID, CREATION_DATE, LAST_UPDATE_DATE, VERSION, LOCALE, UTTERANCE, OWNER_INTENT_ID) VALUES (3833, '2019-03-23 14:02:45.266000', '2019-05-30 20:23:51.885000', 1, 'en', 'hello I want to search event near', 3827);
INSERT INTO PUBLIC.INTENT_UTTERANCE (ID, CREATION_DATE, LAST_UPDATE_DATE, VERSION, LOCALE, UTTERANCE, OWNER_INTENT_ID) VALUES (3834, '2019-03-23 14:02:45.266000', '2019-05-30 20:23:51.887000', 1, 'en', 'I want to search events near', 3827);
INSERT INTO PUBLIC.INTENT_UTTERANCE (ID, CREATION_DATE, LAST_UPDATE_DATE, VERSION, LOCALE, UTTERANCE, OWNER_INTENT_ID) VALUES (3835, '2019-03-23 14:02:45.266000', '2019-05-30 20:23:51.885000', 1, 'en', 'search events in', 3827);
INSERT INTO PUBLIC.INTENT_UTTERANCE (ID, CREATION_DATE, LAST_UPDATE_DATE, VERSION, LOCALE, UTTERANCE, OWNER_INTENT_ID) VALUES (3836, '2019-03-23 14:02:45.266000', '2019-05-30 20:23:51.887000', 1, 'en', 'what is event in', 3827);
INSERT INTO PUBLIC.INTENT_UTTERANCE (ID, CREATION_DATE, LAST_UPDATE_DATE, VERSION, LOCALE, UTTERANCE, OWNER_INTENT_ID) VALUES (3837, '2019-03-23 14:02:45.267000', '2019-05-30 20:23:51.885000', 1, 'en', 'hello search for events near', 3827);
INSERT INTO PUBLIC.INTENT_UTTERANCE (ID, CREATION_DATE, LAST_UPDATE_DATE, VERSION, LOCALE, UTTERANCE, OWNER_INTENT_ID) VALUES (3838, '2019-03-23 14:02:45.267000', '2019-05-30 20:23:51.887000', 1, 'en', 'hello what are events in', 3827);
INSERT INTO PUBLIC.INTENT_UTTERANCE (ID, CREATION_DATE, LAST_UPDATE_DATE, VERSION, LOCALE, UTTERANCE, OWNER_INTENT_ID) VALUES (3839, '2019-03-23 14:02:45.267000', '2019-05-30 20:23:51.886000', 1, 'en', 'look for events in', 3827);
INSERT INTO PUBLIC.INTENT_UTTERANCE (ID, CREATION_DATE, LAST_UPDATE_DATE, VERSION, LOCALE, UTTERANCE, OWNER_INTENT_ID) VALUES (3840, '2019-03-23 14:02:45.267000', '2019-05-30 20:23:51.886000', 1, 'en', 'hello search event in', 3827);
INSERT INTO PUBLIC.INTENT_UTTERANCE (ID, CREATION_DATE, LAST_UPDATE_DATE, VERSION, LOCALE, UTTERANCE, OWNER_INTENT_ID) VALUES (3841, '2019-03-23 14:02:45.267000', '2019-05-30 20:23:51.887000', 1, 'en', 'hello look for events in', 3827);
INSERT INTO PUBLIC.INTENT_UTTERANCE (ID, CREATION_DATE, LAST_UPDATE_DATE, VERSION, LOCALE, UTTERANCE, OWNER_INTENT_ID) VALUES (3842, '2019-03-23 14:02:45.267000', '2019-05-30 20:23:51.886000', 1, 'en', 'search events near', 3827);
INSERT INTO PUBLIC.INTENT_UTTERANCE (ID, CREATION_DATE, LAST_UPDATE_DATE, VERSION, LOCALE, UTTERANCE, OWNER_INTENT_ID) VALUES (3843, '2019-03-23 14:02:45.268000', '2019-05-30 20:23:51.886000', 1, 'en', 'search for event in', 3827);
INSERT INTO PUBLIC.INTENT_UTTERANCE (ID, CREATION_DATE, LAST_UPDATE_DATE, VERSION, LOCALE, UTTERANCE, OWNER_INTENT_ID) VALUES (3844, '2019-03-23 14:02:45.268000', '2019-05-30 20:23:51.885000', 1, 'en', 'hello search for events in', 3827);
INSERT INTO PUBLIC.INTENT_UTTERANCE (ID, CREATION_DATE, LAST_UPDATE_DATE, VERSION, LOCALE, UTTERANCE, OWNER_INTENT_ID) VALUES (3845, '2019-03-23 14:02:45.269000', '2019-05-30 20:23:51.886000', 1, 'en', 'what events are in', 3827);
INSERT INTO PUBLIC.INTENT_UTTERANCE (ID, CREATION_DATE, LAST_UPDATE_DATE, VERSION, LOCALE, UTTERANCE, OWNER_INTENT_ID) VALUES (3846, '2019-03-23 14:02:45.269000', '2019-05-30 20:23:51.886000', 1, 'en', 'hello search event close to', 3827);
INSERT INTO PUBLIC.INTENT_UTTERANCE (ID, CREATION_DATE, LAST_UPDATE_DATE, VERSION, LOCALE, UTTERANCE, OWNER_INTENT_ID) VALUES (3847, '2019-03-23 14:02:45.269000', '2019-05-30 20:23:51.886000', 1, 'en', 'search event near', 3827);
INSERT INTO PUBLIC.INTENT_UTTERANCE (ID, CREATION_DATE, LAST_UPDATE_DATE, VERSION, LOCALE, UTTERANCE, OWNER_INTENT_ID) VALUES (3848, '2019-03-23 14:02:45.269000', '2019-05-30 20:23:51.886000', 1, 'en', 'hello what events are near', 3827);
INSERT INTO PUBLIC.INTENT_UTTERANCE (ID, CREATION_DATE, LAST_UPDATE_DATE, VERSION, LOCALE, UTTERANCE, OWNER_INTENT_ID) VALUES (3849, '2019-03-23 14:02:45.270000', '2019-05-30 20:23:51.885000', 1, 'en', 'hello get search events near', 3827);
INSERT INTO PUBLIC.INTENT_UTTERANCE (ID, CREATION_DATE, LAST_UPDATE_DATE, VERSION, LOCALE, UTTERANCE, OWNER_INTENT_ID) VALUES (3850, '2019-03-23 14:02:45.270000', '2019-05-30 20:23:51.885000', 1, 'en', 'search event in', 3827);
INSERT INTO PUBLIC.INTENT_UTTERANCE (ID, CREATION_DATE, LAST_UPDATE_DATE, VERSION, LOCALE, UTTERANCE, OWNER_INTENT_ID) VALUES (3851, '2019-03-23 14:02:45.270000', '2019-05-30 20:23:51.886000', 1, 'en', 'what is event near', 3827);
INSERT INTO PUBLIC.INTENT_UTTERANCE (ID, CREATION_DATE, LAST_UPDATE_DATE, VERSION, LOCALE, UTTERANCE, OWNER_INTENT_ID) VALUES (3852, '2019-03-23 14:02:45.270000', '2019-05-30 20:23:51.886000', 1, 'en', 'search for event near', 3827);
INSERT INTO PUBLIC.INTENT_UTTERANCE (ID, CREATION_DATE, LAST_UPDATE_DATE, VERSION, LOCALE, UTTERANCE, OWNER_INTENT_ID) VALUES (3853, '2019-03-23 14:02:45.270000', '2019-05-30 20:23:51.886000', 1, 'en', 'I want to search events in', 3827);
INSERT INTO PUBLIC.INTENT_UTTERANCE (ID, CREATION_DATE, LAST_UPDATE_DATE, VERSION, LOCALE, UTTERANCE, OWNER_INTENT_ID) VALUES (3854, '2019-03-23 14:02:45.270000', '2019-05-30 20:23:51.887000', 1, 'en', 'are there events in', 3827);
INSERT INTO PUBLIC.INTENT_UTTERANCE (ID, CREATION_DATE, LAST_UPDATE_DATE, VERSION, LOCALE, UTTERANCE, OWNER_INTENT_ID) VALUES (3855, '2019-03-23 14:02:45.271000', '2019-05-30 20:23:51.886000', 1, 'en', 'hello can you search event in', 3827);
INSERT INTO PUBLIC.INTENT_UTTERANCE (ID, CREATION_DATE, LAST_UPDATE_DATE, VERSION, LOCALE, UTTERANCE, OWNER_INTENT_ID) VALUES (3856, '2019-03-23 14:02:45.271000', '2019-05-30 20:23:51.887000', 1, 'en', 'hello I want to search events near', 3827);
INSERT INTO PUBLIC.INTENT_UTTERANCE (ID, CREATION_DATE, LAST_UPDATE_DATE, VERSION, LOCALE, UTTERANCE, OWNER_INTENT_ID) VALUES (3857, '2019-03-23 14:02:45.271000', '2019-05-30 20:23:51.887000', 1, 'en', 'hello search for event near', 3827);
INSERT INTO PUBLIC.INTENT_UTTERANCE (ID, CREATION_DATE, LAST_UPDATE_DATE, VERSION, LOCALE, UTTERANCE, OWNER_INTENT_ID) VALUES (3858, '2019-03-23 14:02:45.271000', '2019-05-30 20:23:51.887000', 1, 'en', 'get search events in', 3827);
INSERT INTO PUBLIC.INTENT_UTTERANCE (ID, CREATION_DATE, LAST_UPDATE_DATE, VERSION, LOCALE, UTTERANCE, OWNER_INTENT_ID) VALUES (3859, '2019-03-23 14:02:45.271000', '2019-05-30 20:23:51.887000', 1, 'en', 'look for events near', 3827);
INSERT INTO PUBLIC.INTENT_UTTERANCE (ID, CREATION_DATE, LAST_UPDATE_DATE, VERSION, LOCALE, UTTERANCE, OWNER_INTENT_ID) VALUES (3860, '2019-03-23 14:02:45.271000', '2019-05-30 20:23:51.887000', 1, 'en', 'I want to search event in', 3827);
INSERT INTO PUBLIC.INTENT_UTTERANCE (ID, CREATION_DATE, LAST_UPDATE_DATE, VERSION, LOCALE, UTTERANCE, OWNER_INTENT_ID) VALUES (3861, '2019-03-23 14:02:45.271000', '2019-05-30 20:23:51.887000', 1, 'en', 'search for events near', 3827);
INSERT INTO PUBLIC.INTENT_UTTERANCE (ID, CREATION_DATE, LAST_UPDATE_DATE, VERSION, LOCALE, UTTERANCE, OWNER_INTENT_ID) VALUES (3862, '2019-03-23 14:02:45.271000', '2019-05-30 20:23:51.884000', 1, 'en', 'hello what events are in', 3827);
INSERT INTO PUBLIC.INTENT_UTTERANCE (ID, CREATION_DATE, LAST_UPDATE_DATE, VERSION, LOCALE, UTTERANCE, OWNER_INTENT_ID) VALUES (3863, '2019-03-23 14:02:45.271000', '2019-05-30 20:23:51.886000', 1, 'en', 'look for event in', 3827);
INSERT INTO PUBLIC.INTENT_UTTERANCE (ID, CREATION_DATE, LAST_UPDATE_DATE, VERSION, LOCALE, UTTERANCE, OWNER_INTENT_ID) VALUES (3864, '2019-03-23 14:02:45.272000', '2019-05-30 20:23:51.887000', 1, 'en', 'hello search events near', 3827);
INSERT INTO PUBLIC.INTENT_UTTERANCE (ID, CREATION_DATE, LAST_UPDATE_DATE, VERSION, LOCALE, UTTERANCE, OWNER_INTENT_ID) VALUES (3865, '2019-03-23 14:02:45.272000', '2019-05-30 20:23:51.886000', 1, 'en', 'are there events near', 3827);
INSERT INTO PUBLIC.INTENT_UTTERANCE (ID, CREATION_DATE, LAST_UPDATE_DATE, VERSION, LOCALE, UTTERANCE, OWNER_INTENT_ID) VALUES (3866, '2019-03-23 14:02:45.272000', '2019-05-30 20:23:51.886000', 1, 'en', 'hello I want to search events in', 3827);
INSERT INTO PUBLIC.INTENT_UTTERANCE (ID, CREATION_DATE, LAST_UPDATE_DATE, VERSION, LOCALE, UTTERANCE, OWNER_INTENT_ID) VALUES (3867, '2019-03-23 14:02:45.272000', '2019-05-30 20:23:51.886000', 1, 'en', 'what are events near', 3827);
INSERT INTO PUBLIC.INTENT_UTTERANCE (ID, CREATION_DATE, LAST_UPDATE_DATE, VERSION, LOCALE, UTTERANCE, OWNER_INTENT_ID) VALUES (3868, '2019-03-23 14:02:45.273000', '2019-05-30 20:23:51.885000', 1, 'en', 'what events are near', 3827);
INSERT INTO PUBLIC.INTENT_UTTERANCE (ID, CREATION_DATE, LAST_UPDATE_DATE, VERSION, LOCALE, UTTERANCE, OWNER_INTENT_ID) VALUES (3869, '2019-03-23 14:02:45.273000', '2019-05-30 20:23:51.886000', 1, 'en', 'search events close to', 3827);
INSERT INTO PUBLIC.INTENT_UTTERANCE (ID, CREATION_DATE, LAST_UPDATE_DATE, VERSION, LOCALE, UTTERANCE, OWNER_INTENT_ID) VALUES (3870, '2019-03-23 14:02:45.273000', '2019-05-30 20:23:51.885000', 1, 'en', 'what are events in', 3827);
INSERT INTO PUBLIC.INTENT_UTTERANCE (ID, CREATION_DATE, LAST_UPDATE_DATE, VERSION, LOCALE, UTTERANCE, OWNER_INTENT_ID) VALUES (3871, '2019-03-23 14:02:45.273000', '2019-05-30 20:23:51.886000', 1, 'en', 'hello what are events near', 3827);
INSERT INTO PUBLIC.INTENT_UTTERANCE (ID, CREATION_DATE, LAST_UPDATE_DATE, VERSION, LOCALE, UTTERANCE, OWNER_INTENT_ID) VALUES (3872, '2019-03-23 14:02:45.273000', '2019-05-30 20:23:51.887000', 1, 'en', 'search for events in', 3827);
INSERT INTO PUBLIC.INTENT_UTTERANCE (ID, CREATION_DATE, LAST_UPDATE_DATE, VERSION, LOCALE, UTTERANCE, OWNER_INTENT_ID) VALUES (3873, '2019-03-23 14:02:45.274000', '2019-05-30 20:23:51.886000', 1, 'en', 'can you search event in', 3827);
INSERT INTO PUBLIC.INTENT_UTTERANCE (ID, CREATION_DATE, LAST_UPDATE_DATE, VERSION, LOCALE, UTTERANCE, OWNER_INTENT_ID) VALUES (3874, '2019-03-23 14:02:45.274000', '2019-05-30 20:23:51.886000', 1, 'en', 'hello search event near', 3827);
INSERT INTO PUBLIC.INTENT_UTTERANCE (ID, CREATION_DATE, LAST_UPDATE_DATE, VERSION, LOCALE, UTTERANCE, OWNER_INTENT_ID) VALUES (3875, '2019-03-23 14:02:45.274000', '2019-05-30 20:23:51.885000', 1, 'en', 'hello can you search event near', 3827);
INSERT INTO PUBLIC.INTENT_UTTERANCE (ID, CREATION_DATE, LAST_UPDATE_DATE, VERSION, LOCALE, UTTERANCE, OWNER_INTENT_ID) VALUES (3876, '2019-03-23 14:02:45.274000', '2019-05-30 20:23:51.886000', 1, 'en', 'is there event in', 3827);
INSERT INTO PUBLIC.INTENT_UTTERANCE (ID, CREATION_DATE, LAST_UPDATE_DATE, VERSION, LOCALE, UTTERANCE, OWNER_INTENT_ID) VALUES (3877, '2019-03-23 14:02:45.274000', '2019-05-30 20:23:51.886000', 1, 'en', 'I want to search event near', 3827);
INSERT INTO PUBLIC.INTENT_UTTERANCE (ID, CREATION_DATE, LAST_UPDATE_DATE, VERSION, LOCALE, UTTERANCE, OWNER_INTENT_ID) VALUES (3878, '2019-03-23 14:02:45.274000', '2019-05-30 20:23:51.886000', 1, 'en', 'can you search events in', 3827);
INSERT INTO PUBLIC.INTENT_UTTERANCE (ID, CREATION_DATE, LAST_UPDATE_DATE, VERSION, LOCALE, UTTERANCE, OWNER_INTENT_ID) VALUES (3879, '2019-03-23 14:02:45.275000', '2019-05-30 20:23:51.886000', 1, 'en', 'can you search events near', 3827);
INSERT INTO PUBLIC.INTENT_UTTERANCE (ID, CREATION_DATE, LAST_UPDATE_DATE, VERSION, LOCALE, UTTERANCE, OWNER_INTENT_ID) VALUES (3880, '2019-03-23 14:02:45.276000', '2019-05-30 20:23:51.885000', 1, 'en', 'hello search events in', 3827);
INSERT INTO PUBLIC.INTENT_UTTERANCE (ID, CREATION_DATE, LAST_UPDATE_DATE, VERSION, LOCALE, UTTERANCE, OWNER_INTENT_ID) VALUES (3881, '2019-03-23 14:02:45.277000', '2019-05-30 20:23:51.886000', 1, 'en', 'search event close to', 3827);
INSERT INTO PUBLIC.INTENT_UTTERANCE (ID, CREATION_DATE, LAST_UPDATE_DATE, VERSION, LOCALE, UTTERANCE, OWNER_INTENT_ID) VALUES (3882, '2019-03-23 14:02:45.278000', '2019-05-30 20:23:51.886000', 1, 'en', 'look for event near', 3827);
INSERT INTO PUBLIC.INTENT_UTTERANCE (ID, CREATION_DATE, LAST_UPDATE_DATE, VERSION, LOCALE, UTTERANCE, OWNER_INTENT_ID) VALUES (3883, '2019-03-23 14:02:45.278000', '2019-05-30 20:23:51.885000', 1, 'en', 'hello can you search events in', 3827);
INSERT INTO PUBLIC.INTENT_UTTERANCE (ID, CREATION_DATE, LAST_UPDATE_DATE, VERSION, LOCALE, UTTERANCE, OWNER_INTENT_ID) VALUES (3884, '2019-03-23 14:02:45.279000', '2019-05-30 20:23:51.885000', 1, 'en', 'hello I want to search event in', 3827);
INSERT INTO PUBLIC.INTENT_UTTERANCE (ID, CREATION_DATE, LAST_UPDATE_DATE, VERSION, LOCALE, UTTERANCE, OWNER_INTENT_ID) VALUES (3885, '2019-03-23 14:02:45.279000', '2019-05-30 20:23:51.886000', 1, 'en', 'hello search for event in', 3827);
INSERT INTO PUBLIC.INTENT_UTTERANCE (ID, CREATION_DATE, LAST_UPDATE_DATE, VERSION, LOCALE, UTTERANCE, OWNER_INTENT_ID) VALUES (3886, '2019-03-23 14:02:45.279000', '2019-05-30 20:23:51.887000', 1, 'en', 'get search events near', 3827);
INSERT INTO PUBLIC.INTENT_UTTERANCE (ID, CREATION_DATE, LAST_UPDATE_DATE, VERSION, LOCALE, UTTERANCE, OWNER_INTENT_ID) VALUES (3887, '2019-03-23 14:02:45.279000', '2019-05-30 20:23:51.886000', 1, 'en', 'hello get search events in', 3827);
INSERT INTO PUBLIC.INTENT_UTTERANCE (ID, CREATION_DATE, LAST_UPDATE_DATE, VERSION, LOCALE, UTTERANCE, OWNER_INTENT_ID) VALUES (3888, '2019-03-23 14:02:45.279000', '2019-05-30 20:23:51.886000', 1, 'en', 'hello search events close to', 3827);
INSERT INTO PUBLIC.INTENT_UTTERANCE (ID, CREATION_DATE, LAST_UPDATE_DATE, VERSION, LOCALE, UTTERANCE, OWNER_INTENT_ID) VALUES (3889, '2019-03-23 14:02:45.280000', '2019-05-30 20:23:51.885000', 1, 'en', 'hello look for event near', 3827);
INSERT INTO PUBLIC.INTENT_UTTERANCE (ID, CREATION_DATE, LAST_UPDATE_DATE, VERSION, LOCALE, UTTERANCE, OWNER_INTENT_ID) VALUES (3890, '2019-03-23 14:02:45.280000', '2019-05-30 20:23:51.887000', 1, 'en', 'hello look for event in', 3827);
INSERT INTO PUBLIC.INTENT_UTTERANCE (ID, CREATION_DATE, LAST_UPDATE_DATE, VERSION, LOCALE, UTTERANCE, OWNER_INTENT_ID) VALUES (3891, '2019-03-23 14:02:45.280000', '2019-05-30 20:23:51.887000', 1, 'en', 'hello look for events near', 3827);
INSERT INTO PUBLIC.INTENT_UTTERANCE (ID, CREATION_DATE, LAST_UPDATE_DATE, VERSION, LOCALE, UTTERANCE, OWNER_INTENT_ID) VALUES (3892, '2019-03-23 14:02:45.280000', '2019-05-30 20:23:51.886000', 1, 'en', 'hello what is event in', 3827);
INSERT INTO PUBLIC.INTENT_UTTERANCE (ID, CREATION_DATE, LAST_UPDATE_DATE, VERSION, LOCALE, UTTERANCE, OWNER_INTENT_ID) VALUES (3895, '2019-03-23 14:02:45.281000', '2019-03-23 14:02:45.281000', 1, 'en', 'roles created', 3893);
INSERT INTO PUBLIC.INTENT_UTTERANCE (ID, CREATION_DATE, LAST_UPDATE_DATE, VERSION, LOCALE, UTTERANCE, OWNER_INTENT_ID) VALUES (3896, '2019-03-23 14:02:45.281000', '2019-03-23 14:02:45.281000', 1, 'en', 'create roles', 3893);
INSERT INTO PUBLIC.INTENT_UTTERANCE (ID, CREATION_DATE, LAST_UPDATE_DATE, VERSION, LOCALE, UTTERANCE, OWNER_INTENT_ID) VALUES (3897, '2019-03-23 14:02:45.281000', '2019-03-23 14:02:45.281000', 1, 'en', 'roles create', 3893);
INSERT INTO PUBLIC.INTENT_UTTERANCE (ID, CREATION_DATE, LAST_UPDATE_DATE, VERSION, LOCALE, UTTERANCE, OWNER_INTENT_ID) VALUES (3898, '2019-03-23 14:02:45.281000', '2019-03-23 14:02:45.281000', 1, 'en', 'add roles', 3893);
INSERT INTO PUBLIC.INTENT_UTTERANCE (ID, CREATION_DATE, LAST_UPDATE_DATE, VERSION, LOCALE, UTTERANCE, OWNER_INTENT_ID) VALUES (3901, '2019-03-23 14:02:45.282000', '2019-03-23 14:02:45.282000', 1, 'en', 'good', 3899);
INSERT INTO PUBLIC.INTENT_UTTERANCE (ID, CREATION_DATE, LAST_UPDATE_DATE, VERSION, LOCALE, UTTERANCE, OWNER_INTENT_ID) VALUES (3902, '2019-03-23 14:02:45.282000', '2019-03-23 14:02:45.282000', 1, 'en', 'good and you', 3899);
INSERT INTO PUBLIC.INTENT_UTTERANCE (ID, CREATION_DATE, LAST_UPDATE_DATE, VERSION, LOCALE, UTTERANCE, OWNER_INTENT_ID) VALUES (3903, '2019-03-23 14:02:45.282000', '2019-03-23 14:02:45.282000', 1, 'en', 'great and you', 3899);
INSERT INTO PUBLIC.INTENT_UTTERANCE (ID, CREATION_DATE, LAST_UPDATE_DATE, VERSION, LOCALE, UTTERANCE, OWNER_INTENT_ID) VALUES (3906, '2019-03-23 14:02:45.282000', '2019-03-23 14:02:45.282000', 1, 'en', 'cancel delete event', 3904);
INSERT INTO PUBLIC.INTENT_UTTERANCE (ID, CREATION_DATE, LAST_UPDATE_DATE, VERSION, LOCALE, UTTERANCE, OWNER_INTENT_ID) VALUES (3909, '2019-03-23 14:02:45.283000', '2019-03-23 14:02:45.283000', 1, 'en', 'delete events', 3907);
INSERT INTO PUBLIC.INTENT_UTTERANCE (ID, CREATION_DATE, LAST_UPDATE_DATE, VERSION, LOCALE, UTTERANCE, OWNER_INTENT_ID) VALUES (3910, '2019-03-23 14:02:45.283000', '2019-03-23 14:02:45.283000', 1, 'en', 'delete event', 3907);
INSERT INTO PUBLIC.INTENT_UTTERANCE (ID, CREATION_DATE, LAST_UPDATE_DATE, VERSION, LOCALE, UTTERANCE, OWNER_INTENT_ID) VALUES (3913, '2019-03-23 14:02:45.284000', '2019-03-23 14:02:45.284000', 1, 'en', 'hello help me search for role', 3911);
INSERT INTO PUBLIC.INTENT_UTTERANCE (ID, CREATION_DATE, LAST_UPDATE_DATE, VERSION, LOCALE, UTTERANCE, OWNER_INTENT_ID) VALUES (3914, '2019-03-23 14:02:45.284000', '2019-03-23 14:02:45.284000', 1, 'en', 'hello search for role', 3911);
INSERT INTO PUBLIC.INTENT_UTTERANCE (ID, CREATION_DATE, LAST_UPDATE_DATE, VERSION, LOCALE, UTTERANCE, OWNER_INTENT_ID) VALUES (3915, '2019-03-23 14:02:45.284000', '2019-03-23 14:02:45.284000', 1, 'en', 'search for roles', 3911);
INSERT INTO PUBLIC.INTENT_UTTERANCE (ID, CREATION_DATE, LAST_UPDATE_DATE, VERSION, LOCALE, UTTERANCE, OWNER_INTENT_ID) VALUES (3916, '2019-03-23 14:02:45.284000', '2019-03-23 14:02:45.284000', 1, 'en', 'hello can you search for role', 3911);
INSERT INTO PUBLIC.INTENT_UTTERANCE (ID, CREATION_DATE, LAST_UPDATE_DATE, VERSION, LOCALE, UTTERANCE, OWNER_INTENT_ID) VALUES (3917, '2019-03-23 14:02:45.284000', '2019-03-23 14:02:45.284000', 1, 'en', 'hello look for role', 3911);
INSERT INTO PUBLIC.INTENT_UTTERANCE (ID, CREATION_DATE, LAST_UPDATE_DATE, VERSION, LOCALE, UTTERANCE, OWNER_INTENT_ID) VALUES (3918, '2019-03-23 14:02:45.284000', '2019-03-23 14:02:45.284000', 1, 'en', 'hello can you search for roles', 3911);
INSERT INTO PUBLIC.INTENT_UTTERANCE (ID, CREATION_DATE, LAST_UPDATE_DATE, VERSION, LOCALE, UTTERANCE, OWNER_INTENT_ID) VALUES (3919, '2019-03-23 14:02:45.285000', '2019-03-23 14:02:45.285000', 1, 'en', 'hello look for roles', 3911);
INSERT INTO PUBLIC.INTENT_UTTERANCE (ID, CREATION_DATE, LAST_UPDATE_DATE, VERSION, LOCALE, UTTERANCE, OWNER_INTENT_ID) VALUES (3920, '2019-03-23 14:02:45.285000', '2019-03-23 14:02:45.285000', 1, 'en', 'I want to search for role', 3911);
INSERT INTO PUBLIC.INTENT_UTTERANCE (ID, CREATION_DATE, LAST_UPDATE_DATE, VERSION, LOCALE, UTTERANCE, OWNER_INTENT_ID) VALUES (3921, '2019-03-23 14:02:45.285000', '2019-03-23 14:02:45.285000', 1, 'en', 'are there any roles', 3911);
INSERT INTO PUBLIC.INTENT_UTTERANCE (ID, CREATION_DATE, LAST_UPDATE_DATE, VERSION, LOCALE, UTTERANCE, OWNER_INTENT_ID) VALUES (3922, '2019-03-23 14:02:45.285000', '2019-03-23 14:02:45.285000', 1, 'en', 'is there any role', 3911);
INSERT INTO PUBLIC.INTENT_UTTERANCE (ID, CREATION_DATE, LAST_UPDATE_DATE, VERSION, LOCALE, UTTERANCE, OWNER_INTENT_ID) VALUES (3923, '2019-03-23 14:02:45.285000', '2019-03-23 14:02:45.285000', 1, 'en', 'can you search for role', 3911);
INSERT INTO PUBLIC.INTENT_UTTERANCE (ID, CREATION_DATE, LAST_UPDATE_DATE, VERSION, LOCALE, UTTERANCE, OWNER_INTENT_ID) VALUES (3924, '2019-03-23 14:02:45.285000', '2019-03-23 14:02:45.285000', 1, 'en', 'search roles', 3911);
INSERT INTO PUBLIC.INTENT_UTTERANCE (ID, CREATION_DATE, LAST_UPDATE_DATE, VERSION, LOCALE, UTTERANCE, OWNER_INTENT_ID) VALUES (3925, '2019-03-23 14:02:45.285000', '2019-03-23 14:02:45.285000', 1, 'en', 'look for roles', 3911);
INSERT INTO PUBLIC.INTENT_UTTERANCE (ID, CREATION_DATE, LAST_UPDATE_DATE, VERSION, LOCALE, UTTERANCE, OWNER_INTENT_ID) VALUES (3926, '2019-03-23 14:02:45.285000', '2019-03-23 14:02:45.285000', 1, 'en', 'hello I want to search for roles', 3911);
INSERT INTO PUBLIC.INTENT_UTTERANCE (ID, CREATION_DATE, LAST_UPDATE_DATE, VERSION, LOCALE, UTTERANCE, OWNER_INTENT_ID) VALUES (3927, '2019-03-23 14:02:45.286000', '2019-03-23 14:02:45.286000', 1, 'en', 'hello is there any role', 3911);
INSERT INTO PUBLIC.INTENT_UTTERANCE (ID, CREATION_DATE, LAST_UPDATE_DATE, VERSION, LOCALE, UTTERANCE, OWNER_INTENT_ID) VALUES (3928, '2019-03-23 14:02:45.286000', '2019-03-23 14:02:45.286000', 1, 'en', 'hello please help me search for roles', 3911);
INSERT INTO PUBLIC.INTENT_UTTERANCE (ID, CREATION_DATE, LAST_UPDATE_DATE, VERSION, LOCALE, UTTERANCE, OWNER_INTENT_ID) VALUES (3929, '2019-03-23 14:02:45.286000', '2019-03-23 14:02:45.286000', 1, 'en', 'can you search for roles', 3911);
INSERT INTO PUBLIC.INTENT_UTTERANCE (ID, CREATION_DATE, LAST_UPDATE_DATE, VERSION, LOCALE, UTTERANCE, OWNER_INTENT_ID) VALUES (3930, '2019-03-23 14:02:45.286000', '2019-03-23 14:02:45.286000', 1, 'en', 'help me search for role', 3911);
INSERT INTO PUBLIC.INTENT_UTTERANCE (ID, CREATION_DATE, LAST_UPDATE_DATE, VERSION, LOCALE, UTTERANCE, OWNER_INTENT_ID) VALUES (3931, '2019-03-23 14:02:45.286000', '2019-03-23 14:02:45.286000', 1, 'en', 'hello please help me search for role', 3911);
INSERT INTO PUBLIC.INTENT_UTTERANCE (ID, CREATION_DATE, LAST_UPDATE_DATE, VERSION, LOCALE, UTTERANCE, OWNER_INTENT_ID) VALUES (3932, '2019-03-23 14:02:45.286000', '2019-03-23 14:02:45.286000', 1, 'en', 'find roles', 3911);
INSERT INTO PUBLIC.INTENT_UTTERANCE (ID, CREATION_DATE, LAST_UPDATE_DATE, VERSION, LOCALE, UTTERANCE, OWNER_INTENT_ID) VALUES (3933, '2019-03-23 14:02:45.286000', '2019-03-23 14:02:45.286000', 1, 'en', 'please help me search for roles', 3911);
INSERT INTO PUBLIC.INTENT_UTTERANCE (ID, CREATION_DATE, LAST_UPDATE_DATE, VERSION, LOCALE, UTTERANCE, OWNER_INTENT_ID) VALUES (3934, '2019-03-23 14:02:45.286000', '2019-03-23 14:02:45.286000', 1, 'en', 'hello search for roles', 3911);
INSERT INTO PUBLIC.INTENT_UTTERANCE (ID, CREATION_DATE, LAST_UPDATE_DATE, VERSION, LOCALE, UTTERANCE, OWNER_INTENT_ID) VALUES (3935, '2019-03-23 14:02:45.286000', '2019-03-23 14:02:45.286000', 1, 'en', 'I want to search for roles', 3911);
INSERT INTO PUBLIC.INTENT_UTTERANCE (ID, CREATION_DATE, LAST_UPDATE_DATE, VERSION, LOCALE, UTTERANCE, OWNER_INTENT_ID) VALUES (3936, '2019-03-23 14:02:45.286000', '2019-03-23 14:02:45.286000', 1, 'en', 'look roles', 3911);
INSERT INTO PUBLIC.INTENT_UTTERANCE (ID, CREATION_DATE, LAST_UPDATE_DATE, VERSION, LOCALE, UTTERANCE, OWNER_INTENT_ID) VALUES (3937, '2019-03-23 14:02:45.287000', '2019-03-23 14:02:45.287000', 1, 'en', 'search role', 3911);
INSERT INTO PUBLIC.INTENT_UTTERANCE (ID, CREATION_DATE, LAST_UPDATE_DATE, VERSION, LOCALE, UTTERANCE, OWNER_INTENT_ID) VALUES (3938, '2019-03-23 14:02:45.287000', '2019-03-23 14:02:45.287000', 1, 'en', 'hello I want to search for role', 3911);
INSERT INTO PUBLIC.INTENT_UTTERANCE (ID, CREATION_DATE, LAST_UPDATE_DATE, VERSION, LOCALE, UTTERANCE, OWNER_INTENT_ID) VALUES (3939, '2019-03-23 14:02:45.287000', '2019-03-23 14:02:45.287000', 1, 'en', 'hello are there any roles', 3911);
INSERT INTO PUBLIC.INTENT_UTTERANCE (ID, CREATION_DATE, LAST_UPDATE_DATE, VERSION, LOCALE, UTTERANCE, OWNER_INTENT_ID) VALUES (3940, '2019-03-23 14:02:45.287000', '2019-03-23 14:02:45.287000', 1, 'en', 'please help me search for role', 3911);
INSERT INTO PUBLIC.INTENT_UTTERANCE (ID, CREATION_DATE, LAST_UPDATE_DATE, VERSION, LOCALE, UTTERANCE, OWNER_INTENT_ID) VALUES (3945, '2019-03-28 13:06:51.529000', '2019-08-14 20:06:53.035000', 1, 'en_US', 'DoNotUnderstandIntent', 3943);
INSERT INTO PUBLIC.INTENT_UTTERANCE (ID, CREATION_DATE, LAST_UPDATE_DATE, VERSION, LOCALE, UTTERANCE, OWNER_INTENT_ID) VALUES (3948, '2019-03-28 20:46:37.771000', '2019-06-12 17:02:46.575000', 1, 'en_US', 'MaybeHaveLogInIssues', 3946);
INSERT INTO PUBLIC.INTENT_UTTERANCE (ID, CREATION_DATE, LAST_UPDATE_DATE, VERSION, LOCALE, UTTERANCE, OWNER_INTENT_ID) VALUES (4075, '2019-05-31 22:19:06.767000', '2019-06-04 20:53:11.952000', 1, 'en', 'initiate', 4073);
INSERT INTO PUBLIC.INTENT_UTTERANCE (ID, CREATION_DATE, LAST_UPDATE_DATE, VERSION, LOCALE, UTTERANCE, OWNER_INTENT_ID) VALUES (4078, '2019-06-03 21:20:04.142000', '2019-06-04 20:53:11.952000', 1, 'en', 'start', 4073);
INSERT INTO PUBLIC.INTENT_UTTERANCE (ID, CREATION_DATE, LAST_UPDATE_DATE, VERSION, LOCALE, UTTERANCE, OWNER_INTENT_ID) VALUES (4079, '2019-06-03 21:20:04.143000', '2019-06-04 20:53:11.952000', 1, 'en', 'welcome', 4073);
INSERT INTO PUBLIC.INTENT_UTTERANCE (ID, CREATION_DATE, LAST_UPDATE_DATE, VERSION, LOCALE, UTTERANCE, OWNER_INTENT_ID) VALUES (4082, '2019-06-04 21:06:34.422000', '2019-06-11 12:18:53.559000', 1, 'en', 'do you sell ticket', 4080);
INSERT INTO PUBLIC.INTENT_UTTERANCE (ID, CREATION_DATE, LAST_UPDATE_DATE, VERSION, LOCALE, UTTERANCE, OWNER_INTENT_ID) VALUES (4083, '2019-06-04 21:06:34.422000', '2019-06-11 12:18:53.559000', 1, 'en', 'buy tickets', 4080);
INSERT INTO PUBLIC.INTENT_UTTERANCE (ID, CREATION_DATE, LAST_UPDATE_DATE, VERSION, LOCALE, UTTERANCE, OWNER_INTENT_ID) VALUES (4084, '2019-06-04 21:06:34.422000', '2019-06-11 12:18:53.559000', 1, 'en', 'where are tickets sold', 4080);
INSERT INTO PUBLIC.INTENT_UTTERANCE (ID, CREATION_DATE, LAST_UPDATE_DATE, VERSION, LOCALE, UTTERANCE, OWNER_INTENT_ID) VALUES (4085, '2019-06-04 21:06:34.422000', '2019-06-11 12:18:53.559000', 1, 'en', 'where can I buy tickets', 4080);
INSERT INTO PUBLIC.INTENT_UTTERANCE (ID, CREATION_DATE, LAST_UPDATE_DATE, VERSION, LOCALE, UTTERANCE, OWNER_INTENT_ID) VALUES (4086, '2019-06-04 21:06:34.422000', '2019-06-11 12:18:53.559000', 1, 'en', 'I want to buy tickets', 4080);
INSERT INTO PUBLIC.INTENT_UTTERANCE (ID, CREATION_DATE, LAST_UPDATE_DATE, VERSION, LOCALE, UTTERANCE, OWNER_INTENT_ID) VALUES (4087, '2019-06-04 21:06:34.422000', '2019-06-11 12:18:53.559000', 1, 'en', 'need ticket', 4080);
INSERT INTO PUBLIC.INTENT_UTTERANCE (ID, CREATION_DATE, LAST_UPDATE_DATE, VERSION, LOCALE, UTTERANCE, OWNER_INTENT_ID) VALUES (4088, '2019-06-04 21:06:34.422000', '2019-06-11 12:18:53.559000', 1, 'en', 'I want tickets', 4080);
INSERT INTO PUBLIC.INTENT_UTTERANCE (ID, CREATION_DATE, LAST_UPDATE_DATE, VERSION, LOCALE, UTTERANCE, OWNER_INTENT_ID) VALUES (4090, '2019-06-04 21:10:53.151000', '2019-06-11 12:18:53.563000', 1, 'en', 'sell tickets', 4080);
INSERT INTO PUBLIC.INTENT_UTTERANCE (ID, CREATION_DATE, LAST_UPDATE_DATE, VERSION, LOCALE, UTTERANCE, OWNER_INTENT_ID) VALUES (4091, '2019-06-04 21:10:53.154000', '2019-06-11 12:18:53.559000', 1, 'en', 'where do you sell tickets', 4080);
INSERT INTO PUBLIC.INTENT_UTTERANCE (ID, CREATION_DATE, LAST_UPDATE_DATE, VERSION, LOCALE, UTTERANCE, OWNER_INTENT_ID) VALUES (4093, '2019-06-04 21:16:04.450000', '2019-06-11 12:18:53.559000', 1, 'en', 'please sell tickets', 4080);
INSERT INTO PUBLIC.INTENT_UTTERANCE (ID, CREATION_DATE, LAST_UPDATE_DATE, VERSION, LOCALE, UTTERANCE, OWNER_INTENT_ID) VALUES (4094, '2019-06-04 21:16:04.451000', '2019-06-11 12:18:53.559000', 1, 'en', 'do you also sell tickets', 4080);
INSERT INTO PUBLIC.INTENT_UTTERANCE (ID, CREATION_DATE, LAST_UPDATE_DATE, VERSION, LOCALE, UTTERANCE, OWNER_INTENT_ID) VALUES (4095, '2019-06-04 21:16:04.452000', '2019-06-11 12:18:53.559000', 1, 'en', 'where do you see tickets for events', 4080);
INSERT INTO PUBLIC.INTENT_UTTERANCE (ID, CREATION_DATE, LAST_UPDATE_DATE, VERSION, LOCALE, UTTERANCE, OWNER_INTENT_ID) VALUES (4097, '2019-06-04 21:21:32.207000', '2019-06-11 12:18:53.559000', 1, 'en', 'tickets on website', 4080);
INSERT INTO PUBLIC.INTENT_UTTERANCE (ID, CREATION_DATE, LAST_UPDATE_DATE, VERSION, LOCALE, UTTERANCE, OWNER_INTENT_ID) VALUES (4098, '2019-06-04 21:21:32.210000', '2019-06-11 12:18:53.559000', 1, 'en', 'tickets for events', 4080);
INSERT INTO PUBLIC.INTENT_UTTERANCE (ID, CREATION_DATE, LAST_UPDATE_DATE, VERSION, LOCALE, UTTERANCE, OWNER_INTENT_ID) VALUES (4101, '2019-06-04 21:25:02.307000', '2019-06-11 12:18:53.559000', 1, 'en', 'MaybeBuyTicket', 4099);
INSERT INTO PUBLIC.INTENT_UTTERANCE (ID, CREATION_DATE, LAST_UPDATE_DATE, VERSION, LOCALE, UTTERANCE, OWNER_INTENT_ID) VALUES (4112, '2019-06-12 05:53:40.697000', '2019-06-12 05:53:40.697000', 1, 'en', 'This is a test', 4108);
INSERT INTO PUBLIC.LANGUAGE (ID, CREATION_DATE, LAST_UPDATE_DATE, VERSION, CODE, DESCRIPTION, LOCALE, NAME) VALUES (185, '2019-01-31 20:01:02.815000', '2019-01-31 20:01:02.815000', 1, 'en', 'US English', 'en_us', 'English');
INSERT INTO PUBLIC.LANGUAGE (ID, CREATION_DATE, LAST_UPDATE_DATE, VERSION, CODE, DESCRIPTION, LOCALE, NAME) VALUES (186, '2019-01-31 20:01:02.838000', '2019-01-31 20:01:02.838000', 1, 'mr', 'Indian Marathi', 'mr_IN', 'Marathi');
INSERT INTO PUBLIC.LANGUAGE (ID, CREATION_DATE, LAST_UPDATE_DATE, VERSION, CODE, DESCRIPTION, LOCALE, NAME) VALUES (187, '2019-01-31 20:01:02.838000', '2019-01-31 20:01:02.838000', 1, 'de', 'Deutsh German', 'de_DE', 'German');
INSERT INTO PUBLIC.LANGUAGE (ID, CREATION_DATE, LAST_UPDATE_DATE, VERSION, CODE, DESCRIPTION, LOCALE, NAME) VALUES (188, '2019-01-31 20:01:02.839000', '2019-01-31 20:01:02.839000', 1, 'el', 'Greek', 'el_GR', 'Greek');
INSERT INTO PUBLIC.LAUNCH_INFO (ID, CREATION_DATE, LAST_UPDATE_DATE, VERSION, ALLOWED_ORIGINS, CHAT_URL, TARGET_BOT_ID, UNIQUE_BOT_ID, MODEL_ID) VALUES (4119, '2019-07-16 22:37:28.323000', '2019-07-16 22:37:28.323000', 1, 'http://localhost:4320', 'http://localhost:8099/chatbot/api/chats', 196, 'a5d594da-1cea-4a81-9800-08958786a933', 4092);
INSERT INTO PUBLIC.LAUNCH_INFO (ID, CREATION_DATE, LAST_UPDATE_DATE, VERSION, ALLOWED_ORIGINS, CHAT_URL, TARGET_BOT_ID, UNIQUE_BOT_ID, MODEL_ID) VALUES (4120, '2019-07-20 22:03:26.134000', '2019-07-20 22:03:26.134000', 1, 'http://localhost:4320', 'http://localhost:8099/chatbot/api/chats', 4003, 'fe26297d-6d2b-425d-9e93-348488500047', 4092);
INSERT INTO PUBLIC.PARTY (ID, CREATION_DATE, LAST_UPDATE_DATE, VERSION, NAME, TYPE) VALUES (10, '2019-01-27 22:08:39.261000', '2019-01-27 22:08:42.208000', 1, 'Bhushan', 'Person');
INSERT INTO PUBLIC.PARTY (ID, CREATION_DATE, LAST_UPDATE_DATE, VERSION, NAME, TYPE) VALUES (2904, '2019-03-23 11:51:29.192000', '2019-03-23 11:51:29.192000', 1, 'BHUSHAN', 'PERSON');
INSERT INTO PUBLIC.PARTY_CONTACT_MODE (PARTY_ID, CONTACT_MODE_ID) VALUES (2904, 2905);
INSERT INTO PUBLIC.PERSON (FIRST_NAME, LAST_NAME, ID) VALUES ('Bhushan', 'Kane', 10);
INSERT INTO PUBLIC.PERSON (FIRST_NAME, LAST_NAME, ID) VALUES ('BHUSHAN', 'KANE', 2904);
INSERT INTO PUBLIC.POLICY (ID, CREATION_DATE, LAST_UPDATE_DATE, VERSION, CODE, DESCRIPTION, NAME) VALUES (4153, '2019-08-13 20:05:03.822000', '2019-08-17 22:17:00.130000', 1, 'PLC-288ba7b9-05c2-4673-a7b1-2daf7147f90f', 'Acct Admin', 'AcctAdmin');
INSERT INTO PUBLIC.POLICY (ID, CREATION_DATE, LAST_UPDATE_DATE, VERSION, CODE, DESCRIPTION, NAME) VALUES (4166, '2019-08-16 21:35:07.648000', '2019-08-16 21:35:07.648000', 1, 'PLC-12ef38c3-cba6-4d00-80bc-af2124548ed3', 'Uber_Policy', 'UberPolicy');
INSERT INTO PUBLIC.RESOURCE (ID, CREATION_DATE, LAST_UPDATE_DATE, VERSION, CODE, DESCRIPTION, NAME) VALUES (4128, '2019-08-04 21:06:13.389000', '2019-08-04 21:14:12.391000', 1, 'BOT', 'Bot', 'Bot');
INSERT INTO PUBLIC.RESOURCE (ID, CREATION_DATE, LAST_UPDATE_DATE, VERSION, CODE, DESCRIPTION, NAME) VALUES (4151, '2019-08-12 20:42:53.126000', '2019-08-19 19:59:32.033000', 1, 'RSC-47314d3c-82f6-47c2-b7dc-d8953d6ec7e9', 'Process Model', 'ProcessModel');
INSERT INTO PUBLIC.RESOURCE (ID, CREATION_DATE, LAST_UPDATE_DATE, VERSION, CODE, DESCRIPTION, NAME) VALUES (4156, '2019-08-13 20:34:34.676000', '2019-08-13 20:34:34.676000', 1, 'RSC-3c84f26d-2c60-4dfc-a07c-f917ed740f80', 'Intent', 'Intent');
INSERT INTO PUBLIC.RESOURCE (ID, CREATION_DATE, LAST_UPDATE_DATE, VERSION, CODE, DESCRIPTION, NAME) VALUES (4157, '2019-08-13 20:34:52.445000', '2019-08-13 20:34:52.445000', 1, 'RSC-3d4c0b70-3676-4fcd-8394-98a5f32133c4', 'Model', 'Model');
INSERT INTO PUBLIC.RESOURCE (ID, CREATION_DATE, LAST_UPDATE_DATE, VERSION, CODE, DESCRIPTION, NAME) VALUES (4165, '2019-08-16 21:34:22.553000', '2019-08-16 21:34:22.553000', 1, 'RSC-62f90525-83a3-4c35-b8ba-f77abeef952c', 'All means that this covers ALL resources in the application', 'All');
INSERT INTO PUBLIC.RESOURCE (ID, CREATION_DATE, LAST_UPDATE_DATE, VERSION, CODE, DESCRIPTION, NAME) VALUES (4201, '2019-08-23 21:06:59.290000', '2019-08-23 21:11:01.153000', 1, 'RSC-4a5c1f7b-507e-4f84-818a-3c8bd8497379', 'Utterance', 'Utterance');
INSERT INTO PUBLIC.ROLE (ID, CREATION_DATE, LAST_UPDATE_DATE, VERSION, CODE, DESCRIPTION, ENTITLEMENTS, ROLE) VALUES (10, '2019-01-27 22:04:55.667000', '2019-08-17 13:29:58.475000', 1, 'UBER_ADMIN', 'Uber Adiminstrator who will have root access to the Bot Admin application', 'READ,WRITE,UPDATE,DELETE', 'UberAdmin');
INSERT INTO PUBLIC.ROLE (ID, CREATION_DATE, LAST_UPDATE_DATE, VERSION, CODE, DESCRIPTION, ENTITLEMENTS, ROLE) VALUES (11, '2019-01-27 22:04:55.667000', '2019-08-17 13:32:55.069000', 1, 'ACCT_ADMIN', 'Account Admin', 'READ,WRITE,UPDATE,DELETE', 'AcctAdmin');
INSERT INTO PUBLIC.ROLE (ID, CREATION_DATE, LAST_UPDATE_DATE, VERSION, CODE, DESCRIPTION, ENTITLEMENTS, ROLE) VALUES (12, '2019-01-27 22:04:55.667000', '2019-01-27 22:04:58.561000', 1, 'ACCT_USER', 'Account User', 'READ,WRITE,UPDATE,DELETE', 'AcctUser');
INSERT INTO PUBLIC.ROLE (ID, CREATION_DATE, LAST_UPDATE_DATE, VERSION, CODE, DESCRIPTION, ENTITLEMENTS, ROLE) VALUES (13, '2019-01-27 22:04:55.667000', '2019-01-27 22:04:58.561000', 1, 'ACCT_VIEW', 'Account Viewer', 'READ', 'AcctView');
INSERT INTO PUBLIC.ROLE_POLICY (ROLE_ID, POLICY_ID) VALUES (10, 4166);
INSERT INTO PUBLIC.ROLE_POLICY (ROLE_ID, POLICY_ID) VALUES (11, 4153);
INSERT INTO PUBLIC.STATEMENT (ID, CREATION_DATE, LAST_UPDATE_DATE, VERSION, CODE, DESCRIPTION, NAME, EFFECT, OWNER_ID, RESOURCE_ID) VALUES (4155, '2019-08-13 20:05:45.001000', '2019-08-17 22:17:00.130000', 1, 'STMT-6364a2fe-12d2-47d4-a012-fd9f4f9cb12d', 'Description-db3d329c-104a-417c-b10f-39fe0850404c', 'Name-db3d329c-104a-417c-b10f-39fe0850404c', 'ALLOW', 4153, 4151);
INSERT INTO PUBLIC.STATEMENT (ID, CREATION_DATE, LAST_UPDATE_DATE, VERSION, CODE, DESCRIPTION, NAME, EFFECT, OWNER_ID, RESOURCE_ID) VALUES (4162, '2019-08-16 21:25:51.190000', '2019-08-17 22:17:00.130000', 1, 'STMT-10bad7af-1971-413a-baa5-408af91d58eb', 'Description-05c9cf46-520d-40f1-b8f3-676ee840c40d', 'Name-05c9cf46-520d-40f1-b8f3-676ee840c40d', 'ALLOW', 4153, 4156);
INSERT INTO PUBLIC.STATEMENT (ID, CREATION_DATE, LAST_UPDATE_DATE, VERSION, CODE, DESCRIPTION, NAME, EFFECT, OWNER_ID, RESOURCE_ID) VALUES (4163, '2019-08-16 21:25:51.245000', '2019-08-17 22:17:00.130000', 1, 'STMT-c1d56b86-c476-4c8d-ab03-9ffd4ff85124', 'Description-a99be3a0-27b5-4dc5-aa23-17a451b65a73', 'Name-a99be3a0-27b5-4dc5-aa23-17a451b65a73', 'ALLOW', 4153, 4128);
INSERT INTO PUBLIC.STATEMENT (ID, CREATION_DATE, LAST_UPDATE_DATE, VERSION, CODE, DESCRIPTION, NAME, EFFECT, OWNER_ID, RESOURCE_ID) VALUES (4164, '2019-08-16 21:25:51.249000', '2019-08-17 22:17:00.130000', 1, 'STMT-313761d8-6eee-4149-a5e6-bf2f9e3c4717', 'Description-60fa1da3-ed9a-4c0f-b5ea-135f66998c2d', 'Name-60fa1da3-ed9a-4c0f-b5ea-135f66998c2d', 'ALLOW', 4153, 4157);
INSERT INTO PUBLIC.STATEMENT (ID, CREATION_DATE, LAST_UPDATE_DATE, VERSION, CODE, DESCRIPTION, NAME, EFFECT, OWNER_ID, RESOURCE_ID) VALUES (4167, '2019-08-16 21:35:07.649000', '2019-08-16 21:35:07.649000', 1, 'STMT-0fb7bae6-7a3d-4773-9294-8177a1a42512', 'Description-0fb7bae6-7a3d-4773-9294-8177a1a42512', 'Name-0fb7bae6-7a3d-4773-9294-8177a1a42512', 'ALLOW', 4166, 4165);
INSERT INTO PUBLIC.STATEMENT_ACTION (STATEMENT_ID, ACTION_ID) VALUES (4155, 4123);
INSERT INTO PUBLIC.STATEMENT_ACTION (STATEMENT_ID, ACTION_ID) VALUES (4155, 4124);
INSERT INTO PUBLIC.STATEMENT_ACTION (STATEMENT_ID, ACTION_ID) VALUES (4155, 4125);
INSERT INTO PUBLIC.STATEMENT_ACTION (STATEMENT_ID, ACTION_ID) VALUES (4155, 4126);
INSERT INTO PUBLIC.STATEMENT_ACTION (STATEMENT_ID, ACTION_ID) VALUES (4155, 4160);
INSERT INTO PUBLIC.STATEMENT_ACTION (STATEMENT_ID, ACTION_ID) VALUES (4162, 4123);
INSERT INTO PUBLIC.STATEMENT_ACTION (STATEMENT_ID, ACTION_ID) VALUES (4162, 4124);
INSERT INTO PUBLIC.STATEMENT_ACTION (STATEMENT_ID, ACTION_ID) VALUES (4162, 4125);
INSERT INTO PUBLIC.STATEMENT_ACTION (STATEMENT_ID, ACTION_ID) VALUES (4162, 4126);
INSERT INTO PUBLIC.STATEMENT_ACTION (STATEMENT_ID, ACTION_ID) VALUES (4162, 4158);
INSERT INTO PUBLIC.STATEMENT_ACTION (STATEMENT_ID, ACTION_ID) VALUES (4163, 4123);
INSERT INTO PUBLIC.STATEMENT_ACTION (STATEMENT_ID, ACTION_ID) VALUES (4163, 4124);
INSERT INTO PUBLIC.STATEMENT_ACTION (STATEMENT_ID, ACTION_ID) VALUES (4163, 4125);
INSERT INTO PUBLIC.STATEMENT_ACTION (STATEMENT_ID, ACTION_ID) VALUES (4163, 4126);
INSERT INTO PUBLIC.STATEMENT_ACTION (STATEMENT_ID, ACTION_ID) VALUES (4164, 4123);
INSERT INTO PUBLIC.STATEMENT_ACTION (STATEMENT_ID, ACTION_ID) VALUES (4164, 4124);
INSERT INTO PUBLIC.STATEMENT_ACTION (STATEMENT_ID, ACTION_ID) VALUES (4164, 4125);
INSERT INTO PUBLIC.STATEMENT_ACTION (STATEMENT_ID, ACTION_ID) VALUES (4164, 4126);
INSERT INTO PUBLIC.STATEMENT_ACTION (STATEMENT_ID, ACTION_ID) VALUES (4164, 4158);
INSERT INTO PUBLIC.STATEMENT_ACTION (STATEMENT_ID, ACTION_ID) VALUES (4164, 4160);
INSERT INTO PUBLIC.STATEMENT_ACTION (STATEMENT_ID, ACTION_ID) VALUES (4167, 4123);
INSERT INTO PUBLIC.STATEMENT_ACTION (STATEMENT_ID, ACTION_ID) VALUES (4167, 4124);
INSERT INTO PUBLIC.STATEMENT_ACTION (STATEMENT_ID, ACTION_ID) VALUES (4167, 4125);
INSERT INTO PUBLIC.STATEMENT_ACTION (STATEMENT_ID, ACTION_ID) VALUES (4167, 4126);
INSERT INTO PUBLIC.STATEMENT_ACTION (STATEMENT_ID, ACTION_ID) VALUES (4167, 4127);
INSERT INTO PUBLIC.STATEMENT_ACTION (STATEMENT_ID, ACTION_ID) VALUES (4167, 4158);
INSERT INTO PUBLIC.STATEMENT_ACTION (STATEMENT_ID, ACTION_ID) VALUES (4167, 4160);
INSERT INTO PUBLIC.STATUS (ID, CREATION_DATE, LAST_UPDATE_DATE, VERSION, CODE, DESCRIPTION, NAME) VALUES (189, '2019-01-31 20:11:28.030000', '2019-01-31 20:11:28.030000', 1, 'STOPPED', 'The Bot has been stopped', 'Stopped');
INSERT INTO PUBLIC.STATUS (ID, CREATION_DATE, LAST_UPDATE_DATE, VERSION, CODE, DESCRIPTION, NAME) VALUES (190, '2019-01-31 20:11:28.031000', '2019-01-31 20:11:28.031000', 1, 'DRAFT', 'The Bot in Draft Status', 'Draft');
INSERT INTO PUBLIC.STATUS (ID, CREATION_DATE, LAST_UPDATE_DATE, VERSION, CODE, DESCRIPTION, NAME) VALUES (191, '2019-01-31 20:11:28.031000', '2019-01-31 20:11:28.031000', 1, 'LAUNCHED', 'The Bot in Launched Status', 'Launched');
INSERT INTO PUBLIC.STATUS (ID, CREATION_DATE, LAST_UPDATE_DATE, VERSION, CODE, DESCRIPTION, NAME) VALUES (192, '2019-01-31 20:11:28.042000', '2019-01-31 20:11:28.042000', 1, 'DEV', 'The Bot in Development Status', 'Development');
INSERT INTO PUBLIC.STATUS (ID, CREATION_DATE, LAST_UPDATE_DATE, VERSION, CODE, DESCRIPTION, NAME) VALUES (193, '2019-01-31 20:11:28.042000', '2019-01-31 20:11:28.042000', 1, 'UAT', 'The Bot in UAT Status', 'User Acceptance Testing');
INSERT INTO PUBLIC.STATUS (ID, CREATION_DATE, LAST_UPDATE_DATE, VERSION, CODE, DESCRIPTION, NAME) VALUES (194, '2019-01-31 20:11:28.042000', '2019-01-31 20:11:28.042000', 1, 'LAUNCHING', 'The Bot is being launched', 'Launching');
INSERT INTO PUBLIC.TRAINED_MODEL (ID, CREATION_DATE, LAST_UPDATE_DATE, VERSION, DESCRIPTION, FILE, FILE_TYPE, NAME, TYPE, CATEGORY_ID, OWNER_ACCOUNT_ID) VALUES (2195, '2019-02-25 11:59:21.324000', '2019-02-25 11:59:21.324000', 1, 'EventBotModel', '504B03041400080808006A5F594E000000000000000000000000130000006D616E69666573742E70726F706572746965736D90B16AC3301086773D85216B6D2C594EEC8096A67696D829D4B4F3C53A3B824832925C489FBE26E95042A69F838FFFEEBE155935D644359E229647946EF372CB68547D74114B69493A07CA2833C6D5379A70067F1690155C224F9133B9DE647C90A7BE60D0A73C4B69213969C0A8017D883FD179658DA0494A0E60C61946146888B47D0F211910C2EC708F061D04EBBCB0131A73999260EDC5277F58BB77A0EB07F6E529FA0AE371F8B24EFA479E0CD02F717DBEE2ED16F51D21C705690FEFFFCE2F124E3AA5979F404F82E639A5342BD7946D32B2B37AB2669113B7A0512C55B35EA61D041CAD533FE89AEAAE115D779D50DC4C925F504B070824C566F8F700000079010000504B03041400080808006A5F594E0000000000000000000000000C000000646F636361742E6D6F64656CAD58775854C716BF4A875D3A589F41D1888926020ABA099E3596888A5D132C4F575860157609BBAB10CB672C1063D7048D2DB6A8B1C518C59228168CFA8C881A1B222820082CC82A5540DFBD3373E7DEBDC81FEFFB1E7F7067CE9CF23B6DCA32569F878E6718A6155432FC9F9C918D57AB12226286CC516B0D7AC6553C1BC58E19D7C1EA58B5418D28E16AFD281D2343634C8E64DCC7A813A27409712222E33648A58D50C78A494E58F1385DAC5ACFB80C53CD518FD445876A43F57A234BB01F18198997EC27C4A8B4B3C37546C67A983A369E693D4CC3380DD3CD6535862202C37462AC03FAFAF4666C827D7AFBF83376FEDCC727809193814FA04F1F9FBE8C7D403F340F621CF042904F30E3CE0FFBFBF8B3037F1FFF00C63180D0FCFD19DB80DEEC248871E4F85801968B5584C6ECC886A30633D64181AC5D76E2CF4EAC38D30E82591B6ED897B10AF409E4C62C911BA37F7D196BFF2056B90D67AC1F63DD3F98930F6687ECBFFE2CB9376784F50741636C582FD98F753F0E24D36A3CE3385337372456A79B6D8C67DCB5D1210A7D8C6EAE224EAD50E3E4B9713455825A1197C493109B2146CD12555A4C641C385A1CC7C5D8721A555AC699234569B49184C551D0C4C8B9F15CAC2241CDB870538D9E2AC50441568F05045448B74A4B21398990E345DE0DD6980C3313189E62F454813D079A93C10EE380F08BAED4399E22132B611C3861E40D66154B630A75953A2FE84280F4A892156CD11331AF775189E3A2B9DC628E8D11294C719352F48C078F51AC08D501193BD03163C70D5936AC27461D1BAB5344B0B14C629B09B1A120E0F8F3747BBEA4303A838ED8C751E3D38CCB88C8F01C4820543157A535B072B864F014BB8601108A938882B5E109EF1A068258911BAC2D0C8132C8F992C4889C2D759042A239C0312248D19A08B90DB7168A8B5F437A84B8C1B338896838EBD896C882DC22CA629F890EA49F15470ED12420164CE3DAC9CD22EC48B148537CAC5AA5578B4DA9F86CB0D378AED0C5D910A6EE962E23BDA851B146242D8E219ABB59CEB9FE44612428DC25F2DCBA870532921BB945DBE2F610FB83AD89AA80D6999B8517426170DB0B8919ABD0CDA214900D995819964146500EE2D4B4FE10684C4CC2FE47AB0D7CD0C4DD8DDB4BA1D1629C68AA8888D5B1E8D994BA529A1E137120C4148E0DA1A2332FA97A85963B60BD24A91277FEDC189501792ADEFA38224680FD176FF5965B055622541726BA481CC2F114F617CE690F09092115658C07C6B469D61BE2C308B1B1D9156FE752467789279C792FCBCCF0AC2EA22023446E220217260D39CA0412E9648C839C4542CC3CDF157B6C0689887772C1715C892C3C9C608A1A6507E1928B40B00B9E52171193A765198BF32E7209B17A37AF4CA176441911C75E44D69053D0326B96FA44A5C0270CDBF090440329F090961FE726BD3568C8E64DF10B4911E9B468050DB948887436F79A80146D873409B4C85C2D2A97469FB2F3CDEEFDEEC2A5F71B2AEE6E71E1215728744621305ECD2221F48A0043A8569545C83C2424C4870F262DE68F44F7678BA31F93B0A7E265468660E9E2E2D1BA87689D12DB0999902EB94A971827B4FBE3FB3DD3166DFF7862C9E6D66C051758047A0558427424A73BBB80E52C98700B25B02F01FE2698A44033E9C52B013D162C6EB784D3721BC47C323E1988437CF1C2EB72B12DD2EE48059EBB5A540077DCC8C50AF516E54CCD783407A7175DB4F1DCAD195A5C802278B8D844E2DC0EAA89D6D29689D2245202DE10D8D795223E413733561DA767B547E3A86BF05B0B97903141A38DC6C14A50EB75B1AC04A743432E322A569637845B4515C7E96585A8665C11C89821416764697A05D18B0A9127E27DC1A043489C78C4DCA4BDD83C4BD06805E52E5439BB405B857A45C0E2164146793E67714C7839BC2668C719430C0251263649AE3BA228F2BAD9E7802A224267E46FEC6C056B75068EA6D6EBF943807B194B03C92A402707CBCD271EA12289B1C377F1681C6F1223313EFC5A8BA317C4789A76991061DE6369B2503C114E8C88340589136E75DE2DBE4939A0CEE2A0F025C77BC5A145BD207821179528BFF912980218640023C461E20226B8449588534AC24C5323AA1B8E07F730CA017DB8D118E290890B9D3CB6700510E85E96AEF2E4B6CDAB94ACA05C73B1C0FB9DA40B10D436EFC8851036C1637B121172BAD16E230F7D124062B79D48A9A4463CA4554B6343438CFDA4A1A2C5ECD9AC98B940BA4A6D91F7378DA190179A2A91FF2EA43A28402751FDF09BB58507CEA2CC29F816B7D8D2C8D62AD9731C48FBF0BBA0B00528C43B1FA9CBF6EFCA0B5943BD4012CE7468BE454AEA98343E7E7E6B12B1CBA27A21BF7890567593F40F674FD43238DE1695E2214540EF5A244268B7A598DAB55071BC6D8B4AE67F0489961497C461B224A482EEED32F1B6429E689191586D44825AC51EFCA2930E0D093D12C7999FB84AD7492344F247A5A3C08DC706EE97423DD6C2D5759431967F7AB20BE8E70D673235A0C2D7D317783CE95D6E89FF6D8495C1A98BD4A127C15C5DC26CE1A7036EA600BC054792CD9372A164703F62B12BE8C705C024AC098F8902678155F801062941B1E37ED572C036B89A76E1AF879C29DD6C208737B70602363277E5551301823646430E365DBC5A3089D691A5689D2E12848B2852A6C044279179F284C6EA713639DB54841C77042B81E42281849D1C1DABC2DA88024CA5EEB1FC914920BC20105457B10B4808EF982C45F8690803A1AA398D24A3824F0879345746ECB52C520808B78AAD7023BA8643C4B1F3BF3F4462643C17B64E1592986169A5D5963B896D874D865AFB65BB8C238E40B9FEB0FD298506CC41F54EE7827CE0F996A837EB3E6CCDCF95362F27797CD5F147CA27E157DAF6965DEB103094EA7B1DBCFAEF11D9CBC06CA8D5661CCB92EA93AE2BADAE778A6CC7C434E323769456B1A957571674A776CBAC830346FCBB04AA339F4E1DB0B20A4C9D97AE6DD8900FB5DBFB782A6587A160D62FDFCD919D80BA92C02087DA5A289A3AE1ACF7332398F75C5EDFF39A33BCA896B74D0ED4407D715156D9EDBFC0DCA4A9DF78321BEAA352276CA8AA00F3377EBD0ABB4D8637F3645B72BF9E0225056FBB2EBB92AAB4F21AB3E1FE931750F273716CA8556AFAE34513FD1F26A529ADFAE6BCF52DBE04A53D3EB93AC86A57FA33F9856125477DD2CDEF572C3E18D1877E2B871FB47915770EF2E71FB8B3A2D365C85BA13DB8A16B22143D8F5F72EC800A1E2E1C35D7F16C12DC5970F865A37D3D3C38E37FD1BAD4069E38BB97B9BF7904F945F3CE67FD391E0A99C650D7BB7970F7C3B4A77661E9F0F068D8B1D30F0642CE8C5D754BBA0E867BE3E216ED396482E7DE15A58727B586573BC2BC57CB8EC3ED35A5D7FCBAE5C1AD7937124F4D9C0C77F3ACCBF7843C86ECEE86F42BFF8C86FC11DDC7183D6CA1F082DDE6D503E25AD4DF929E96E877BB2E6E0CD74F81EB2E971B9AB6BF0F77BA663A66B90F6D915E98332F35C1DE019EF659DA2663CD0078B6CD67F54D4755CBFA5BC099FBB0470FC70C3394EC989EB6FCED78C83F9B65F65D5605059EBB9BDCFB5C8682C54AC3EEE0FB50307059F58D7E135BB45B60AD1E77F6B62F64667D35E3ADFA2E14FF5E13E5D36D09145ADBA5B898EE80A9E385EAED0B02A0F044AC75EF099FFECF713B5FF4BA62C23FEDA128256585BC281DF2FC535EC6A779FDCF7136EF6FF3E3D8A07D50E8A49C3C75643154C8336DF77D70BAA5BA4ABF5D786A58595A2094BD1D7061E3B05D50A0F74B9D7AB236FD92A2AEF3D19D5AC853E5FE7931A3275C19EFB769B25B1E3C5998F3E6EECE7B70BE34BC68B85F1DDCCA7AAE280A1B04599D369E284C9800E6454BCE679B72D3FF4A76A9EB7C5E03D9C7269E3937731E3C964DD89FD9D111320FF6FFC8A9420E4F6CE7F5308657C28311ED3F5F1593AC74FB57F67BDBAA9FC3A5A36FF65EF8612B143D32B6BAB7AB08CED75FEE653BEE058BAB69DA9394A1D0F0FDEEC63F8AFF80A239DD961F0BAC85878A330D73A6E5C2FD29E5B631BAFE506CDF74233C85CD4397626D178F655034AC2EECC69D2E5098F8ED3DBBECA9CDE60D87CE834363772851A927DE344D83DCC92BE69F9EF22FC84B4E9A36B8535F28F20B3F19BDC9130A1A8FEE0E9AF341B3B9945F3A97E22998DEEED7236DBA81E96ECE7087264333FCF9354B8B0776C884C2DD6E9E2BC36552BCCAD6DD831D66D5CAE16D48ACC3F733C29BE92BBFD2716FBF972FA0785FA64BFE274F9AE97B30A36A4D6ED88770EFEAE989B7FCB6A67FF176708CA9DB05A5C7C0C82E53A6B58567514F2F66EE7581DCCB9774DD8FFD0C799B16FED998BD039E7E071B2B67AD84279B3A0F4A1BE10CC569A67BA1CC3C78AE1BBBFECAB9DE5058BDE958E7218E5032ADF5BA9E35DDA17648528F9D13BE04F39407211D3E8F0773AA9BC37BDF7B0BDFC4E282EFBD0C50BF39FCE4B9A1B3A06A54509FF0FCAE50EAFA696D464703949ED5053D727605F3BAB15F4E5F750D5EAE75BF74D0F807BCCC1B51DF51B780D7ABB4DF3460D437633A2AED27DFBFAFDE3A180AC787C46D35B483CA864163EECFEF0D256D6F8DDB707C3BBC720AF9E5C739C5605E35BCEC13DD1D8AB3E1B432627D420A942F3E9275B5FC5328771B1DF1A12296CAF178AADC1E8DD11DB84ED70B778C1AA19EB98DEAA93F3424CC2E772CD49FFA6BEC869C1868EC957AFFC2E7FBC0ECF9D9A4A3FBDB503F4C3B46554DBBB6176A3277F6C8CA7484A2D47CFB9DBE19905F67BBE197DD4DD41E1FA7E7BF951D3CEED795DA355FFF2AE2D30B91142FAFAF3EA8D74DBB9561F0DA7B8D76D4E5FF8079CC9E9977E7ACA7F1CFEF393421ED6532EF9792A93AF4B1EA4108A5572ECF5AE457B2054A16B9A49F90270AF2244FE62F8C13533D962899331D3A4D3FDD0E4AF5EDD7CFCD898392C3275F76F330435D5AE0D45B892BA0C87AF88B43474B95AE93567EC46C71553A340D7C2FCAB1122A5A4D4C7B9D3D8B7E2BF74C89B0092853CADDAC871C7F9B080DFB86AFFCBA718292A9EF52BD2AE4ACF40B8D5E59253BD61590EFB396F894B65EDFDEA9F4ED2FFD42C3DA95063B873230F7BB38D8E6C73EF0DAD3BB4364D8483A6F0A78D8A169902FBCDEA25A5F5B93A97455BAC737FCBE18EADCF6EEF76ADAA294556C5F93DC3A5C90DFA7BDEF2537C2EBAF6FAF1FDECB93F239AE357E74F1F5706878E13032ABA9A3D2E5695FC349ABBED0A4FAB3D3D8E471F0FAE3E38E3F5D314241917FEB0E5702C194FFB32A63C115A8FC787E5C5D107BEF789A7ADDE1F177ECF9FB43C1C22179507DB36C4CF2FA18CAFF5CD1F366E793ABE83AFD3AB7869156E5607A78AAD07BCD66A8BE52F4D998FEC150AEB2EFEA3B7A1E984EBD7FE4EF0B32416F6679BC8F3E1CCA3B9C48FEC9651AD4C83A4F3FF3C13702FFB438DBE36169601ADCF485956216FD56379CA8F9CA28834AE3AEFCAEABE450DA7796AFFC527B30FD3A74F3A0E3C5ECD77CF6EBDCE750FDEC6880216506C54BE53EAB686FCEBA4BE9549EC481B75355DBFF6A72D81750E3B5E206737A93E0DFB76D068C7C3883DA3765956B7C2386407948B7A4C2E083D40ECFDF387649AB037EBE60DAA4DD76A460B2E007C1678A29485D6A7F06AA7F9B22CBCE3B4CED554FF235798724527C7CDCF29E1C18F0EA5A7B6AE7C58C36C6BE2607EA8FC97D9F665B4E2BA839B94B33D43C098AAB6ECBC34AFEA2FCD278F27CE53712A7FCE6B58EE2E5ED996A46276F4A36511C359D5333AA5273689EF9BAE1F95F553DFBB7ECE9759ADF573DD67965ED37D0FC9B1FEFD8FBB33A85E69BC7610E5BFF6C99E7781A271E0F9F2FBEFE787FF8B8F1F9AED487FE039D46D3BAA95E5D7FEDA1B118AA4F9CEC73A23603AA37DCF866F9463F8A93F8A3B4494A5F7331670BF96E95CC5BA67B174E76BEBE564DBFB615A7D57F2F98AF6C3D69DB250FEBA0665FB20EA5C129DE4E3F54FEDFBE4F276E9813DCE51698EFEAFA9F08F483E2ECB84D4BEC574083A60A4A2A32A17CA562E8F963BDE8B7EEE3A41DBF2F9F4A7047517E42A773FE5BF5E8032FBBD997E1D597110B8F87BEA57489DE66FA887D4A6F49BF142FC513B468D745EB674A8F9FF62D1DBDD8115EB0F78C4113DC793ABC2A5B9AF1EBC5CD2DD1FF0B504B070821E8F94C36110000D2250000504B010214001400080808006A5F594E24C566F8F7000000790100001300000000000000000000000000000000006D616E69666573742E70726F70657274696573504B010214001400080808006A5F594E21E8F94C36110000D22500000C0000000000000000000000000038010000646F636361742E6D6F64656C504B050600000000020002007B000000A81200000000', 'application/octet-stream', 'EventBotModel', 'CUSTOM', 4, 10);
INSERT INTO PUBLIC.TRAINED_MODEL (ID, CREATION_DATE, LAST_UPDATE_DATE, VERSION, DESCRIPTION, FILE, FILE_TYPE, NAME, TYPE, CATEGORY_ID, OWNER_ACCOUNT_ID) VALUES (2214, '2019-03-09 22:32:28.011000', '2019-03-09 22:32:28.011000', 1, 'EventBotModel-2', '504B03041400080808000DB4694E000000000000000000000000130000006D616E69666573742E70726F706572746965736D90B16AC3301086773D85216B6D2CC54676404B53274BEC1462DAF96A9D1D412419492EA44F5F91742821D3CFC1C77F77DF8AAC4E1092165C92D709639B35DB309E34A73E6139AD49EF401965A6B4F94613CEE0CF0298AC4A260B2AAB2F903567B4948C4BBA1ED8C83847D2825123FA907EA0F3CA1A41B39C1CC04C0B4C28D01069870142362284C5E11E0D3A08D679616734E63267C1DA8BCFFEB06EEF40EF1ED897A7E82B4CC7F1D33AE91F7932C210E3FA7CC5DB2D7677841C23D21DDEFF9D5F6505E9958E3F819E052D4B46AB8A17BC2E4AB2B57AB626CA493BD02862D5A2E3B485809375EA075DDBDC35A2EBAF338A9B49F20B504B070813BD3161F600000079010000504B03041400080808000DB4694E0000000000000000000000000C000000646F636361742E6D6F64656CC558775854D7B63F52873E80281013315163574054C6B2C642B340BC568C5E3232234C2833302062897A9F46D16B2C31B96A448C8A184B624BA2D1046BD488B18B252ABDC918BA14C17BCEDEFBEC73E620DFF7FE78DFF7E68FD97BAFBDF65ABFD576398C7950C83486613A4115C3FF1C19FB691A55626474C0424D7C9281918B47A16C9F914FD0C46A92348812AE3184EA187BD4C76435E3F2912671812E314E44649CC7ABE22335B162921D16FC0F5DACC6C03805AB166A26EBA242E2430C866496201BAB56E329D9F468557C4CB82E99B108D6C4EA19B3602D6317AC4B612586208255902E5817A761B17B31163E7E5E4318CBE15E43BCBC196B6FAEF1F2611C48C7CBD76BA8971F23F3F145E3618C3D9E18E635DCCBDB9771E147FE5EDE6CC7DBCBDB87B1F521346F6FC6D68FEFFB32563E43D8C130C6965B83D60F61E5A23EDBB3E4A8C3198B61BE2C0C76E0CD0ECC392436020A4BAEEBC798FB7AF9727D96C8F5D19F1F63E13D8C156EC9291BC158F80FE7D60F67BBEC9F3F4B1EC22961CD4330194BD668B6B118C101B640F0984EE18CED7C5DCAE8589D2E2659CFB8C4478D5618A275298A388D428323EBCCD154891A455C2A4F426C49D11A96A88AC744C686A3C5715C8C15275115CF3872A405DA783561B11524310E5C3F058B48D4304EDC506BA0423141586BC00B045448B62A9E42B21321C793BC19AC327BCC4C607416A3A702641C686E0D36183B849F9453E3788ABD580863C32D46D66056F16A4CA1A652E30559089001A5B982AD08B2CCED6D5462B868EC6032C6CAC82A4C7196520C8C2B8F512C08E501E9DBD03E63CD7559362C275A131BAB5344B2BE4C652B0DB1212760FFF374199F52185D928EE8C75EE3C38CD388ACE139E4829610458A8A056027A2E02578C0E3C7085931583A253BF0D98695399AAE243942DD8BCD2720D09C08144A682DC97B0E94C8A4CE825C913407136789AD128B4CD261F0D4978805D3B8AA405242788DB87E8857908B51CF92EB856037F19CCE266E47884410F4B11A954123C6A8E2A3C10EF55CA213947CD191A18BA95F905C54A858225A2D76341A3B9B8EB9FA44BE26285C24EBB97957136424800E26658BCB436C0FD6264A109A67CE265620D4C87DDCF6429CCD0A7436C917A4C35E2C0CAF414A50F0E234343511684C4CC5F64769924C12C4A4FE14DA788C130D1591B13A163D1B3539A51930113B424CE1D8102A3A72938A57C473A7AF9B2454E2CA4F895625214BC55B1F47C408B0FDE2ADDE74ABC04284ECC244278941D89FC2FEC219ED2A2121A4A288F1C098AEED8A4A7C18213636BAE2ED5CCAE822B18453EF661A199ED549E46484C85944E0DCA42547994022D5867190B348F059E7B7F91EAB414BC43BB96038CE44161E0E30458DA28370398840B0139DA52622A6CEA6692C8EBBC824C4DAA57D660AB9238A88D8F722B2969C82A6513395274A053E605887ABC41B4880AB34FD3833E9AD414B76788A5F088A48A6492968C9454224B3BDD504A4683BA441A0492637C95CEA7DCACE177B97B7272EBDDFD0E52E26171E728542071902E3D6CE1342AD0830846C5599B8CC5542427CF8108BC7FC6A74B93639FA31095B2A9E66EC112C5D9C1ECDBB8AE629D1438884744A2E9D62ECD0EE8F2FFF8C3BDAFEF1C094CDB9DD0C4EB048F4443085684BAE00EC045E67C2844B28917D26F037C154051A492F5E89E8256172BB259CA6DB20E6B3E7838138C4172F3CEF20D645CA1D89C063B9490670C78D8358A0C1249DA91AD7F6E00CA28B361E3BB7438B1350040F279B6839B7836AA3E269C92CD02EA204BC21B04F2F853E51373F56136760A54761AF6BF1430CA75072A2363E0A3B2B5163D0C5B22B38195A720352B16B7945B85454719C5C7611958C3302294B4AD425B3348382C84589C813F1BE90A44348EC78C4DCC053AC9E2568E305E14E54383B414B855A45C0E212414A793E47B14FF875784E908E23861804A2BD5825B9EE88BCC8CB669F03AAC8485D327F636733385E97C4D13406037F0870CF66A9235901E8E460B9F9C023542430D6F82E1E85FD4D7C24C6875F6B71F482A8A761B7173CCC5B2C0D16F227C2891191A2207EC2A5CE9BC5172907D451EC143EE578AB38B4A816042B1C4429CA6FBE04A6000629C008B19B388709265121E2901237D3D088F286E3C1358C62401F6ED487D865E244278F2D9C0104BA9BA9A93CD9BD7D969219146BCE1778BF93540182DAF52DB110DC26582C231E21A71BAD36F2D0270E247A3D44422539E22ACD5AEA1BEA626C2775154DE6CEED929973A45CAA8BBCBFA90F85B8D05089EC7722D94101DA89F287DFAC4D2C7014454EC197B8C99646B656C99E6343CA87DF05852D4021DEF9485E7ABE2D2E640ED5020938F34EFB2D5292C7A4F0F1F35BBB089B2CCA17F2C58394AAB3A47E387DA292C1FE36C9145729027AD7221E42BB2DC5E4D141C6F1BA4D3299FF081225492E89C1644A0805DDDBEDC5DB0A79A2A9D5586C64A246C51EFCA2930E75095D8DFDCC0FE4D27952086AFEA8B415B8713F89FB8C68C052B8BC5E901CCB3F3DD909F479C3910C9350E21BE8D35D4F6A979BE2BF8DB06B70E8D43AF42448D125C608DF17B89102F016AC269B27E542C1E03E62B133E8910F988425E13E11E028B00A1F609010E43BEEAB960DD6C1E5B4137F3DE454E962801CDEDC1C08D8C858CE8B260B08DA682D39D8747A8DA012CD234D513A9D1A848B2812A6C0443B917AF284C6E2713439DD740939EE085602C94902091B1916ABC2D288004CA5E6B1FCEA54105E1008AA5C6C025A84774C96227C3FC240A8684E2289A86013421EC5A5117B2D530B0EE166B116AE47E7B08B3876FEFB831A23E3B9B0762A90F88CAC4621E23F4345E97040D8D60E4B600DE2BF81A2793CB6A163DEC6388DD2FCD9CE4ECB5C4EC0ABC0AE9965CB6680716B57DBE18F0740F5C84ED653FC53A1ECC68E2D0FD79FE2C74AABBE1BC2633E8FA07C127EA5D5C7DFAE2C52E55379CD3DA6E75EECB31BAAD3D7B6853C1F2C95279D575A58EC18A47B75BC1D1FD1A3343F753023A66129D5FB62E03643F97F5E43FDEF32DFB86DC7A032C4B7ABD9D5227875E4E72CFBED1BA170D3FA69813939D0D8E01A3DA7CB6428D9FE785F6B701254679EEABA4BDF07AAE4512A459F5A68FEB46C56A7A56D50A33A3DE4876D6BA129BFA5AA6FBA23545FFB706E6FD74A685B72CD66D1AC72A8F0DFBDB8F5E44F4AF3E98EC9F386964205D4444F3AE796FDE8CBBBA7CE9C0E519A7FFDBEC2B2CB4D7861F1AA30DA3B22BBE0FB5EAF27EEEE965DE5F84E655688156D5F6A9DFD365FEB070595592B6EB6DD80BC91432ED5B7AD85D219BEBF0D381A008FCE86FE7165ED65B8FBC794139B9EBBC023CBE46FD68D08833CC376ADE7C13A285C3475EFDE13F650945A3E65A25F3ADC5F55B877FAD87878DC6D6F4E505A24FCD5E4FEE917EAE790BB37CE3BB8E030946D85EE9EE3AF409D4C6125BB2E877B416B3F197EDB07EEAC8C0A528E9E03B93FE4073CDC57014F6CEE9C7F5CD70605C5D33A55350D80E2D09CE38C4ADEA1FC07E60723D2632740CEF5C3B5231BAFC23DEF1E2BD685283AA4173BA4ED7FD7C21FF2971E98F8C9A234282EDF1FF1CBD6B40EE53FBFE65CB5E1793254D8C6C6F93C5542E1CACCBF2E5A0D81C2B8E650ABE90628B23B9EF74DC65428CCBC383173F2C40EE5172646B4AECFFC27DC9ADF5AFFD5BA9E50E63C396B9FF13C146D730B8B8C98099557C74487ECF483E28C88C66519FD3BC473B1F1F42767272F8492D2D89DF776B540DEFCC98C9B32B0437F569FDEFCC7BF3323A02854D1F2B8B73FBC8C8EA9987943D9517CB3EF8C0F3DFFCDE58FA1728CDF9CE2E2F950D4ABC1B3CD6C4EF6C52F1B9B76E705C2F3714765B1BFE4C015D725BF67A6B5415EDADEFB8302CFC39621EEF5EF7D70172EBCEA72ADE4802BDCF9EE48C18C9316707BD6F47B76EE53A066CDFD40755E41F6B99C882976E9B5F0D7F7CD71F6F77E85E75BFC7C0ABF1F0CB786F73B6CF6E308C88BF4C8385833101E058EACE83B345BE99CDA635CE691F5702550DBD3F785199406A595660684C0A5E29674DD444F287298F153D69E70B89DBD2135FD720FB8D5565BE5A87F0CF7BBADD04EEA6205B901DF6C9EFDE399FFF7F996CB76EE095F654049AD71D7A8AA95F068DCB439EFB9F686DC30EB3B1BCF9541A9574BCCA2BBB3A0687C5693535208948C6E68FE62D75028DA1C6C3D22FF55BB71CB8FDB175DDD590BE5B3B5DF66F46F82675AE56CB571313CDFD86BFCF56DC7A1C4639CFEA4C73D286C98F7C3C5774FB61B4BF9A563299EC23DA3F577C2DDC0D8E969B1C54F73DAE12F686EF53FFFE76928BA91BBE470C079295EA5D9C29EDF2B37262B19A768B3C0D9CDEDE4190BD7BEA9DA9004A5E52EBEA1012FDAC97B14B763C19BFD6D905B1D98EFE9BC010ECCC98B8CD9BB49E9BAE1F7D0ECBB25509CD9B7C4E54C363C5F39B270E6506FC81BE1FF45EFC9CF20FFF7EB35F97307435EC982A0ADA34640696E0FFD31E34E283BD9699DED012B285E52DBED769A0CCA573DDCACAF5F07AF6286599C31EB06D50B976DA85AFA04AA0F59A52F1A775168379D0AB07A39179A6E366E29DAB309EAA6861C1DBD390D2A26053C28589D0B154DEB37CDBFB3933D4FECE5AAA363A166FFD1F2EE81F650D3B8F4E3A28C545EAE52F6F98E84C123772B65939AE5AAD02550F499EDD8A1C3F2A0DAA3FC5CE3DE3E501E9E11B525EC3CD4F67EF84758CE0A569EBEB5EE587F8AB3E5CF3D83BEDCEC0DC69FBE583EB0D767600C39D96715CBC7AFE3F1D4B9317D33ACDEA3F3459783E73E985245E5345D085C3D6BF12468BA1DBC6774DFD3F07A8C7BC4B6C537A1BAEFAD93FF33A93BB5A3F2E9D04D5D060D8286A6C94F967CFB1B949CCB4A9BFF201C0A5D540E8A5313A83EDE4F65AF64D7770DEE4FF556DFBB6D177B673AC5CBCB6B9AFAF181676109D01C783469DEB1E9501DB96262F87F7EA6FE2F18E7B76185BA376F9792A9B0AE4FC9F888D2ABB2CA1A2F757787F2B3EB9EBE3BE989B09EC4A95AB3A66AC299AB4AE6B8F55427A3022A0E460D5DB6261FCA2B53A7BDE9F721343E9E59107C330F4A966B529677BFA194877EF438317482D2D6FE84D35AE8042F1FC8BA30233C695B6D9B503C216880D2C163B92C7FBB33B41CF7B0BF9A98A5646A5E64E7656D96B6F0FADDC4BAA93DC79116087D4BBBD64A9E6FE69D3057DA42CBBAEAC2276D7AA81EDFB377AE3E019A5A97DF53D437D071ABEFA9B14B8F3741F3E7DFC5679BBF51CA354F131585AFA1D12AC436C7AF8BD261D49A358AD50ACADFBC757BB259AA2B346BE2CE3B9F0DA37CB6FBBB1FED13608496C27F3804955729E53DAEEE39BE291D5A574594CC2AF584E6C72F9FD5A9BB4361EBC323BE49EC7DC8F342F0FE957F4355989D72C7A753A1C6AE68B9EC933C282AAE48C83BB1171A1C37FDEBD0A18394BFCC30E6CCBC5E5FD379DABE1FEA54FA601C18EDE7EE59EAF11E345845CD5EA4190CC6AF27B94F6FC900A3F59884C6A53241AEC3CB8B170EC58331B47E54C23B3ED030E9667AEFA51B297FE5C14B776E6D9C0A959F5D2F70DC574EDBFAD688371F2E5B0C557B5BE605B7DD878A588FD5A93DD64165FE72CD0AD51AA8CCD32EDE75240D1A7A966E8FBEA4A578E93ABD72DAA8F4B594CEAFE7FD40F5BC7FA8CFAE68B64E66DA87653EEC47EDABFCA56D6D85F936AADF28DBBA7EC1DDC9605CD57230BA2C9AEAE1F95F6F8E3FF0E7E71650792DBB7FD6B37D543E8FAF7257FDF8819BEE43FDDF07277BE56FA1FAEAB7A47F909D7198E2E3FD966731BB2B333085EAF97BCFDCF9E51B13A83D95413BC29BEB2EB0F5DD6FE7805123A1AC5BCF8F1E6FF980F24BFDC9F3196BFBFDB5EDA835C5CBEB33F6BF6873B2FB128AA34135C327E5BBD334CE7CDEF0FC75035E86EE9B1644E35B1B3170C52FAAA134FE35D6AFF24FFEFA2B8D378FA33AD9CEBDF9E7BBD44F3C1E3E5E34FF883DBCDFF878576D5F34FB41D25D9A37F5390BC334DA77A0BECEC76ECAF2D1507FFBD396D59DF41427B14769B9B5475CDE92C1A4F5918C3BA2F75776F5EB5107AB92686B2D33CECFBA714569B6C1322C23F769BB96CCB3FB6BF277C14F7CFECFDAFC6B87CB1C67DD801AF3850F826F0D86D26663D7A2D0B3D0F255CB9FEB87FD06C6C33935FA180BDA36AA772C4FBFFF92E04EA4FC844EC77C5BD7F0CC69926C36D4A60684A9E56D942E91DB4E1ED14FE91DC997E2A578547742FDDFAF55BABE9895337B7B31FCBDE65F3D42170EE0E95067E7E677A9AF4D87F49A8487C64396C7FEB7ED7F01504B0708F65632279911000099260000504B010214001400080808000DB4694E13BD3161F6000000790100001300000000000000000000000000000000006D616E69666573742E70726F70657274696573504B010214001400080808000DB4694EF656322799110000992600000C0000000000000000000000000037010000646F636361742E6D6F64656C504B050600000000020002007B0000000A1300000000', 'application/octet-stream', 'EventBotModel-2', 'CUSTOM', 4, 10);
INSERT INTO PUBLIC.TRAINED_MODEL (ID, CREATION_DATE, LAST_UPDATE_DATE, VERSION, DESCRIPTION, FILE, FILE_TYPE, NAME, TYPE, CATEGORY_ID, OWNER_ACCOUNT_ID) VALUES (4076, '2019-06-03 20:49:25.777000', '2019-06-03 20:49:25.777000', 1, 'EventMaint-06/03', '504B03041400080808002CA6C34E000000000000000000000000130000006D616E69666573742E70726F706572746965736D90CB6AC3301045F7FA0A43B6B5B112CBB502DA3471022571BA30ED7A6C8F1D413432B25C48BFBE22E9A284AC2E170EF3380BB6385A8ADE678AD255B44CD7995C2F45546EEB50B864B5034D9A86B8FC46F26798CE8AE73C93BC6B7BD9E5A2C91AE879DB6257340098CA42B02390EE71F2F127BA495B523C49D9016898614085C43ADBB6E0931EC1CF0EF748E8C05B37293B22D1654CBCB59729F9C3AABD03B37B605F9EA26F309CFA2FEBBAE991673DB421AECF576C6FB1BB23EC1490EAF0F1EFFC22C958AD4DF809CCA8B810324FE52A17AF59C136D68C96829CB802832A8C9A4D681BF03858A77FD01DCBBB4674F575447533C97E01504B0708ED85F3A6F700000079010000504B03041400080808002CA6C34E0000000000000000000000000C000000646F636361742E6D6F64656CD55979604DD7D63F9268469949A251B7C6A82283212EBA1231248A6A50431FBE9BE48A34C38DDC04A1CFD00845CC5525F4E1D5D0524211D5EA45CC638886221349AE4C9588503EC33BFBECE19C7387D0BE7E7F7CFE70EE5E7B8DBFB5F6DA4338CBC16123398E6B02B51CFD67CB5984C67056A1EAB844CE2954354D3D54131D9610A6D5A6A8B59CCDA829AA84D8719A14CE61A45A95143965E0347542B29673968E86F3BF399BE0A8A8704D1C2F631FAA991EA24A081334DA63463CC3710ACE2AC057E1CB35F553F82AFCB866C247D15DD143D15311C8D9A3A13F3FEC450768060D6CE980FFE92FFC44542BFF1EBC92A6FC7F0A7FC4E2A708404CBC765F5E0F32C22BE3AC850F4FB6253F90A45F6F450092E40538DB002CC7D39B2215BD782791E01B7E7E582E80F961E34F3558071227DEF043245E65AF00C1348A05994221094EFAF5E4093CBD2752CC7BDC8B6BEA8F67782802F964ECE71C2234D3FBA56A5200672121BA9F5295A456F214A52616B8E61282C0A29C82F8DC28394A139310AD8CD668A280B3474424C84F70D6482FD2E08EA85334D3655A38674C4D5433011B248028A21E242E7824B5628BF80402FEF9419C8A2F223B4605CE91CA93F11B82E618CE416A130B4B1C27EEE101F19773918484D571AE52888805278318999C04B2668824388B38312C320E65BC1A87C14F47A5028648065A3319EAD808D328A28ED45B93B4125891B42DF915A7C1B3885F80269E404E9D688D0630429D345993142FACB301EA3875B25A9988499C376298AE498A35C5C5B56B6C96E9F0121226D00C57BE03051D29E13CD12849ADD5C44D532BE334D13109CA18CC6747518FD270ED5FE1B3528D68183239C951D422A48E149CE840478160CA53B95B782921108564BDFD4A31AC59E68D6901B25A8866A17CDC0C29080421718DE9E9F80A06E6D91B7839710A692A4C66DB1E71D2A4DA89D8711E68C29484509102B242B593640AD589717431CA380640967CC12E75571096A43359A3D4C644F3BC09B8814DE1C35426266922E2D4F15AA487F48B9424B48E9A0B6E241882E52A7503A9E3B579326DC9499A145E9D564994D811BB48B9B09A26C7CC10062D8DEB977A42FA860A4F206F1DA924B1E746E2564AA50422661089AE28084C641BA73D2DC8C9297118D5485542822659A98A8C546BB53813096A7514696ABC260A1D4D03B14D406F21094C6ADC410C9E3ACD47857AB63C54C136B642D69D8AA5D849EA02024EE876A2ED6692C4F2ECB8530A46D81401D1D5007144C3AD53085B199F2AA90A59510980201F48DBE419B83785454A6BC700E1B68D4C2A29F2AE345F9268BC24181980E926D349FC7737CA1E0AC3D9500BF61BD9C2F8E2E2148B52063E49A492E65AB64AB01B8655DE5C5E9FAC138BC587F1922F1B51A9BD040A6C5492719E642F49328E4EB66ADD0C75233576629DE216CCAC79992844A5A4C7C816325EA86652E820AD5E5CAA1405256D4FD2E583578A2ADE6819080E32932EF21C0911482B13978E81EB42EEE25351196852F88E276CE6BC6FF8079212BAB72A1EEBA27EE26E4085848CE17AC2B545EB536C2842C87C73C0E702B1A64815B225CAFA0186419A1E1CA0BC565AB3A3063169D8773D4C149E60CDC34C3AB14A234522FCD84F318C66B2E4E0218B14F77853DAC86198AE3E960017392A288B6D4CB96AD03B9C487F93236ED00C5A497263C2233B9253D4CD85F4F3C9C08A25FD0FAF03832549B2D1D2BC7E72384CC55F3E28E1CB370F6185476AE213D1762EBD8DF14A712E92518CE81420D9F7A3C8798B1E298CA7C899841D5413B5F858279D346917773DDE68329615CCE303981937790FD5FCF1D795716B595A9C0D4DE26436621E85ED46CEDBD2A8C85984774B89A3F164D8307378C8790ACBD154685E66E1C25326A1E67CCC5932E26CFD8AE0489912C4942AD2A15409C409576C09CF111AEE3F8493C991D4A8E9B523869C1B5836ECC42B01D91B78417E9DA9B12342A9F28749329639692BF444C48DB7032C8957F674EC006FC08B1D138DDE10DACA941B4E2BF1B589F4FD8428EA520BA650EE4E4B5643323A6A129243BA192B6F9917160ED6EE5254193ACDC8AE408676782FD0C4A62492F307BA23F00891F976AFF042896471F7318B0A3D45503C880FCC86232E14E693BDC40FBC3AB5824673497DCB7CC205241DA571F1D9C6671F743B224757143D35EECC2A8452847A148A835E2F447E8C8FA17B460038CBEA0BF9E06E4A8E76764DAC84E620F61976F067B1928D13EB21243763255ABC2519C148366666CBD9501BA63006253D501371BC9568488645F5E4A0278C713A69510A06C394D355BC327E8BA01756BE90301143209696926997941B7BB821160419A292D2DC4519895FCD442AAA0C67432672DEA30C4AF63222D865570B8959C2456976627CECB10405476EB32A7A0E8BA46D8F05C91E6D70936B8AB8C2B00E1368F1FD57A55533B4D07B0C7581AE2E32149A1166C7E71621375279C9245A71CD0DAD603117995AC16517191E6214ACE9E0A8D1CA274F493CC941541FA3952604755E5779660DB32F3A228E91CB6E322D74D3961A22341719C8828B82FA6875B22CABB8DA23E3345A35035E4D3A0A22628B520A621342632337BCE8F95D1D1994AE577101A205D516A368A6BF4ACB59845A2DD97389A604D6690901E1E96E80275ED4AD0CC4E8BBB83249780327D77D15C9A6E8A96447C100094C927C08D1C690262A28534626A955FC3EED61D4A7A4400A7212B7DD0C0C69D9FD0D4149DBA0C4074919F1A9E49C6904ECC5BFB9914641CE55DEDE049ABBB1ABF47D484AC5CCCD4D01ACC54741791119FF3902EF2B2AD264A5CE1100E4E996645B8A9DA498C49024E940787A183543693992AC191FD458CF170AC6B85268729BCB97904CB9985525BDB7D32A71A4099556B3A414308AE6F023A7204779B8B8CFA01A70972F7529B0129F04C85A18675C4CAE044AA2C341BAB07194143DA20F5F808C32EE405D12AD9A587E6E4695465FBD249118FB4C6AC2BBB16E82AF640615C3D688833412E9062AE98E2D4C57123BFD33875D0941EAB37092C26E7A986941628716979E77636520FE89499A39FC6C81AB53B08AA1C59B5054145E7BE88F3A78ED614E82BF70FBE299F050FA97421F91378A25CD24277E44E30FBCC2419C392065F130A30C5F110D26B09BC861A6B595618F956BF1323B8DF34C75491825DE09D3D884A9F824D326A704C564C78FC2F98B464E50E7A53888AD522BF943ACFC98D34202A754564123E12991EA38C985159DCB788AF48F32D8089E1638C7A9B5C335F4F2DEDCF08A86B1EAF82A0B54FECD46C2C08523F7DDB452BC9131ACB0799921D35170FECCBC99008D7D935C738DD4F57C3D7546725E745D1947E66D9809992F6D1A9B25282A5EE514E668D441FA9E896AC3C5085CF2C75E043FF7AEE99A3393B76EAF9B615A98AEE421485ACE869742DC8FD81D4D723A433F71A362135234C58E23A57642FCC354A911867FCE0B4B88498E410D90FEE042D9D21EA019AE491E9D10A54ED226F368842524A3066F926A4A35A740AE3466943CA9A0D701F306F17B38131989445EDB87D78C597EF94E125B251D8ACF1C86D00AEEE3171BC3F44913F0164B8B992071C9A5626B43FEBE20254DDEC8EBEE66A71ACB87EC398F382C7D3D90942E9DD772C35E23D37FA2B41C59C2B0FA2E08DED71777969D50D055D0CD4402A57711311217A35AE1D47FD792693C934E0620C3DD8A5AEFAC174DA1616950D1E1F9D3D9F8EE961C7DE0CBB9ECFBDAF30674CA5FB924BA73BFCF7EA7DF20E7838B272CBE38D588BF2EE4D1F78F5A75047D87FB53E7EEB767740379D10FF957D46BE82719973DEEFDD0C36A255CF173F4CA195A01F9BD8F8D3F7A6CBF2EFF56EE99235B37C0F149C3D3F6EE9F06976D0754A479BFA9FB2D37C72D35AC2B9C5F78EABEEFEA9EBA7516CAB00A8FD1BACB96B3B23B7D360A7E7D9E5B1CBD3D010ECFAFD145D454C1AFFFBEFE5DC1C9DC20ABCE5BC79E0B8A869C23DCE6F41E2B205F5B9491B66FB7AECAC9A24FE2AD8E70FE426878DAE01D905FE733B6E3D905703C2D6E88A5732494EC5B34749E629DEE873CC5B6199E1375398A7B61B66F2741E1890E139FC5FFACDBB0CE72BF5B6B2DE43575996561F1BE2E72767CB53EB803E4CFBB3923F4F81338DA6D7D1F8726ED20BFFBDC311BC63E845BE52127F7FA07FF7FFFEA4EA79EFE76D60A1FA8FAD07757ADB783EEECA3268E1FF65E07F70F7FD23173DD60B8FA8D835F5E932CA88E1CF0D3A6A85CB8BAFDA7E1DBD21E4175C8A02F5D06FFAFEECC1B9F0E1FBAFE37A85A7E3E31D0F5A5AE213B74DD8EAA17BA8A926B4D16F836873F9A3B793BB8DE80D2B1366B5CAC164149D63F079FAEF7828A8CEF7F59ED37054ADE9DB4D76FC7A790BBE388DF26C724A88B4EDEE35A6AC5E825EE039F8FAB0C07FDEAD2EF3AA456C1832BE59E63FFF511E82BB52149CB4E43DDB0443FF7FEB3417F36EC80D5400FA85B6C31246FCA46A68F7EF59F6F6CBA74D00E36AE5CBF29B664F55ED067CC98DA6E4C2AD4C55CBB3775CE7750B97FD43F0657B480E2D3B356F5D8500A65956732860F0B8707478F57DDFE3159F4E7A0EA8CEAAC9AE9298B38DFA72E2F4D9C5F55BCA864DE766697CA537D15A7B4EB729E3618F979AFFBC7170A5DE2E1C1C4F49A9AE82150FA4B87EEAB2E868B7A08FDEED23BA795938A184E542FC5C9105F8A536DF83BBD9B6EBCCE702A3FB47AF6A0E8712C6E9A1F6AF7DE94AEA74F7CECCEEB0D3C3FB3D21D2A3DFBBC1F1B351AAA3CBA7CD5E99B5346F9A37EDC5B16111C977595E9A378B2BC922FCD23D547E314E3C176A93CD54BF96AB75C0A5A71D006EEAD516E9D5AF336F3A3A1C8273DF7B73096571A475D58C007E3A2BE607CD48F62C57BB1273E551AE583DA35574FD40ECB5FB7767D73BACC8007FEF999E3D35619F1577BF67ABEDF399AD547DD80C789BBBA88FA0B1BE2BCE75D9904A5DBFBA53D2948859BBB96EDFC5A77E2A8755CBB99D619695035B56866B3D9FF826BDD86D5FF947447B7BEF09CA5CD886770C3D26A58BFDD55F0B39BFFAF239665C1DD7B479297DE9964F47D76A853DF0BA78E9A1DBFEEF7AFCA15B40AF4397EBC00EE7D58B4B9A870F77F3BD61DFF20F1D99673FE90DFF2A30D7BFE180CB7472CFD58BFDC0E0AFA5EF61DF3CE4458D4E145F6BECFC6EA2EBE9C336649B3215052322E646B62195C39FCC399EA09C3E14CC5D4D34FEDB361B366B9ED9B0B62E0964BEF7AEFA71DA130A267CBFB2B864389A7EDC9AF3E8E845BADFDFDE69CD742C584D86FE77DF40C6A9CE7B7B934460B65F15B321FCFBEC4E886F3E41BC47D11E895F1FE6643BAD1B7A176D6B55BA3D6815E7532E523AB73F0B224DFBB68D715A86FE9DB3F7BC74A63BD5DE27A3BC5A5B1792A5F334F9391F564A7917EEA2F990FE2DA66CECD8F4D308AE3E5A7C7DB546CCA6672945E77DC65A5D79E5E70879BD2EDBC2E517721E074B053B403543EBDBDFC62784FDDDD6D4B7EF8D291831A178B309BA515503FB9D7E755E38F4289E59315B6DFEC82875FA79CEC74693754FAF95EB76E7081C71B75373EDD7813CA32AECDF57936161E0CBDDABF5DF2DB70337D9ED3CFC57E5013615F6597C7F7B7B5370F26260443C3A665FE253F5A4225A70DB1C9FA1A0E8F6C15A25D74106AAF1F9B1E11F11CFE08FD6AA14FA01E4A7B385E5B35F20EBFCF652D7B37AC375CCA0FFEBC9DE5115D59EB77068FFE36030A3C4FB6BCE06D0BB73E3EB2BFBFD31DDDA6054B43422DFC75978F7EF7BE62BD351486F774B0DB1409B723BF1A92DB6410DC799655BCB772B7EE119C9B97BCEF3BC8EB76F19D51C78A217765F9AEFB3E7AB81656B7F5ECC11EF0ABAB5DFFC30F5F40EE936F375EB75F0897B61CDCAA999C0957A6EDB19D1AB40C7297AC3D5FDFE33E9CB10C4E88DFB506723DDCD6D67CB3106E17C4EE6ED31002796536076C42F97ED75B1FDAA0196596FE27EDEAF2D6CD6979281DA0C8C7B6FD879165A02F1F36755AFA9BF0DBFA15E7FBB9CF854B8BFFF14B55CD7DC8DDFAECD17B23E7EBAA6D06EE5E6E7B024A3707055FED7808F2674767879C2830C70F377A4EDC5893690B7756E9FB7EB2F54BA8D40CB73B364D631E87BF09B73FABBFE873E76DDFA87BC2DDCC2CE7DE4BC643FEF3F11511ABCF40F192256DC6EECC868295DE7DB62CDB09B7BDAE57040C686F5EBF19FA95B5C326282DA3217F4EF6E4892E0DB067C16245CA832CBE3F5B8F72F76E0FA7941D77751A351CAEAF5AF032C57A8959FA559FB1D3DED1F942EE5B7D4E050C7685BCFBF60DE145E7FE34FDCFFA533B24245DD5A10B941DEB5AB1E6613A145C7B991A5CF01EE8BF88732FB1D80E2FA6563B6CFEFE7BDDCABBFAE05D6B3618CD57653D3E101E7C0A0ABEC8AEF5ABFF1D8A5F5AEC4C6CF2128AE2D7AE4CAD1D0FBF07E5F7B72B7506FD9AF2768569BE70EBC788C45BA515F0DB41E552A7BE278CC686F286FAF55D52CEF8F9EF873B7A7BEB4F6EAD82D245A3DB2EFEA30DD4F7B8F0E374E74D50657723B6EBA48DECFBBB0ECE7F7B2307CA523D9D3E5C54008FD7393DB02DEA0E57DCEF4F5004464095D75D9F992D1FC1C3AEDBDCF7653A4279417CFED0FFB1826A0BABCB390343185FBDFBEDF57B1D9550DBF9EE847E63C640D57B235BFA2932A070A6F7E95E4FED457DC42ED3D33E2DB4B4F35A28CFB6BF62D75B0FF55E452E0DA587A070C1ED3E077A4D6072357CF39B13B5019E7CE0B070DB4437A85EF5F584DB4503A0BEDB42EBACB507A07A6B40ECE27005E32FFBE2A0CEB2EE7DA8AE3DDBCD63F37EA8FCBC78424E6020944FAEE4B273E60759946E50DFCBB781A21715AB2FEEEF0C1555171DDECDE3A03466FBC8F3E333A12A27FFDC9AF6627C1447EA27E5A3B8D178287FB14DEE642BC7154C8EFAA1B72C6FEBA44D80BA1E361D924B0E417161E1996EE5254C4F29A7AFFFE1CB32A687F2331CEEF46C06E9355035CFF241E50F6D683C6C9EF94BFCA33896FFBCE8545ECE57507A75F5EEF907EC99FCBDCC94E025870F89B86D0D28DB712D541C0F737F1EB1BD128E8EBE5C9D657122C8E24E546A4CE6565D43D73F5C92FB64C28D65FEBA3DA11FE86E4E3EF94BF08C2878342633227D880B143C7D9851CFF713F20DB25C5077AF3023C490FE7FF6BDB52F7DD2A0F0A370FD86F2B3E91B3AC0ED5EA9967DDCB7BFE2BBE935F9FE5BF94D7FD9DE15CFDBF9CE57A2A07EE4F5952D3ABE801CABE9650327B68687A1B9CBAFCE544343DEF37F2FEB950437EB751DD247ECFCCBDFC7E3DA7FDA77961E1ADEF62999D6FEB959BEEA9D3FCFAECC68F3AAF920EB7693AA62FFB90CEA55B981A5BF0FA2F341560F9E741872ECB191BE8715DB272F79BC81F13FEEEC37EA97B91B989C4D135DFAD2B211FF01504B070877A06FA5A414000088370000504B010214001400080808002CA6C34EED85F3A6F7000000790100001300000000000000000000000000000000006D616E69666573742E70726F70657274696573504B010214001400080808002CA6C34E77A06FA5A4140000883700000C0000000000000000000000000038010000646F636361742E6D6F64656C504B050600000000020002007B000000161600000000', 'application/octet-stream', 'EventMaint-06/03', 'CUSTOM', 4, 2903);
INSERT INTO PUBLIC.TRAINED_MODEL (ID, CREATION_DATE, LAST_UPDATE_DATE, VERSION, DESCRIPTION, FILE, FILE_TYPE, NAME, TYPE, CATEGORY_ID, OWNER_ACCOUNT_ID) VALUES (4092, '2019-06-04 21:12:48.341000', '2019-06-04 21:25:53.203000', 4, 'EventModel -06/04-2', '504B03041400080808003AABC44E000000000000000000000000130000006D616E69666573742E70726F706572746965736D90C18AC2301086EF798A82D7B534699335422EAB5558B4EEA1EC9EC73AA9059394245D709F7E83EE61114F3F031FFFCC7C33326B27CCDE279B1555C6E892F1252FB37ADD66ACA092B41E063BD87E5E7FA38D67086755E98A03158261C1D9B1E3BA1414B938C2A2EAA4004AF660078D21CE3FD187C15945F382ECC0F613F4A8D09293EB3A88B9468893C72D5AF4109D0FCA8D68ED65CCA3739790FF61CDD683D93CB02F4FD137E80FFACBF95378E489862EC5F5F98AF52D3677841C12D2EC3EFE9DBFC82BD20E26FD046654947329E4ABE425958CAC9C199D4D72E60D1854A96A32695A41C4DEF9E107FDBEBE6B44DF5E47543793E417504B07083D0138A7F700000079010000504B03041400080808003AABC44E0000000000000000000000000C000000646F636361742E6D6F64656CE55A77585447D7BFA820D297A2A246B18B15445137C6C39B6014A3D83091448D084B5160090B41D42496145BA2C6DE5BEC9A607BED59F54DEC1A158D1244400405295204351ABF7BA7DDB9777731EFF7E48FEF793EFFF0DE993973CEEFFCCE9999736711EA0E081A290882153C16E83F7BA1CEC018A1DE405D6C82E03C30EC53DD607D54507C90C190AC3308B621D161F19342F5C982C3485D58627874FF4F75F14906C1856F058BEF82EDBF222246E863C539F603F529EF84C507218DF658108FD806C5C724C58425E984066F27A786C4844FD2258908DA0BF5FCFA78F9082EBE5E3E5E7E5E3DBC7A7AF97BF5F6F2F5111CA41EA98D5A36DDC596F8ACE72B3605EB1E5EBE5EDD8506BED24314EA8D5FD17CC1DAD7471AB44643427D2CD153D2D79DD327B5883E3FA1811FB1DD5B12F393C5ECBA9396F86E2D8DF414EA4B5D92246AF712F1F710CD58F74646441892742F71D8D6D79FA8B4F3E7FDF045786DD18378D60321E9E587C04B0C48A81111223E7FB129F6FA23533EE2FF6243D25FCFAF3B1AF7F5EA2379D30741EC89900A56AF04E7F8A8B7B461893A6DAA3E59AB9F048246EA88D6C5C6EAA5E068A3F5298293D4258DA7E813276941704122FA143A0F04DB09FA94B7D09B1BD517A18F898FD246E9F51120342413225261608CAC5C7090A6D17EC1813723D85123117AA1BE243734364CB0A722A205DC2B41267812746CC8162B4ED0C9332441A49338E124EB97C631113CE806920ED441C738706C0C647648DB06D926EE50544213F314207E91256CD49E0B076E109E715C887FD894E0CAC78E587756C546B096940346C3E2559F102FB89B445BE2DB110DB330392A628AC94534D42761C72F124A1B4C0C669A30FB06B191A08DD30DD32546EA13E3D0A610A88BD589EBDC134D41EFEAADA58D345327C96ACD0A68A3C53689A4F8A68DD547C5C40BEDA4B63953DA04DC85556239091776DD22400FA57E6D0C068702A2D4D8B6564FA93076CBB243C40D071204044F686F62CDBC06C1EB75DE0B2D5EC3AAD0BC767C82BD848C6AD398B0283496C6CD5289D60DE10FAF51491FCA7FEC345ACA0A9A6D290D580C138D429EA4D71A62A244C1782E440989FA09B1BA3883A4842CD3E444296B3D90E978B5AF680D25EA0CFA5871B2A44ED4D698694B4AD4278BEA0C5AA2C48ED89594A3D519193319359AF06A307E8A842C491258092DDA23195062D489AA236D37C2849657853AB180DC8922101E161FAF4FD2868587EB0CC4AB30719892242AD4700A09B70D3917788D0EB29B1489885FDA1A954E218BD80A394888498912B46BC8B61CB990894AED48F425561D6573123DAE2A2EA53EBC0521E7B471A938424ABAF974916060352441E8A827E78ACA676550885977136A25EB2E6A2DD8AA640B8711670B62C103B3406B246D92F46220FB3CA1CE890B8396464A91CD189D3A1B3D9429439DB4A36044554DCCC48E86A0A969EACB06ED39F630202EB662973D174E4C8862E5B9A9756BA94115C5AC78F494D353BD46EDE421BC2B32949EE6DCC300352629C2F14A99E4ADAA43E4C067384E6FCAB59626301175512F37BCB2C2E24C960D82CFACBB9A5AC7FBB79C4066E870E0F713AC43E53B4AA8B8542965F5C9E276898E67D115FC22CD6A66916D11353EC5C5A70B3BCFA8D70E3C0DF820A046102178ADE07543D71E731E418DD7E922649D182A59616CD7605B1246C0E7110EA232E11B99591C4859230BE9818F4073AE6BF92D4946E9A808276E3247F06E6496480FC5B6C5E2A1513A2D11EB4C764B2559AA3DCA099F612C5710FF841DCC3FD9FF519C4516B15A6E15E084572D7A42238ABAB8BDD9602BF8296E4F687393BCC5592DE67C12F2DBC070B446FEE8E312A4439EFFECC3A5A568583F0957159685848EE695A35664722C574644089D68786A15E3AB32BEDE318B02BB29D91734B4E4903D6CC056BB5CE4D50E9155BDB580AA050E21C5458D9D1C969265545CB7A9D50C9D842A32B35E37A2BEAAF1B7780D404C0946698BB71531C80E386BF593B462E947D2507CC1279C3E11A32247147977E3A7500157F65D226B7352F691EA0E3B88E83420784485FAF6415A6FE42013BF64C4C5482C35514253BA886B69E9CCB7936792B56A10A3A0133BC2E2E9E1101F4195366761338FA3A1ECBFC220FE4A8B2739E28E438D8D30C0AD6AD78DB2A2E56BE9C0F155D1AEC0E2480E113E64927C720229ADA48F45911C3E62142C71A0A5656E093A72D4B0F2975228F430EFE56B9C72240123989C309DCC077B0E375EA0968139F13E8A41C7259EF4CDACA1CC252750C52E2C51585A998F3042E9C053453F796475B827058FE38C73E7E2C9F8C4DE621BAC4A53F0A398270BA25349BA33500A7B983342F24036EAA25649EA4DCC1AD92745E8986C9A90B49210D76E9036258C7EC2C9D6E46B143E3162485E4933506D85C7E45B0B5E83A3DC1B4E79E585B8AB2D868B7D956009077E6563D344924AD8738EC81723581E35832858BC65106FF19D4918ADC5247CE86226082BA453340A38C82BCE0D710F0E33E8D8DE28DD32505834F1F926DB39C8C94EAEC5A445462E6CC4217B4E19A92C91AD1803CF67186583CB1A091CDAF8302C5C0A717B346A6B946DC988AB6A8ED4E7A63045E8F4507B8E55BAF22089A846E13E82A651C406D180129590E8A85863386F5113BB10A54BA25CBACA477078ACDE80BED8E463D9803BB1077C8F2486F8642D376C522C702458FCB6A9DC86317479056A691D1C9EA80B134FE3447451EEAE4C15A2CE9983112FED354E5C87E4A8BBB9B58F81621FE9D72C9ADD1457A5F4DEDE1C0244219E8AA6701147BE8A89D41A6B3139AD148BB391E956C5318B54716EB8A96C2392D8194D3F8138585C328BB1C5B9A5988FA45C15CC6B650E28372A266845CE7ED8F0507B817534AB8D01B2394895A78B1A16AE144C67120294E1A7970D6A90CEAA0CE64A08CBA0DC544928F3C305570A452393CD9840D7B0C089EB14037455A70C3D8DE4F5A6982D475C4BEF1C685239D160F399CFA509BF15216ED19627C5DEDD5C4071AFBC5FF0C5298702B1D0D0345551BF878A1D1D57D431BA34E488E1B283DDCDC7B3C82A52887E1E72C84C3190D03AF0EAF165829CCF66F2C8452DC11FAEDC2ED8D07C94592DCCA637AB2DB77002B0D219AB407B2F46DFD48CEF2C421A65C4D94D6A986A11E38B089CFA4837DEAE509EA257B63EF0003E0B2322B075F1C5AC9497BC034770BF5E6AA3A42EF17889207715FCC26B56DB1CBC25C9D3F195A058004B7589463186BA1ACA6EF1CAF077B319C4660C93FB08B587E4072804AA99DA09C57C0DA393CD6D55DB04E229A936C805027188D76B4B7F01133A4812E4B31307157F90A21C0AD51982F5F49B96ABB0D5223858923ED142B88EFFB095EA39B107FF9EC2DBB164A617CB670B121660620BB561A0163A902359C19BB97958A562B27964F83735F343EE6C88FFD9BD29056B2E3A5E8C026E0A5DA652E8F1741E11AFDB9306D7D421AFD7914BAE436BF3B5E56B33068BD49E4D4D6BF1915D6D4A89A33189015E0216BC577C59508285CEE6D78185B077FBBB094293BBFB6BFD358D922BF92D970FBC33B71DA338DBD2F58FEF3CA573032D7D5E91FA5B95148B6CE7E06507B2CD23501FAC4F1A151FA14B342489C404C52749BBBFD9DE2161A9134C7FF694F49B1B617F4FE2802B29D2F2962CD726AF65A2CA121DBBE3C0BB2F8C945A7F1BEBDF34EB6D8E47B346F07593B960905AAE9562DCBC8E16E6CCF1B1926F683005CD5944CD2B247759A998A241FF1C45C2E0D7BBF35F648EE2E28AA06DC9F2D2844CBAA05D546B837C2F5315842F9436B8DD45E2EBEFC37251544AD2E76B13CBA0E44B1A6CCBCD4C30F96F2619A5C624B905DD3FB5286B8F22AA5B440D89492CF75374B1E1FA381DFBC32F6D127A901FAA4943AB8F170527186292C89F9BE8C90F51B41311CF09A1A245610827BB256BE25CBC5DA905F03AAA1D322EA02C3AE2A4740403A7836EF2B7B98ECD205F0F3AF4E73734EB6263D978634EA36C6F42722ABEBD0E42AFEE9C1919AA2B16C0974F441D773FC019F19041A04F24BE3B2CD6A0574ABBF09051EDCAFEB44B12A6C70A9B413E7B092B067D6C042ED6C9AD8F42B7B3AC5BBA990BC23F68F122B27FC48E4E3599DC254ABCA073587CA11228616516954DD90BC99CE2EE0B756818DF4A3639C6B073F82A597A6B408A09D10F54234B981C15A4E2261241883B7054D58ED6959D88729F9D9C07DC1F94296D3172C9472741CEAEFBF80478C322F908ACB38A5E2C6F916F7E01C8C9E1A68A2242D250058D7E6B636A255F3CB9945799C17FA3A1A74B4DFE1B41A981FF8084A52911431DF4AF7F24D75CE577E65D574B4BD182BBF86F68A49F91F975A0588EF5B13F3A0518C93FA839B9E54682FF1EB8DBE8C5E2504F67F67C3266D59BA3C77766CFFC6E074F7E72F4471339D533C0AD4D875586B663993CD54FDBEA7EB51EB51CED2FDA7F22AFEDA36FE9D3C48E7A7E4568BD23C12312A1BC6FCDBBA9EFBE60FD2A3D26FE3E322CD48C7BBAD9222EDABE7D2CBFF0F3EDC7A1386747EA52FD65B8105ABAE9CEAF47E15451DD09D7077E6FBCEBF561BBE2B6A9F09F9FACA70C89AF868BDDB6D67C957019F26C76CC99DFF9269CDD3F26C5D9ED05DCFB65CAC56FA6B735A6793BAF7D739CD178DEAF5DF7E7C25C38BD6FF7A954980AF7F6CFDAD1E1A34F4DDAB9B352EBBACED2FD5F791A0F2D7F66B730FA24945A4D7ABA60DB2F90FEC5EEF5934B1C20F7E891CC3D0939C6FD9B7BF94DE9F021947778BF65C4AEAD90D162F7D75F0D380665879B1A0A128261EFC79ACBBD3A3AC16FC3B2AB3FDC3E1732167F3962C394A370CB27E7F8A2A121C6AA9F93533636FCC258E9B93EA36ADB6578F1D38ABE87061F86821699B1AE67FC20B7F05EBFA2DC5B501AF8C78B69CF33E0D749BBA2F2CE9F66CFCA8E0EFB463F0965ED7BB6C3BAB7B32D80C289972A2657B484CA06797546AD4A84E24181152F8BF64071B4C79C436BF2A152BB3BB8416821146EADD873B96723A80C1EB021DCD70E0A0D015689AEABA1042E16D9869F802287C5579C162742E538AB2967BC1DA1E4ED209BA25B7F42DEA5295547C5F90FA63EDA64E85C20DB3D3DA77AA457059BFF70C9C1E4A35BDBC8E39DFBB6091B18C8EC548DDFA2AF2C9BC9F43CCC5F78B0A75F07A81AFAFEC2F57D6632BF993CE92F1C35EEAFD8110F4CF8A07AA8FF6ADEA8DFE57D5EBA9687D8CA7C50FF895EEA27E53FE74C4AE429FBA350D8667CF09037AB4CEC165B379F3CC4A60F146FED9DE4EBF21D144FBC39B7705A5FA83CB0A3E2C8C228CB38BF1B71A06BF443D64FED517ED5F3983D1A4F6287F243F5165CBE72BD68BE0793A7FA1E1F981875B27F00B34BE755747FF9E5E669DBA070F2C58653BD9B32B9A74D87B49FF94D208B3FF5BFD22BB0D54FB79A5AC447E7ABEDD2716A97EA2F5C707DE6956B8550B9E8590B975B4E4CAEEC6A494274BD0B4CBE74DEFCDE0DB7AE617954699D3BCDFF6C1FC85DD1A7F99DD6E9F0D07370799B55D190DB2422A8EF6F2F4F5AAFFC3964837616946C721DF9E1C58370AB7FD2C06BE72A615BD2D7CEB69175E07676E7512D4FF48463C7AF6DFE217285F1F680AFC32F655D830257E3A0104D24BC9AD7DC6ACDB906F020E78B270F7EA8F9DF3E03EA667EEB1CD149F34FC919D333BEDCA8FB7E17FC9AE9FF99DF4F2B2063F7D4CC1F172C82747BABD96FA4391957B439707A86CB00E3CD7EFDE66C5CA9857BDF9DAC39EFDD194A0F7DB5E1BD911570AEF7D943AFF6FC65FC757DABC02E9717415EF25F83363E180859CDBE79B5C3E74763FE88559706F42C84DF6FCECBDF54520AE9837AA68F4DAE829CF7F78FFDA2B53BFCA74E8F82ABD9FF82A3AFB44BD67D960C1573BEDF2C54192037BECFDDD699B7A1DCFBDD63EDAA471BABFE35FFCB3D5DDF83677B768C691B391DF2C79EB58B9EBDD5782BA3BAEDDB1B0F41CE63EF88455D9CE0D1A632AB07675EC19D98AEF317DF3F089969FD9FBE2C14207B5ACF4F2E071EB0D89F9BB8D4767BE579B89E3EEEC57B093F41C511DF98E8D84828F3AC5938FED779AC5D307DCBEA354D3E66FDA59D5A1F0DE9D23EA09EB7BDD078DD0926479F641C6AC2EF6454F99E3719A7CFA2A39D9639652F08B0DAD462E3D0EDDFC193BAB3568F5C3B80CD57E90BA89BE4DFFCEAB5F5AC9FCA533B65F7768DAFDC3BC21437EE0FB0AA4EB9B1FD93F1AC5FADDF2A58E379D9FF53E667F9C4CCCF6B427BC0BDC8375366AEDC6E2C083D33ED6CEBD150965177C6CB2D45C6CA01D5FA29655BA1788FFE6AF6BC4E90FDD7B8231DE65E8147017BCB63CE6D838BD3575DAC9F550279CF6C07C77E5E0635FE4D3ABBF708823F6E7F1ABD766C043C76EADA7BF39FDBA1607FDC96F0DB4950FDB2E4F4FEDE77A124E19EEFC12602FCB16159C990481BC8FF2DBA7CEB256763CD52C1FA4A517BB8E15975C8D643AC4712AB1D4F679F829CF7D6D679B1291D72BC47467ACC0D858C2CE38C0799CE702D277571418C3DDC4A5DFDC9B4169BE1BACDB4E845DBB57076E6910FDC37EE835BF7C3FD233FCB83ECC1311B86F4D780B1A7C3E3598D0E43EE07EBF6746BA3B5A8E75CD7C9CFEB2DBB0779BB9B0DFE7A632BB895685C6DFD4D21DC4ADB30EAECBD10B83A226D75978AED903EFDD4F033C31C21FFD0FA3BB1FE9D213373E346BF067E70C7D7F1B380A81D70FD5889EFB3A95744392FB78CB93FC2D539D67DE7FDD5D178655FC2E582B7DB41DEB456233B2D1825D64B1F0D4F5A1A6249DEA2DD8C3681CD2697BE0B77AFBDB33FE5C844C8D51FEA33AD4FFC7FCD4F6EC99F2D87FDD20F72BB05EE4D5FD21EB2CEEFB2DDD52D116E9C9CBFB4DBF3497079D70DFBB1FB6CE05AFF811B3A1EB862DCB2C0E7D9FE8F3AC2B5E045437D56BAC085849B016F667F0B9776476C5EBF6E10E42FDE3D3BAD7DAFD78EDF9E91BC63F1A80AB8D662D78419AB9BC3EF6F174E700CFEB7F1F832EBE13F349A01BF7DD1FBD0BE950170DE7BD5C9F9676CE182615AF5B1D965707F45A6B15E54C66BF1954F2AF6B9B9BC0AF2AB4FBFB5FCAD43903E677169594E0D5C9BDDAA4DF3A502647A95ADEBB72C1B6E57FF31A4EB957626EDAC1B553BDBBDBB170ABB0427BDBFFD3DB1AEFBAAB5EF9827F0FB10AF7536FD3C02041BC7B98F330FC1D32BC39B6D1DBFDD44DE44DFB9B9BDEB8C9D0139B9CBC647FCB81272BF3EFACDF6739721ABBC18F4B99DE1B1834BFF0FFDE7C2C38BFD52D6F4F0869B2BAD3EBDB9D30D7EF78A89FC4FE3D190D56FCD67F15FDD80DB25196B9C76D63769ABE5D5FAD5FEABF1A8F13EBCBDBF5196E6DF90F7EF8FDB164335A45B37A9BF69EB3A485F6A95F34BE83E2871DF78E603EF49F0E044CE91A11B2642E1852D4FDFB77B0BEEC47DB0B4D57A6BC86BDD7940C47773E1FED403B1A382C5F379FCC69143ABEFC2C35FDE6FA88D3DC09E8F1676FC615AEA4228383FFDFAF1E177A0F8FB16DF44B52B83EAB4C43D3D0F7F0F773B24BED854EA080FDFB9BA2BE1F7E95039C3290D9AEAE1A17BFD39DD57AD85F2EBD3439FAE7584F2B7930FDF1CB50AAAAC378F9DF6CE1836AFECC417E78BCA1EC0DDEA1F1737BFB357D64771103DA5130B8F681E2F8707CFBE8BDDF0AC009EE48E1EE6D02F08B2C26A769DCA6B078FFDB6DD2D1A930C7F26F7083895ECC3F4D0678D8D63E5808A13ACFDA0EE209F831D32A12C7AAFDB86A336329E2DF70B9EBBFBB336E585B40384E5C61F46F74A17CFB1861387EE1D0985F5E3D6FABC5A0A055DDCB6B4BFBF0F4AE38EA77BA6B9305E295E3A4E79A47E651F5DE251B3EB6326CF70105C0FBBAE28D557654369654941AF372640CEB8B41956C642A627FFD5B8A0AA13914CAE3CFBFCF57AA74E4099876E4E4AA9C0F053FB54FF93DEC376BA3CC966FCE53F693FAB4D1D31CE1FE6C64EADF78E8C83E8A179C0F8B399DDE023E77B50307FF98C2D9767C2CDC6F72FFEE43D29C0BA4756C88A030B8C15438EECAEB83005B25AE7F53A3FFD113CABEAF4E066A83DE444876C6FF2B360E919609DB77EFAA696135E27F7BF7E66CDEF35DB306736FCF65BE0E1E8EE0721FDCED0F5313129FF5F9EC623975EFCAC352E836AC7A7152DB2DAC0EFC38377F6D8D61BAAC7DB3BCCAEF7076BBFEEF924EAA9E7928FDE849A6F0714BF5CF4EEDF9D1760135272FC45A77AACBFCCE35AE38B578799C8ABFA03EC86EE3368364C87AA3DAB9A7C34744C804D7EE4CEAFA65A59D453EDD9EA874F46CF869A1B63D3AA2F74A5F3E0492761F872A33D93CBAF8CED2B1E1BFFF4D378F0D4DC349FC16F40C58D99517DFB54C36DFB634B06DC4885BB5B3F2EB9D1AB2E145D754DB0FB783DDC2B08B48A3B1C0AF7B77C1ED4FDDBCF58FB79FED7CB3B9EEB09F7D2FC4206AE0986B28169B75A7D1B0E7956DDEAEFBC14C4F4D076C941FB9F67EE6DCEE4AAA3A7747C3E32CE442FC551FED6A06B1B3BBBB3FE87CEE29A6838CF641ED5479FB4FF61C8FC7529F322997DB51DFA7CE6B578C18D2553D47201C2B00727963D9ACDF452F9470153679FEE27E3A27E11DC6C5EE1B1E2A245376F98F8459FD41E7D527F557E07D4593CEBB1DDAEE68C6F3A9FF0F13F504B0708488C90AAF717000037400000504B010214001400080808003AABC44E3D0138A7F7000000790100001300000000000000000000000000000000006D616E69666573742E70726F70657274696573504B010214001400080808003AABC44E488C90AAF7170000374000000C0000000000000000000000000038010000646F636361742E6D6F64656C504B050600000000020002007B000000691900000000', 'application/octet-stream', 'EventModel -06/04-2', 'CUSTOM', 4, 2903);
