;              
CREATE USER IF NOT EXISTS SA SALT 'a1f92a0b7dcfc8e9' HASH '225371fc69b3eaab8838ef679db9f02c507279d22d08d6cc87303b107dc5af54' ADMIN;            
CREATE SEQUENCE PUBLIC.HIBERNATE_SEQUENCE START WITH 852;      
CREATE CACHED TABLE PUBLIC.ACCOUNT(
    ID BIGINT NOT NULL,
    CREATION_DATE TIMESTAMP,
    LAST_UPDATE_DATE TIMESTAMP,
    VERSION BIGINT,
    PASSWORD VARCHAR(255) NOT NULL,
    USER_NAME VARCHAR(255) NOT NULL,
    OWNER_ID BIGINT NOT NULL
);          
ALTER TABLE PUBLIC.ACCOUNT ADD CONSTRAINT PUBLIC.CONSTRAINT_E PRIMARY KEY(ID); 
-- 1 +/- SELECT COUNT(*) FROM PUBLIC.ACCOUNT;  
INSERT INTO PUBLIC.ACCOUNT(ID, CREATION_DATE, LAST_UPDATE_DATE, VERSION, PASSWORD, USER_NAME, OWNER_ID) VALUES
(8, TIMESTAMP '2018-11-14 20:00:58.864', TIMESTAMP '2018-11-14 20:00:58.864', 1, '$2a$11$OWkXnvttV7u2A84OwCytre84bu3H9s8M445j5yN1fM9e0eq3ZLj7O', 'admin', 9);   
CREATE CACHED TABLE PUBLIC.ACCOUNT_ROLE(
    ACCOUNT_ID BIGINT NOT NULL,
    ROLE_ID BIGINT NOT NULL
);        
ALTER TABLE PUBLIC.ACCOUNT_ROLE ADD CONSTRAINT PUBLIC.CONSTRAINT_C PRIMARY KEY(ACCOUNT_ID, ROLE_ID);           
-- 1 +/- SELECT COUNT(*) FROM PUBLIC.ACCOUNT_ROLE;             
INSERT INTO PUBLIC.ACCOUNT_ROLE(ACCOUNT_ID, ROLE_ID) VALUES
(8, 7);            
CREATE CACHED TABLE PUBLIC.ADDRESS(
    CITY VARCHAR(100) NOT NULL,
    STATE VARCHAR(100) NOT NULL,
    STREET VARCHAR(200) NOT NULL,
    ZIP VARCHAR(100) NOT NULL,
    ID BIGINT NOT NULL
);
ALTER TABLE PUBLIC.ADDRESS ADD CONSTRAINT PUBLIC.CONSTRAINT_E6 PRIMARY KEY(ID);
-- 3 +/- SELECT COUNT(*) FROM PUBLIC.ADDRESS;  
INSERT INTO PUBLIC.ADDRESS(CITY, STATE, STREET, ZIP, ID) VALUES
('Charlotte', 'North Carolina', '13812 Daltrey Lane', '28277', 2),
('Charlotte', 'NC', '13812 Daltrey Lane', '28277', 4),
('Charlotte', 'SC', '13816 Daltrey Lane', '38277', 10);              
CREATE CACHED TABLE PUBLIC.BOT_LANGUAGE(
    BOT_ID BIGINT NOT NULL,
    LANGUAGE_ID BIGINT NOT NULL
);        
ALTER TABLE PUBLIC.BOT_LANGUAGE ADD CONSTRAINT PUBLIC.CONSTRAINT_EA PRIMARY KEY(BOT_ID, LANGUAGE_ID);          
-- 4 +/- SELECT COUNT(*) FROM PUBLIC.BOT_LANGUAGE;             
INSERT INTO PUBLIC.BOT_LANGUAGE(BOT_ID, LANGUAGE_ID) VALUES
(21, 17),
(23, 17),
(92, 17),
(92, 18);            
CREATE CACHED TABLE PUBLIC.CATEGORY(
    ID BIGINT NOT NULL,
    CREATION_DATE TIMESTAMP,
    LAST_UPDATE_DATE TIMESTAMP,
    VERSION BIGINT,
    CODE VARCHAR(50) NOT NULL,
    DESCRIPTION VARCHAR(3000),
    NAME VARCHAR(255) NOT NULL
);  
ALTER TABLE PUBLIC.CATEGORY ADD CONSTRAINT PUBLIC.CONSTRAINT_3 PRIMARY KEY(ID);
-- 3 +/- SELECT COUNT(*) FROM PUBLIC.CATEGORY; 
INSERT INTO PUBLIC.CATEGORY(ID, CREATION_DATE, LAST_UPDATE_DATE, VERSION, CODE, DESCRIPTION, NAME) VALUES
(14, TIMESTAMP '2018-11-14 20:11:55.008', TIMESTAMP '2018-11-14 20:11:55.008', 1, 'SALES_APP', 'Sales Application', 'Sales App'),
(15, TIMESTAMP '2018-11-14 20:12:46.776', TIMESTAMP '2018-11-14 20:12:46.776', 1, 'CREDIT_CARD_BOT', 'Credit Card Bot', 'Credit Card Bot'),
(16, TIMESTAMP '2018-11-14 20:13:13.239', TIMESTAMP '2018-11-14 20:13:13.239', 1, 'DENTAL_PRACTICE', 'Dental Practice', 'Dental Practice');            
CREATE CACHED TABLE PUBLIC.CHAT_BOT(
    ID BIGINT NOT NULL
); 
ALTER TABLE PUBLIC.CHAT_BOT ADD CONSTRAINT PUBLIC.CONSTRAINT_8 PRIMARY KEY(ID);
-- 2 +/- SELECT COUNT(*) FROM PUBLIC.CHAT_BOT; 
INSERT INTO PUBLIC.CHAT_BOT(ID) VALUES
(21),
(23);             
CREATE CACHED TABLE PUBLIC.CONTACT_MODE(
    ID BIGINT NOT NULL,
    CREATION_DATE TIMESTAMP,
    LAST_UPDATE_DATE TIMESTAMP,
    VERSION BIGINT,
    TYPE VARCHAR(255) NOT NULL
);            
ALTER TABLE PUBLIC.CONTACT_MODE ADD CONSTRAINT PUBLIC.CONSTRAINT_D PRIMARY KEY(ID);            
-- 3 +/- SELECT COUNT(*) FROM PUBLIC.CONTACT_MODE;             
INSERT INTO PUBLIC.CONTACT_MODE(ID, CREATION_DATE, LAST_UPDATE_DATE, VERSION, TYPE) VALUES
(2, TIMESTAMP '2018-11-14 19:40:08.167', TIMESTAMP '2018-11-14 19:40:08.167', 1, 'STREET_ADDRESS'),
(4, TIMESTAMP '2018-11-14 19:40:29.535', TIMESTAMP '2018-11-14 19:40:29.535', 1, 'STREET_ADDRESS'),
(10, TIMESTAMP '2018-11-14 20:00:58.933', TIMESTAMP '2018-11-14 20:00:58.933', 1, 'STREET_ADDRESS');        
CREATE CACHED TABLE PUBLIC.LANGUAGE(
    ID BIGINT NOT NULL,
    CREATION_DATE TIMESTAMP,
    LAST_UPDATE_DATE TIMESTAMP,
    VERSION BIGINT,
    CODE VARCHAR(50) NOT NULL,
    DESCRIPTION VARCHAR(200) NOT NULL,
    LOCALE VARCHAR(5) NOT NULL,
    NAME VARCHAR(50) NOT NULL
);           
ALTER TABLE PUBLIC.LANGUAGE ADD CONSTRAINT PUBLIC.CONSTRAINT_CE PRIMARY KEY(ID);               
-- 4 +/- SELECT COUNT(*) FROM PUBLIC.LANGUAGE; 
INSERT INTO PUBLIC.LANGUAGE(ID, CREATION_DATE, LAST_UPDATE_DATE, VERSION, CODE, DESCRIPTION, LOCALE, NAME) VALUES
(17, TIMESTAMP '2018-11-14 20:14:32.189', TIMESTAMP '2018-11-14 20:14:32.189', 1, 'en', 'US English', 'en_us', 'English'),
(18, TIMESTAMP '2018-11-14 20:14:32.193', TIMESTAMP '2018-11-14 20:14:32.193', 1, 'mr', 'Indian Marathi', 'mr_IN', 'Marathi'),
(19, TIMESTAMP '2018-11-14 20:14:32.195', TIMESTAMP '2018-11-14 20:14:32.195', 1, 'de', 'Deutsh German', 'de_DE', 'German'),
(20, TIMESTAMP '2018-11-14 20:14:32.198', TIMESTAMP '2018-11-14 20:14:32.198', 1, 'el', 'Greek', 'el_GR', 'Greek');   
CREATE CACHED TABLE PUBLIC.ORGANIZATION(
    DBA VARCHAR(200) NOT NULL,
    ID BIGINT NOT NULL
);              
ALTER TABLE PUBLIC.ORGANIZATION ADD CONSTRAINT PUBLIC.CONSTRAINT_D0 PRIMARY KEY(ID);           
-- 0 +/- SELECT COUNT(*) FROM PUBLIC.ORGANIZATION;             
CREATE CACHED TABLE PUBLIC.PARTY(
    ID BIGINT NOT NULL,
    CREATION_DATE TIMESTAMP,
    LAST_UPDATE_DATE TIMESTAMP,
    VERSION BIGINT,
    NAME VARCHAR(200) NOT NULL,
    TYPE VARCHAR(255) NOT NULL
);   
ALTER TABLE PUBLIC.PARTY ADD CONSTRAINT PUBLIC.CONSTRAINT_4 PRIMARY KEY(ID);   
-- 3 +/- SELECT COUNT(*) FROM PUBLIC.PARTY;    
INSERT INTO PUBLIC.PARTY(ID, CREATION_DATE, LAST_UPDATE_DATE, VERSION, NAME, TYPE) VALUES
(1, TIMESTAMP '2018-11-14 19:40:08.118', TIMESTAMP '2018-11-14 19:40:08.118', 1, 'Sabrina', 'PERSON'),
(3, TIMESTAMP '2018-11-14 19:40:29.534', TIMESTAMP '2018-11-14 19:40:29.534', 1, 'Bhushan', 'PERSON'),
(9, TIMESTAMP '2018-11-14 20:00:58.898', TIMESTAMP '2018-11-14 20:00:58.898', 1, 'Bhushan', 'PERSON'); 
CREATE CACHED TABLE PUBLIC.PARTY_CONTACT_MODE(
    PARTY_ID BIGINT NOT NULL,
    CONTACT_MODE_ID BIGINT NOT NULL
);            
ALTER TABLE PUBLIC.PARTY_CONTACT_MODE ADD CONSTRAINT PUBLIC.CONSTRAINT_86 PRIMARY KEY(PARTY_ID, CONTACT_MODE_ID);              
-- 3 +/- SELECT COUNT(*) FROM PUBLIC.PARTY_CONTACT_MODE;       
INSERT INTO PUBLIC.PARTY_CONTACT_MODE(PARTY_ID, CONTACT_MODE_ID) VALUES
(1, 2),
(3, 4),
(9, 10);               
CREATE CACHED TABLE PUBLIC.PERSON(
    FIRST_NAME VARCHAR(200) NOT NULL,
    LAST_NAME VARCHAR(200) NOT NULL,
    ID BIGINT NOT NULL
);        
ALTER TABLE PUBLIC.PERSON ADD CONSTRAINT PUBLIC.CONSTRAINT_8C PRIMARY KEY(ID); 
-- 3 +/- SELECT COUNT(*) FROM PUBLIC.PERSON;   
INSERT INTO PUBLIC.PERSON(FIRST_NAME, LAST_NAME, ID) VALUES
('Sabrina', 'Spellman', 1),
('Bhushan', 'Kane', 3),
('Bhushan', 'Kane', 9);        
CREATE CACHED TABLE PUBLIC.ROLE(
    ID BIGINT NOT NULL,
    CREATION_DATE TIMESTAMP,
    LAST_UPDATE_DATE TIMESTAMP,
    VERSION BIGINT,
    CODE VARCHAR(50) NOT NULL,
    DESCRIPTION VARCHAR(1000),
    ENTITLEMENTS VARCHAR(200) NOT NULL,
    ROLE VARCHAR(50) NOT NULL
);               
ALTER TABLE PUBLIC.ROLE ADD CONSTRAINT PUBLIC.CONSTRAINT_2 PRIMARY KEY(ID);    
-- 2 +/- SELECT COUNT(*) FROM PUBLIC.ROLE;     
INSERT INTO PUBLIC.ROLE(ID, CREATION_DATE, LAST_UPDATE_DATE, VERSION, CODE, DESCRIPTION, ENTITLEMENTS, ROLE) VALUES
(5, TIMESTAMP '2018-11-14 19:40:52.265', TIMESTAMP '2018-11-14 19:40:52.265', 1, 'USER', 'This person is basic user!', 'READ,WRITE,UPDATE', 'A Simple User'),
(7, TIMESTAMP '2018-11-14 19:50:50.402', TIMESTAMP '2018-11-14 19:50:50.402', 1, 'ADMIN', 'This person is an admin', 'READ,WRITE,UPDATE,DELETE,ADMIN', 'Adminstrator');      
CREATE CACHED TABLE PUBLIC.VOICE_BOT(
    ID BIGINT NOT NULL
);
ALTER TABLE PUBLIC.VOICE_BOT ADD CONSTRAINT PUBLIC.CONSTRAINT_6 PRIMARY KEY(ID);               
-- 1 +/- SELECT COUNT(*) FROM PUBLIC.VOICE_BOT;
INSERT INTO PUBLIC.VOICE_BOT(ID) VALUES
(92);  
CREATE CACHED TABLE PUBLIC.BOT_CONFIGURATION(
    BOT_ID BIGINT NOT NULL,
    CONFIG_ID BIGINT NOT NULL
);     
ALTER TABLE PUBLIC.BOT_CONFIGURATION ADD CONSTRAINT PUBLIC.CONSTRAINT_E2 PRIMARY KEY(BOT_ID, CONFIG_ID);       
-- 0 +/- SELECT COUNT(*) FROM PUBLIC.BOT_CONFIGURATION;        
CREATE CACHED TABLE PUBLIC.PREDEFINED_INTENT_UTTERANCE(
    ID BIGINT NOT NULL,
    CREATION_DATE TIMESTAMP,
    LAST_UPDATE_DATE TIMESTAMP,
    VERSION BIGINT,
    INTENT VARCHAR(150) NOT NULL,
    UTTERANCE VARCHAR(300) NOT NULL,
    CATEGORY_ID BIGINT NOT NULL
);     
ALTER TABLE PUBLIC.PREDEFINED_INTENT_UTTERANCE ADD CONSTRAINT PUBLIC.CONSTRAINT_B PRIMARY KEY(ID);             
-- 187 +/- SELECT COUNT(*) FROM PUBLIC.PREDEFINED_INTENT_UTTERANCE;            
INSERT INTO PUBLIC.PREDEFINED_INTENT_UTTERANCE(ID, CREATION_DATE, LAST_UPDATE_DATE, VERSION, INTENT, UTTERANCE, CATEGORY_ID) VALUES
(24, TIMESTAMP '2018-11-16 16:08:56.762', TIMESTAMP '2018-11-16 16:08:56.762', 1, 'SearchCreditCardsDeals', 'search all credit card deals', 15),
(25, TIMESTAMP '2018-11-16 16:08:56.929', TIMESTAMP '2018-11-18 18:31:46.708', 1, 'SearchCreditCardsDeals', 'new credit card deals', 15),
(26, TIMESTAMP '2018-11-16 16:08:56.948', TIMESTAMP '2018-11-16 16:08:56.948', 1, 'SearchCreditCardsDeals', 'hot credit card deals', 15),
(28, TIMESTAMP '2018-11-16 16:15:38.372', TIMESTAMP '2018-11-18 18:31:38.982', 1, 'SearchCreditCardsDeals', 'credit card deals', 15),
(33, TIMESTAMP '2018-11-16 19:20:28.877', TIMESTAMP '2018-11-16 19:20:28.877', 1, 'SearchCreditCardsDeals', 'tell me about new credit card deals', 15),
(66, TIMESTAMP '2018-11-17 22:41:13.347', TIMESTAMP '2018-11-17 22:41:13.347', 1, 'SearchCreditCardsDeals', 'what are the new credit card deals', 15),
(67, TIMESTAMP '2018-11-17 22:41:13.384', TIMESTAMP '2018-11-17 22:41:13.384', 1, 'SearchCreditCardsDeals', 'are there any new credit card deals', 15),
(655, TIMESTAMP '2018-12-01 17:48:03.686', TIMESTAMP '2018-12-01 17:48:03.686', 1, 'SearchEvents', 'search for events', 15),
(656, TIMESTAMP '2018-12-01 17:48:03.688', TIMESTAMP '2018-12-01 17:48:03.688', 1, 'SearchEvents', 'search events', 15),
(657, TIMESTAMP '2018-12-01 17:48:03.688', TIMESTAMP '2018-12-01 17:48:03.688', 1, 'SearchEvents', 'search event', 15),
(658, TIMESTAMP '2018-12-01 17:48:03.688', TIMESTAMP '2018-12-01 17:48:03.688', 1, 'SearchEvents', 'find event', 15),
(659, TIMESTAMP '2018-12-01 17:48:03.689', TIMESTAMP '2018-12-01 17:48:03.689', 1, 'SearchEvents', 'find events', 15),
(660, TIMESTAMP '2018-12-01 17:48:03.689', TIMESTAMP '2018-12-01 17:48:03.689', 1, 'SearchEvents', 'hello search for events', 15),
(661, TIMESTAMP '2018-12-01 17:48:03.689', TIMESTAMP '2018-12-01 17:48:03.689', 1, 'SearchEvents', 'look for events', 15),
(662, TIMESTAMP '2018-12-01 17:48:03.689', TIMESTAMP '2018-12-01 17:48:03.689', 1, 'SearchEvents', 'lookup events', 15),
(663, TIMESTAMP '2018-12-01 17:48:03.689', TIMESTAMP '2018-12-01 17:48:03.689', 1, 'SearchEvents', 'lookup event', 15),
(664, TIMESTAMP '2018-12-01 17:48:03.69', TIMESTAMP '2018-12-01 17:48:03.69', 1, 'SearchEvents', 'hello look for events', 15),
(665, TIMESTAMP '2018-12-01 17:48:03.69', TIMESTAMP '2018-12-01 17:48:03.69', 1, 'SearchEvents', 'events', 15),
(666, TIMESTAMP '2018-12-01 17:48:03.69', TIMESTAMP '2018-12-01 17:48:03.69', 1, 'SearchEvents', 'event', 15),
(667, TIMESTAMP '2018-12-01 17:48:03.69', TIMESTAMP '2018-12-01 17:48:03.69', 1, 'SearchEvents', 'I want to search for events', 15),
(668, TIMESTAMP '2018-12-01 17:48:03.691', TIMESTAMP '2018-12-01 17:48:03.691', 1, 'SearchEvents', 'hello I want to search for events', 15),
(669, TIMESTAMP '2018-12-01 17:48:03.691', TIMESTAMP '2018-12-01 17:48:03.691', 1, 'SearchEvents', 'I want to search for event', 15),
(670, TIMESTAMP '2018-12-01 17:48:03.691', TIMESTAMP '2018-12-01 17:48:03.691', 1, 'SearchEvents', 'hello I want to search for event', 15),
(671, TIMESTAMP '2018-12-01 17:48:03.691', TIMESTAMP '2018-12-01 17:48:03.691', 1, 'SearchEvents', 'can you search for events', 15),
(672, TIMESTAMP '2018-12-01 17:48:03.691', TIMESTAMP '2018-12-01 17:48:03.691', 1, 'SearchEvents', 'hello can you search for events', 15),
(673, TIMESTAMP '2018-12-01 17:48:03.692', TIMESTAMP '2018-12-01 17:48:03.692', 1, 'SearchEvents', 'can you search for event', 15),
(674, TIMESTAMP '2018-12-01 17:48:03.692', TIMESTAMP '2018-12-01 17:48:03.692', 1, 'SearchEvents', 'hello can you search for event', 15),
(675, TIMESTAMP '2018-12-01 17:48:03.692', TIMESTAMP '2018-12-01 17:48:03.692', 1, 'SearchEvents', 'please help me search for events', 15),
(676, TIMESTAMP '2018-12-01 17:48:03.692', TIMESTAMP '2018-12-01 17:48:03.692', 1, 'SearchEvents', 'hello please help me search for events', 15),
(677, TIMESTAMP '2018-12-01 17:48:03.692', TIMESTAMP '2018-12-01 17:48:03.692', 1, 'SearchEvents', 'please help me search for event', 15);       
INSERT INTO PUBLIC.PREDEFINED_INTENT_UTTERANCE(ID, CREATION_DATE, LAST_UPDATE_DATE, VERSION, INTENT, UTTERANCE, CATEGORY_ID) VALUES
(678, TIMESTAMP '2018-12-01 17:48:03.693', TIMESTAMP '2018-12-01 17:48:03.693', 1, 'SearchEvents', 'hello please help me search for event', 15),
(679, TIMESTAMP '2018-12-01 17:48:03.693', TIMESTAMP '2018-12-01 17:48:03.693', 1, 'SearchEvents', 'help me search for event', 15),
(680, TIMESTAMP '2018-12-01 17:48:03.693', TIMESTAMP '2018-12-01 17:48:03.693', 1, 'SearchEvents', 'hello help me search for event', 15),
(681, TIMESTAMP '2018-12-01 17:48:03.694', TIMESTAMP '2018-12-01 22:18:44.479', 1, 'SearchEvents', 'are there any events for me!', 15),
(682, TIMESTAMP '2018-12-01 17:48:03.694', TIMESTAMP '2018-12-01 17:48:03.694', 1, 'SearchEvents', 'hello are there any events', 15),
(683, TIMESTAMP '2018-12-01 17:48:03.694', TIMESTAMP '2018-12-01 17:48:03.694', 1, 'SearchEvents', 'is there an event', 15),
(684, TIMESTAMP '2018-12-01 17:48:03.694', TIMESTAMP '2018-12-01 17:48:03.694', 1, 'SearchEvents', 'hello is there an event', 15),
(685, TIMESTAMP '2018-12-01 17:48:03.694', TIMESTAMP '2018-12-01 17:48:03.694', 1, 'SearchEvents', 'where are my events', 15),
(686, TIMESTAMP '2018-12-01 17:48:03.694', TIMESTAMP '2018-12-01 17:48:03.694', 1, 'SearchEvents', 'show me events', 15),
(687, TIMESTAMP '2018-12-01 17:48:03.694', TIMESTAMP '2018-12-01 17:48:03.694', 1, 'SearchEvents', 'show me my events', 15),
(688, TIMESTAMP '2018-12-01 17:48:03.695', TIMESTAMP '2018-12-01 17:48:03.695', 1, 'SearchEventsNear', 'search for events near', 15),
(689, TIMESTAMP '2018-12-01 17:48:03.695', TIMESTAMP '2018-12-01 17:48:03.695', 1, 'SearchEventsNear', 'hello search for events near', 15),
(690, TIMESTAMP '2018-12-01 17:48:03.695', TIMESTAMP '2018-12-01 17:48:03.695', 1, 'SearchEventsNear', 'search for event near', 15),
(691, TIMESTAMP '2018-12-01 17:48:03.695', TIMESTAMP '2018-12-01 17:48:03.695', 1, 'SearchEventsNear', 'hello search for event near', 15),
(692, TIMESTAMP '2018-12-01 17:48:03.696', TIMESTAMP '2018-12-01 17:48:03.696', 1, 'SearchEventsNear', 'I want to search events near', 15),
(693, TIMESTAMP '2018-12-01 17:48:03.696', TIMESTAMP '2018-12-01 17:48:03.696', 1, 'SearchEventsNear', 'hello I want to search events near', 15),
(694, TIMESTAMP '2018-12-01 17:48:03.696', TIMESTAMP '2018-12-01 17:48:03.696', 1, 'SearchEventsNear', 'I want to search event near', 15),
(695, TIMESTAMP '2018-12-01 17:48:03.696', TIMESTAMP '2018-12-01 17:48:03.696', 1, 'SearchEventsNear', 'hello I want to search event near', 15),
(696, TIMESTAMP '2018-12-01 17:48:03.696', TIMESTAMP '2018-12-01 17:48:03.696', 1, 'SearchEventsNear', 'search events near', 15),
(697, TIMESTAMP '2018-12-01 17:48:03.697', TIMESTAMP '2018-12-01 17:48:03.697', 1, 'SearchEventsNear', 'hello search events near', 15),
(698, TIMESTAMP '2018-12-01 17:48:03.697', TIMESTAMP '2018-12-01 17:48:03.697', 1, 'SearchEventsNear', 'search event near', 15),
(699, TIMESTAMP '2018-12-01 17:48:03.697', TIMESTAMP '2018-12-01 17:48:03.697', 1, 'SearchEventsNear', 'hello search event near', 15),
(700, TIMESTAMP '2018-12-01 17:48:03.697', TIMESTAMP '2018-12-01 17:48:03.697', 1, 'SearchEventsNear', 'search event close to', 15),
(701, TIMESTAMP '2018-12-01 17:48:03.697', TIMESTAMP '2018-12-01 17:48:03.697', 1, 'SearchEventsNear', 'hello search event close to', 15),
(702, TIMESTAMP '2018-12-01 17:48:03.697', TIMESTAMP '2018-12-01 17:48:03.697', 1, 'SearchEventsNear', 'search events close to', 15),
(703, TIMESTAMP '2018-12-01 17:48:03.698', TIMESTAMP '2018-12-01 17:48:03.698', 1, 'SearchEventsNear', 'hello search events close to', 15),
(704, TIMESTAMP '2018-12-01 17:48:03.699', TIMESTAMP '2018-12-01 17:48:03.7', 1, 'SearchEventsNear', 'can you search event near', 15),
(705, TIMESTAMP '2018-12-01 17:48:03.7', TIMESTAMP '2018-12-01 17:48:03.7', 1, 'SearchEventsNear', 'hello can you search event near', 15),
(706, TIMESTAMP '2018-12-01 17:48:03.7', TIMESTAMP '2018-12-01 17:48:03.7', 1, 'SearchEventsNear', 'can you search events near', 15),
(707, TIMESTAMP '2018-12-01 17:48:03.7', TIMESTAMP '2018-12-01 17:48:03.7', 1, 'SearchEventsNear', 'hello can you search events near', 15);     
INSERT INTO PUBLIC.PREDEFINED_INTENT_UTTERANCE(ID, CREATION_DATE, LAST_UPDATE_DATE, VERSION, INTENT, UTTERANCE, CATEGORY_ID) VALUES
(708, TIMESTAMP '2018-12-01 17:48:03.701', TIMESTAMP '2018-12-01 17:48:03.701', 1, 'SearchEventsNear', 'get search events near', 15),
(709, TIMESTAMP '2018-12-01 17:48:03.701', TIMESTAMP '2018-12-01 17:48:03.701', 1, 'SearchEventsNear', 'hello get search events near', 15),
(710, TIMESTAMP '2018-12-01 17:48:03.701', TIMESTAMP '2018-12-01 17:48:03.701', 1, 'SearchEventsNear', 'look for events near', 15),
(711, TIMESTAMP '2018-12-01 17:48:03.701', TIMESTAMP '2018-12-01 17:48:03.701', 1, 'SearchEventsNear', 'hello look for events near', 15),
(712, TIMESTAMP '2018-12-01 17:48:03.701', TIMESTAMP '2018-12-01 17:48:03.701', 1, 'SearchEventsNear', 'look for event near', 15),
(713, TIMESTAMP '2018-12-01 17:48:03.702', TIMESTAMP '2018-12-01 17:48:03.702', 1, 'SearchEventsNear', 'hello look for event near', 15),
(714, TIMESTAMP '2018-12-01 17:48:03.702', TIMESTAMP '2018-12-01 17:48:03.702', 1, 'SearchEventsNear', 'are there events near', 15),
(715, TIMESTAMP '2018-12-01 17:48:03.702', TIMESTAMP '2018-12-01 17:48:03.702', 1, 'SearchEventsNear', 'is there event near', 15),
(716, TIMESTAMP '2018-12-01 17:48:03.702', TIMESTAMP '2018-12-01 17:48:03.702', 1, 'SearchEventsNear', 'what are events near', 15),
(717, TIMESTAMP '2018-12-01 17:48:03.702', TIMESTAMP '2018-12-01 17:48:03.702', 1, 'SearchEventsNear', 'hello what are events near', 15),
(718, TIMESTAMP '2018-12-01 17:48:03.703', TIMESTAMP '2018-12-01 17:48:03.703', 1, 'SearchEventsNear', 'what is event near', 15),
(719, TIMESTAMP '2018-12-01 17:48:03.703', TIMESTAMP '2018-12-01 17:48:03.703', 1, 'SearchEventsNear', 'hello what is event near', 15),
(720, TIMESTAMP '2018-12-01 17:48:03.704', TIMESTAMP '2018-12-01 17:48:03.704', 1, 'SearchEventsNear', 'hello what events are near', 15),
(721, TIMESTAMP '2018-12-01 17:48:03.705', TIMESTAMP '2018-12-01 17:48:03.705', 1, 'SearchEventsNear', 'what events are near', 15),
(722, TIMESTAMP '2018-12-01 17:48:03.705', TIMESTAMP '2018-12-01 17:48:03.705', 1, 'SearchEventsNear', 'search for events in', 15),
(723, TIMESTAMP '2018-12-01 17:48:03.705', TIMESTAMP '2018-12-01 17:48:03.705', 1, 'SearchEventsNear', 'hello search for events in', 15),
(724, TIMESTAMP '2018-12-01 17:48:03.705', TIMESTAMP '2018-12-01 17:48:03.705', 1, 'SearchEventsNear', 'search for event in', 15),
(725, TIMESTAMP '2018-12-01 17:48:03.705', TIMESTAMP '2018-12-01 17:48:03.705', 1, 'SearchEventsNear', 'hello search for event in', 15),
(726, TIMESTAMP '2018-12-01 17:48:03.705', TIMESTAMP '2018-12-01 17:48:03.705', 1, 'SearchEventsNear', 'I want to search events in', 15),
(727, TIMESTAMP '2018-12-01 17:48:03.706', TIMESTAMP '2018-12-01 17:48:03.706', 1, 'SearchEventsNear', 'hello I want to search events in', 15),
(728, TIMESTAMP '2018-12-01 17:48:03.706', TIMESTAMP '2018-12-01 17:48:03.706', 1, 'SearchEventsNear', 'I want to search event in', 15),
(729, TIMESTAMP '2018-12-01 17:48:03.706', TIMESTAMP '2018-12-01 17:48:03.706', 1, 'SearchEventsNear', 'hello I want to search event in', 15),
(730, TIMESTAMP '2018-12-01 17:48:03.706', TIMESTAMP '2018-12-01 17:48:03.706', 1, 'SearchEventsNear', 'search events in', 15),
(731, TIMESTAMP '2018-12-01 17:48:03.706', TIMESTAMP '2018-12-01 17:48:03.706', 1, 'SearchEventsNear', 'hello search events in', 15),
(732, TIMESTAMP '2018-12-01 17:48:03.706', TIMESTAMP '2018-12-01 17:48:03.706', 1, 'SearchEventsNear', 'search event in', 15),
(733, TIMESTAMP '2018-12-01 17:48:03.706', TIMESTAMP '2018-12-01 17:48:03.706', 1, 'SearchEventsNear', 'is there event in', 15),
(734, TIMESTAMP '2018-12-01 17:48:03.706', TIMESTAMP '2018-12-01 17:48:03.706', 1, 'SearchEventsNear', 'are there events in', 15),
(735, TIMESTAMP '2018-12-01 17:48:03.706', TIMESTAMP '2018-12-01 17:48:03.706', 1, 'SearchEventsNear', 'hello search event in', 15),
(736, TIMESTAMP '2018-12-01 17:48:03.706', TIMESTAMP '2018-12-01 17:48:03.706', 1, 'SearchEventsNear', 'can you search event in', 15),
(737, TIMESTAMP '2018-12-01 17:48:03.707', TIMESTAMP '2018-12-01 17:48:03.707', 1, 'SearchEventsNear', 'hello can you search event in', 15);    
INSERT INTO PUBLIC.PREDEFINED_INTENT_UTTERANCE(ID, CREATION_DATE, LAST_UPDATE_DATE, VERSION, INTENT, UTTERANCE, CATEGORY_ID) VALUES
(738, TIMESTAMP '2018-12-01 17:48:03.707', TIMESTAMP '2018-12-01 17:48:03.707', 1, 'SearchEventsNear', 'can you search events in', 15),
(739, TIMESTAMP '2018-12-01 17:48:03.707', TIMESTAMP '2018-12-01 17:48:03.707', 1, 'SearchEventsNear', 'hello can you search events in', 15),
(740, TIMESTAMP '2018-12-01 17:48:03.707', TIMESTAMP '2018-12-01 17:48:03.707', 1, 'SearchEventsNear', 'get search events in', 15),
(741, TIMESTAMP '2018-12-01 17:48:03.707', TIMESTAMP '2018-12-01 17:48:03.707', 1, 'SearchEventsNear', 'hello get search events in', 15),
(742, TIMESTAMP '2018-12-01 17:48:03.708', TIMESTAMP '2018-12-01 17:48:03.708', 1, 'SearchEventsNear', 'look for events in', 15),
(743, TIMESTAMP '2018-12-01 17:48:03.708', TIMESTAMP '2018-12-01 17:48:03.708', 1, 'SearchEventsNear', 'hello look for events in', 15),
(744, TIMESTAMP '2018-12-01 17:48:03.708', TIMESTAMP '2018-12-01 17:48:03.708', 1, 'SearchEventsNear', 'look for event in', 15),
(745, TIMESTAMP '2018-12-01 17:48:03.708', TIMESTAMP '2018-12-01 17:48:03.708', 1, 'SearchEventsNear', 'hello look for event in', 15),
(746, TIMESTAMP '2018-12-01 17:48:03.709', TIMESTAMP '2018-12-01 17:48:03.709', 1, 'SearchEventsNear', 'what are events in', 15),
(747, TIMESTAMP '2018-12-01 17:48:03.709', TIMESTAMP '2018-12-01 17:48:03.709', 1, 'SearchEventsNear', 'hello what are events in', 15),
(748, TIMESTAMP '2018-12-01 17:48:03.709', TIMESTAMP '2018-12-01 17:48:03.709', 1, 'SearchEventsNear', 'what is event in', 15),
(749, TIMESTAMP '2018-12-01 17:48:03.71', TIMESTAMP '2018-12-01 17:48:03.71', 1, 'SearchEventsNear', 'hello what is event in', 15),
(750, TIMESTAMP '2018-12-01 17:48:03.71', TIMESTAMP '2018-12-01 17:48:03.71', 1, 'SearchEventsNear', 'hello what events are in', 15),
(751, TIMESTAMP '2018-12-01 17:48:03.711', TIMESTAMP '2018-12-01 17:48:03.711', 1, 'SearchEventsNear', 'what events are in', 15),
(752, TIMESTAMP '2018-12-01 17:48:03.711', TIMESTAMP '2018-12-01 17:48:03.711', 1, 'DeleteEventYesNo', 'delete event', 15),
(753, TIMESTAMP '2018-12-01 17:48:03.711', TIMESTAMP '2018-12-01 17:48:03.711', 1, 'DeleteEventYesNo', 'delete events', 15),
(754, TIMESTAMP '2018-12-01 17:48:03.711', TIMESTAMP '2018-12-01 17:48:03.711', 1, 'EventDeleted', 'event delete complete', 15),
(755, TIMESTAMP '2018-12-01 17:48:03.712', TIMESTAMP '2018-12-01 17:48:03.712', 1, 'PerformEventDelete', 'perform event delete', 15),
(756, TIMESTAMP '2018-12-01 17:48:03.712', TIMESTAMP '2018-12-01 17:48:03.712', 1, 'CancelEventDelete', 'cancel delete event', 15),
(757, TIMESTAMP '2018-12-01 17:48:03.712', TIMESTAMP '2018-12-01 17:48:03.712', 1, 'SearchRoles', 'search roles', 15),
(758, TIMESTAMP '2018-12-01 17:48:03.712', TIMESTAMP '2018-12-01 17:48:03.712', 1, 'SearchRoles', 'search role', 15),
(759, TIMESTAMP '2018-12-01 17:48:03.712', TIMESTAMP '2018-12-01 17:48:03.712', 1, 'SearchRoles', 'look roles', 15),
(760, TIMESTAMP '2018-12-01 17:48:03.712', TIMESTAMP '2018-12-01 17:48:03.712', 1, 'SearchRoles', 'find roles', 15),
(761, TIMESTAMP '2018-12-01 17:48:03.713', TIMESTAMP '2018-12-01 17:48:03.713', 1, 'SearchRoles', 'search for roles', 15),
(762, TIMESTAMP '2018-12-01 17:48:03.713', TIMESTAMP '2018-12-01 17:48:03.713', 1, 'SearchRoles', 'hello search for roles', 15),
(763, TIMESTAMP '2018-12-01 17:48:03.713', TIMESTAMP '2018-12-01 17:48:03.713', 1, 'SearchRoles', 'hello search for role', 15),
(764, TIMESTAMP '2018-12-01 17:48:03.713', TIMESTAMP '2018-12-01 17:48:03.713', 1, 'SearchRoles', 'look for roles', 15),
(765, TIMESTAMP '2018-12-01 17:48:03.713', TIMESTAMP '2018-12-01 17:48:03.713', 1, 'SearchRoles', 'hello look for roles', 15),
(766, TIMESTAMP '2018-12-01 17:48:03.715', TIMESTAMP '2018-12-01 17:48:03.715', 1, 'SearchRoles', 'hello look for role', 15),
(767, TIMESTAMP '2018-12-01 17:48:03.716', TIMESTAMP '2018-12-01 17:48:03.716', 1, 'SearchRoles', 'I want to search for roles', 15),
(768, TIMESTAMP '2018-12-01 17:48:03.716', TIMESTAMP '2018-12-01 17:48:03.716', 1, 'SearchRoles', 'hello I want to search for roles', 15);   
INSERT INTO PUBLIC.PREDEFINED_INTENT_UTTERANCE(ID, CREATION_DATE, LAST_UPDATE_DATE, VERSION, INTENT, UTTERANCE, CATEGORY_ID) VALUES
(769, TIMESTAMP '2018-12-01 17:48:03.716', TIMESTAMP '2018-12-01 17:48:03.716', 1, 'SearchRoles', 'I want to search for role', 15),
(770, TIMESTAMP '2018-12-01 17:48:03.716', TIMESTAMP '2018-12-01 17:48:03.716', 1, 'SearchRoles', 'hello I want to search for role', 15),
(771, TIMESTAMP '2018-12-01 17:48:03.717', TIMESTAMP '2018-12-01 17:48:03.717', 1, 'SearchRoles', 'can you search for roles', 15),
(772, TIMESTAMP '2018-12-01 17:48:03.717', TIMESTAMP '2018-12-01 17:48:03.717', 1, 'SearchRoles', 'hello can you search for roles', 15),
(773, TIMESTAMP '2018-12-01 17:48:03.717', TIMESTAMP '2018-12-01 17:48:03.717', 1, 'SearchRoles', 'can you search for role', 15),
(774, TIMESTAMP '2018-12-01 17:48:03.717', TIMESTAMP '2018-12-01 17:48:03.717', 1, 'SearchRoles', 'hello can you search for role', 15),
(775, TIMESTAMP '2018-12-01 17:48:03.717', TIMESTAMP '2018-12-01 17:48:03.717', 1, 'SearchRoles', 'please help me search for roles', 15),
(776, TIMESTAMP '2018-12-01 17:48:03.717', TIMESTAMP '2018-12-01 17:48:03.717', 1, 'SearchRoles', 'hello please help me search for roles', 15),
(777, TIMESTAMP '2018-12-01 17:48:03.717', TIMESTAMP '2018-12-01 17:48:03.717', 1, 'SearchRoles', 'please help me search for role', 15),
(778, TIMESTAMP '2018-12-01 17:48:03.718', TIMESTAMP '2018-12-01 17:48:03.718', 1, 'SearchRoles', 'hello please help me search for role', 15),
(779, TIMESTAMP '2018-12-01 17:48:03.718', TIMESTAMP '2018-12-01 17:48:03.718', 1, 'SearchRoles', 'help me search for role', 15),
(780, TIMESTAMP '2018-12-01 17:48:03.718', TIMESTAMP '2018-12-01 17:48:03.718', 1, 'SearchRoles', 'hello help me search for role', 15),
(781, TIMESTAMP '2018-12-01 17:48:03.718', TIMESTAMP '2018-12-01 17:48:03.718', 1, 'SearchRoles', 'are there any roles', 15),
(782, TIMESTAMP '2018-12-01 17:48:03.718', TIMESTAMP '2018-12-01 17:48:03.718', 1, 'SearchRoles', 'hello are there any roles', 15),
(783, TIMESTAMP '2018-12-01 17:48:03.718', TIMESTAMP '2018-12-01 17:48:03.718', 1, 'SearchRoles', 'is there any role', 15),
(784, TIMESTAMP '2018-12-01 17:48:03.719', TIMESTAMP '2018-12-01 17:48:03.719', 1, 'SearchRoles', 'hello is there any role', 15),
(785, TIMESTAMP '2018-12-01 17:48:03.719', TIMESTAMP '2018-12-01 17:48:03.719', 1, 'HaveLogInIssues', 'have log in issues', 15),
(786, TIMESTAMP '2018-12-01 17:48:03.719', TIMESTAMP '2018-12-01 17:48:03.719', 1, 'HaveLogInIssues', 'cannot log in', 15),
(787, TIMESTAMP '2018-12-01 17:48:03.719', TIMESTAMP '2018-12-01 17:48:03.719', 1, 'HaveLogInIssues', 'have problems log in', 15),
(788, TIMESTAMP '2018-12-01 17:48:03.719', TIMESTAMP '2018-12-01 17:48:03.719', 1, 'HaveLogInIssues', 'am having problems log in', 15),
(789, TIMESTAMP '2018-12-01 17:48:03.719', TIMESTAMP '2018-12-01 17:48:03.719', 1, 'HaveLogInIssues', 'am having problems login', 15),
(790, TIMESTAMP '2018-12-01 17:48:03.719', TIMESTAMP '2018-12-01 17:48:03.719', 1, 'HaveLogInIssues', 'am having problems signin', 15),
(791, TIMESTAMP '2018-12-01 17:48:03.72', TIMESTAMP '2018-12-01 17:48:03.72', 1, 'HaveLogInIssues', 'have troubles during log in', 15),
(792, TIMESTAMP '2018-12-01 17:48:03.72', TIMESTAMP '2018-12-01 17:48:03.72', 1, 'HaveLogInIssues', 'need help sign in', 15),
(793, TIMESTAMP '2018-12-01 17:48:03.72', TIMESTAMP '2018-12-01 17:48:03.72', 1, 'HaveLogInIssues', 'not able to sign in', 15),
(794, TIMESTAMP '2018-12-01 17:48:03.72', TIMESTAMP '2018-12-01 17:48:03.72', 1, 'HaveLogInIssues', 'not able to log in', 15),
(795, TIMESTAMP '2018-12-01 17:48:03.72', TIMESTAMP '2018-12-01 17:48:03.72', 1, 'HaveLogInIssues', 'not able to login', 15),
(796, TIMESTAMP '2018-12-01 17:48:03.72', TIMESTAMP '2018-12-01 17:48:03.72', 1, 'HaveLogInIssues', 'not able to signin', 15),
(797, TIMESTAMP '2018-12-01 17:48:03.72', TIMESTAMP '2018-12-01 17:48:03.72', 1, 'HaveLogInIssues', 'cannot access my account', 15),
(798, TIMESTAMP '2018-12-01 17:48:03.72', TIMESTAMP '2018-12-01 17:48:03.72', 1, 'HaveLogInIssues', 'having login problems', 15);            
INSERT INTO PUBLIC.PREDEFINED_INTENT_UTTERANCE(ID, CREATION_DATE, LAST_UPDATE_DATE, VERSION, INTENT, UTTERANCE, CATEGORY_ID) VALUES
(799, TIMESTAMP '2018-12-01 17:48:03.721', TIMESTAMP '2018-12-01 17:48:03.721', 1, 'HaveLogInIssues', 'have login issues', 15),
(800, TIMESTAMP '2018-12-01 17:48:03.721', TIMESTAMP '2018-12-01 17:48:03.721', 1, 'HaveLogInIssues', 'resolve log in problems', 15),
(801, TIMESTAMP '2018-12-01 17:48:03.721', TIMESTAMP '2018-12-01 17:48:03.721', 1, 'HaveLogInIssues', 'resolve login problems', 15),
(802, TIMESTAMP '2018-12-01 17:48:03.721', TIMESTAMP '2018-12-01 17:48:03.721', 1, 'HaveLogInIssues', 'resolve signin problems', 15),
(803, TIMESTAMP '2018-12-01 17:48:03.721', TIMESTAMP '2018-12-01 17:48:03.721', 1, 'HaveLogInIssues', 'resolve sign in problems', 15),
(804, TIMESTAMP '2018-12-01 17:48:03.721', TIMESTAMP '2018-12-01 17:48:03.721', 1, 'HaveLogInIssues', 'resolve sign in issues', 15),
(805, TIMESTAMP '2018-12-01 17:48:03.721', TIMESTAMP '2018-12-01 17:48:03.721', 1, 'HaveLogInIssues', 'resolve signin issues', 15),
(806, TIMESTAMP '2018-12-01 17:48:03.721', TIMESTAMP '2018-12-01 17:48:03.721', 1, 'HaveLogInIssues', 'resolve login issues', 15),
(807, TIMESTAMP '2018-12-01 17:48:03.721', TIMESTAMP '2018-12-01 17:48:03.721', 1, 'HaveLogInIssues', 'resolve log in issues', 15),
(808, TIMESTAMP '2018-12-01 17:48:03.721', TIMESTAMP '2018-12-01 17:48:03.721', 1, 'HaveLogInIssues', 'fix log in issues', 15),
(809, TIMESTAMP '2018-12-01 17:48:03.722', TIMESTAMP '2018-12-01 17:48:03.722', 1, 'HaveLogInIssues', 'fix log in problems', 15),
(810, TIMESTAMP '2018-12-01 17:48:03.722', TIMESTAMP '2018-12-01 17:48:03.722', 1, 'HaveLogInIssues', 'fix login problems', 15),
(811, TIMESTAMP '2018-12-01 17:48:03.722', TIMESTAMP '2018-12-01 17:48:03.722', 1, 'HaveLogInIssues', 'fix sign in problems', 15),
(812, TIMESTAMP '2018-12-01 17:48:03.722', TIMESTAMP '2018-12-01 17:48:03.722', 1, 'HaveLogInIssues', 'fix signin issues', 15),
(813, TIMESTAMP '2018-12-01 17:48:03.722', TIMESTAMP '2018-12-01 17:48:03.722', 1, 'AddRoles', 'roles created', 15),
(814, TIMESTAMP '2018-12-01 17:48:03.722', TIMESTAMP '2018-12-01 17:48:03.722', 1, 'AddRoles', 'roles create', 15),
(815, TIMESTAMP '2018-12-01 17:48:03.722', TIMESTAMP '2018-12-01 17:48:03.722', 1, 'AddRoles', 'create roles', 15),
(816, TIMESTAMP '2018-12-01 17:48:03.723', TIMESTAMP '2018-12-01 17:48:03.723', 1, 'AddRoles', 'add roles', 15),
(817, TIMESTAMP '2018-12-01 17:48:03.723', TIMESTAMP '2018-12-01 17:48:03.723', 1, 'ThankYou', 'thanks', 15),
(818, TIMESTAMP '2018-12-01 17:48:03.723', TIMESTAMP '2018-12-01 17:48:03.723', 1, 'ThankYou', 'thank you', 15),
(819, TIMESTAMP '2018-12-01 17:48:03.723', TIMESTAMP '2018-12-01 17:48:03.723', 1, 'ThankYou', 'that helps', 15),
(820, TIMESTAMP '2018-12-01 17:48:03.723', TIMESTAMP '2018-12-01 17:48:03.723', 1, 'ThankYou', 'helpful', 15),
(821, TIMESTAMP '2018-12-01 17:48:03.723', TIMESTAMP '2018-12-01 17:48:03.723', 1, 'Help', 'help', 15),
(822, TIMESTAMP '2018-12-01 17:48:03.723', TIMESTAMP '2018-12-01 17:48:03.723', 1, 'Help', 'help me', 15),
(823, TIMESTAMP '2018-12-01 17:48:03.724', TIMESTAMP '2018-12-01 17:48:03.724', 1, 'Help', 'how do you work ?', 15),
(824, TIMESTAMP '2018-12-01 17:48:03.724', TIMESTAMP '2018-12-01 17:48:03.724', 1, 'Hi', 'hello', 15),
(825, TIMESTAMP '2018-12-01 17:48:03.724', TIMESTAMP '2018-12-01 17:48:03.724', 1, 'Hi', 'hi', 15),
(826, TIMESTAMP '2018-12-01 17:48:03.724', TIMESTAMP '2018-12-01 17:48:03.724', 1, 'Hi', 'how are you?', 15),
(827, TIMESTAMP '2018-12-01 17:48:03.724', TIMESTAMP '2018-12-01 17:48:03.724', 1, 'Hi', 'how are you doing?', 15),
(828, TIMESTAMP '2018-12-01 17:48:03.724', TIMESTAMP '2018-12-01 17:48:03.724', 1, 'Hi', 'are you ok?', 15),
(829, TIMESTAMP '2018-12-01 17:48:03.724', TIMESTAMP '2018-12-01 17:48:03.724', 1, 'Hi', 'hope you are doing good?', 15),
(830, TIMESTAMP '2018-12-01 17:48:03.724', TIMESTAMP '2018-12-01 17:48:03.724', 1, 'Hi', 'Ola', 15),
(831, TIMESTAMP '2018-12-01 17:48:03.725', TIMESTAMP '2018-12-01 17:48:03.725', 1, 'Hi', 'howdy?', 15),
(832, TIMESTAMP '2018-12-01 17:48:03.725', TIMESTAMP '2018-12-01 17:48:03.725', 1, 'HowCanIHelp', 'good and you', 15);
INSERT INTO PUBLIC.PREDEFINED_INTENT_UTTERANCE(ID, CREATION_DATE, LAST_UPDATE_DATE, VERSION, INTENT, UTTERANCE, CATEGORY_ID) VALUES
(833, TIMESTAMP '2018-12-01 17:48:03.725', TIMESTAMP '2018-12-01 17:48:03.725', 1, 'HowCanIHelp', 'great and you', 15),
(834, TIMESTAMP '2018-12-01 17:48:03.725', TIMESTAMP '2018-12-01 17:48:03.725', 1, 'HowCanIHelp', 'good', 15);     
CREATE CACHED TABLE PUBLIC.STATUS(
    ID BIGINT NOT NULL,
    CREATION_DATE TIMESTAMP,
    LAST_UPDATE_DATE TIMESTAMP,
    VERSION BIGINT,
    CODE VARCHAR(50) NOT NULL,
    DESCRIPTION VARCHAR(1000),
    NAME VARCHAR(50) NOT NULL
);     
ALTER TABLE PUBLIC.STATUS ADD CONSTRAINT PUBLIC.CONSTRAINT_9 PRIMARY KEY(ID);  
-- 6 +/- SELECT COUNT(*) FROM PUBLIC.STATUS;   
INSERT INTO PUBLIC.STATUS(ID, CREATION_DATE, LAST_UPDATE_DATE, VERSION, CODE, DESCRIPTION, NAME) VALUES
(68, TIMESTAMP '2018-11-20 21:12:37.581', TIMESTAMP '2018-11-20 21:12:37.581', 1, 'DRAFT', 'Draft', 'Draft'),
(69, TIMESTAMP '2018-11-20 21:12:37.628', TIMESTAMP '2018-11-20 21:12:37.628', 1, 'LAUNCHED', 'Launched', 'Launched'),
(70, TIMESTAMP '2018-11-20 21:12:37.629', TIMESTAMP '2018-11-20 21:12:37.629', 1, 'DEV', 'In Dev', 'In Development'),
(71, TIMESTAMP '2018-11-20 21:12:37.629', TIMESTAMP '2018-11-20 21:12:37.629', 1, 'UAT', 'User Acceptance Testing', 'User Acceptance Testing'),
(76, TIMESTAMP '2018-11-22 16:40:02.76', TIMESTAMP '2018-11-22 16:40:02.761', 1, 'TEMPLATE', 'Template Chatbot from which new chatbots can be made', 'Template'),
(101, TIMESTAMP '2018-11-24 19:13:25.49', TIMESTAMP '2018-11-24 19:13:25.49', 1, 'STOPPED', 'The Bot has been stopped', 'Stopped');       
CREATE CACHED TABLE PUBLIC.CONFIGURATION(
    ID BIGINT NOT NULL,
    CREATION_DATE TIMESTAMP,
    LAST_UPDATE_DATE TIMESTAMP,
    VERSION BIGINT,
    ENVIRONMENT VARCHAR(50),
    PORT INTEGER,
    URL VARCHAR(300)
);      
ALTER TABLE PUBLIC.CONFIGURATION ADD CONSTRAINT PUBLIC.CONSTRAINT_2C PRIMARY KEY(ID);          
-- 2 +/- SELECT COUNT(*) FROM PUBLIC.CONFIGURATION;            
INSERT INTO PUBLIC.CONFIGURATION(ID, CREATION_DATE, LAST_UPDATE_DATE, VERSION, ENVIRONMENT, PORT, URL) VALUES
(100, TIMESTAMP '2018-11-24 18:41:50.698', TIMESTAMP '2018-11-24 18:41:50.698', 1, 'LAUNCHED', 44269, 'http://localhost:44269/this/is/test'),
(102, TIMESTAMP '2018-11-24 19:17:16.151', TIMESTAMP '2018-11-24 19:17:16.151', 1, 'LAUNCHED', 39134, 'http://localhost:39134/this/is/test');      
CREATE CACHED TABLE PUBLIC.BOT(
    ID BIGINT NOT NULL,
    CREATION_DATE TIMESTAMP,
    LAST_UPDATE_DATE TIMESTAMP,
    VERSION BIGINT,
    DESCRIPTION VARCHAR(3000),
    DISPLAY_NAME VARCHAR(100) NOT NULL,
    NAME VARCHAR(100) NOT NULL,
    TYPE VARCHAR(255) NOT NULL,
    CATEGORY_ID BIGINT NOT NULL,
    OWNER_ACCOUNT_ID BIGINT NOT NULL,
    STATUS_ID BIGINT NOT NULL
);        
ALTER TABLE PUBLIC.BOT ADD CONSTRAINT PUBLIC.CONSTRAINT_1 PRIMARY KEY(ID);     
-- 3 +/- SELECT COUNT(*) FROM PUBLIC.BOT;      
INSERT INTO PUBLIC.BOT(ID, CREATION_DATE, LAST_UPDATE_DATE, VERSION, DESCRIPTION, DISPLAY_NAME, NAME, TYPE, CATEGORY_ID, OWNER_ACCOUNT_ID, STATUS_ID) VALUES
(23, TIMESTAMP '2018-11-14 20:35:59.408', TIMESTAMP '2018-11-24 18:40:04.248', 11, 'Sales Bot', 'SalesBot', 'Sales Bot', 'CHAT_BOT', 14, 8, 68),
(92, TIMESTAMP '2018-11-24 17:02:05.441', TIMESTAMP '2018-11-25 08:39:12.479', 5, 'This is a dental voice bot!', 'Credit Card Voice Bot2', 'Credit Card Voice Bot2', 'VOICE_BOT', 15, 8, 101),
(21, TIMESTAMP '2018-11-14 20:18:12.55', TIMESTAMP '2018-11-29 20:05:30.652', 23, 'Dental Practice Bot', 'DentBot', 'Dental Practice Bot', 'CHAT_BOT', 16, 8, 101);               
CREATE CACHED TABLE PUBLIC.CUSTOM_INTENT_UTTERANCE(
    ID BIGINT NOT NULL,
    CREATION_DATE TIMESTAMP,
    LAST_UPDATE_DATE TIMESTAMP,
    VERSION BIGINT,
    INTENT VARCHAR(150) NOT NULL,
    UTTERANCE VARCHAR(300) NOT NULL,
    OWNER_ACCOUNT_ID BIGINT NOT NULL
);    
ALTER TABLE PUBLIC.CUSTOM_INTENT_UTTERANCE ADD CONSTRAINT PUBLIC.CONSTRAINT_CD PRIMARY KEY(ID);
-- 0 +/- SELECT COUNT(*) FROM PUBLIC.CUSTOM_INTENT_UTTERANCE;  
CREATE CACHED TABLE PUBLIC.TRAINED_MODEL(
    ID BIGINT NOT NULL,
    CREATION_DATE TIMESTAMP,
    LAST_UPDATE_DATE TIMESTAMP,
    VERSION BIGINT,
    DESCRIPTION VARCHAR(1000),
    FILE BLOB,
    NAME VARCHAR(300),
    OWNER_ACCOUNT_ID BIGINT NOT NULL,
    FILE_TYPE VARCHAR(100)
);    
ALTER TABLE PUBLIC.TRAINED_MODEL ADD CONSTRAINT PUBLIC.CONSTRAINT_11 PRIMARY KEY(ID);          
-- 1 +/- SELECT COUNT(*) FROM PUBLIC.TRAINED_MODEL;            
INSERT INTO PUBLIC.TRAINED_MODEL(ID, CREATION_DATE, LAST_UPDATE_DATE, VERSION, DESCRIPTION, FILE, NAME, OWNER_ACCOUNT_ID, FILE_TYPE) VALUES
(851, TIMESTAMP '2018-12-05 21:10:40.229', TIMESTAMP '2018-12-05 21:10:40.229', 1, 'Test Description', X'504b030414000808080054a9854d000000000000000000000000130000006d616e69666573742e70726f706572746965736d904d8bc2301086eff91505afdb92c6a4b6422eabd58b1f0b5bd6f3d84e6bc024254917dc5fbf41f7b088a797818777669e19999db04bd6d82654242c5fe674c969527f3609a379491a07ca2833a4f5379a70017f910bbec0f39c9ebb8a238552b0b64751145525a0137340b207a37af421fd42e7953532cf28d98119261850a2219d6d5b08598f1026875b34e82058e7a51dd198eb98056baf3efbc30e5b077af3c4bebd44df6138f627eb3affcc931eda18b7d72bd6f7d83c10728cc861f7f1effc32e3a4513afe047a94b9e09c168c71caa2a195d5a335514e7a008d32564d3a4e2b083858a77ed0edeb874674cd6d447937497e01504b070869f217e5f700000079010000504b030414000808080054a9854d0000000000000000000000000c000000646f636361742e6d6f64656c9557695c5367d6bf12f62d20b8dbb7b8ef4a401153e9b916b5502a22281d2b2e915c21127263c2228ab66a7db59d71ad0b2eb53aa8d5ca6bd5ca30765444ea521dc556a5b8548b0a4241240468d9cafb6cf712999f1f860fb9e79ce79cff599f054ef16e780cc7715da09693fe3cb9ee3182c6149f186a12b4ba94508d496b9e2c68f466ce9dcaa7a409861433e765cb45229af39a2ce885148148660be64891732734156bb9ae51826991684ab61172dea11a43bca0b715b951e068512f98396598264d785f4c0837849bcda948e03c49aba54bce33133586a4d9622a671f26e88d9c5d988e730b13d31162381170dc40ce3e40e5e7cfb904faf9fba9fc02fcc673ee2a89f45305704e01841bcfb9523112aa38072c0c40a648c2398cc5da9c938a1805721e8cf01beb37ce2f8873560533601715830de67c24528510101de0a70ac41e64b70ec19253ec32183b7556c9ee31158cdc0720bf0ed8269853a8906be44172eb80c9204e11e03716d3488869f283a41310b603469bc0d98f9b80cd0989e321bf2a928e8a4482e347b906e11039ae9a735928a6876849bf3d0d0921ea4431451d4f2681f2f1681ed436eb66d22cb546afa7a69a85622a534532c9d48df026419d9228704e440f1910c220a473ce9848119088182291644854500c9c3b5e4816d4145f4942212a2422ce15ebd93a438e300ee7413c6323c2d235e4096151b7c49cc667c8203ac4270ed485112681c1d004104bdcd1d4593a920e59c7504c8e08474c48eed213352c194c61480aa617c5a45423e7c2d24ccea0a510c8f652a36d436134068a9b2cf4a30a8b74062dd5e25ca51891b107f54062412e94afaa9ae93af2c3584f297fc6937a9813c5745c26c2a008d4d8a93bd5642e494a588ff3c6729a8404e26e5b0f5a4c1211e7d559978593f14a38d8a36db4324fedd9e05189776789995695d12e324dab87cbe946a7d9a0ce402788b3d402d6449181d11c7466a9ed980b57a76b0c6cca12d12489ea70d65a8d848f60a9258624cdf3ecd0266e6cf78ebc8e2291fc3a609870da731deb07c647a1d110291676e4d5c13263628514492c383d923f51b1d536ea058d59b08593a7184d06c322934335b192d13613c2933a332852063c66347baa85c27766fe8d72d58c78b0e8c660939e20a4483ebd6c263f5e2f22600247485c00af8ec1620d56ca16cc40690361c09793ed6ec269bac95b50278d7f2738b2683b90341db281496551c43430ea5867a07912771e36eed082bc35756c3030dd292eca2b3be566db1ed9211a48ba481a4b33a6a362a05b414baed257b60215d1dad92e73ee04434c3692751f9b7559d8d110b6c4b991aed3fb9cba648c7416b16d80ee76ba4c69c99c14ca84ae71e93cc950777078a313ce769f9bc89def61abcdda42f698cdb2646eb6392029afec8447cb47d75ce94e236f0c5aaf5493ce90c075c53626c12cead3d09ed025187007c9fe3289a90b89253b31f462023b2a754b09434a693489482bd92cd97a4a1a8c274a949675d9ee412f1f82d3f5151c249160d081a9898f1753a50310d5d880ae6b2413cc666918d1c38bdeb3221b5b0c49ef926476448b0cd487b94579778a450a98f65d722a3519437bda868cb0482b504eaca4f2b14ab32696d493f4ac20a1e3d8688f490ef24dc64aaa63a79d6d3fd8d94f2bc8bc39d39788bee37033525d67e657bad09359ba94c5c5a2879a974d25a85f7ad3610c122f9d0e12af92652a578c3e26108dcfaaae7444136c15bce55ac922527a69a4183a1d4feade5572af633d6025a00bace3f46ed32da521494592e7129be303c8cda6173453dbe1a2f38c08b534e9afc66d032bb583a6c76adf919cbc43c80891c9c42da1ef22ad96daa2379b061d35741352079864722d4d5662bc3aafb3366aa51deedaa14de914fc3f8299a2e0ce2e4ad54bef34b440ee7e4fc6a690d69be5cbd2c8e6082f494f416443f78e56a459e12b3b5d3425d1aae107135a219737509156244e088d15d5c01e0bd888bd6ed3d9ab5bc44d779549e87815309eb84ed4b1f341340a1d8f174400854910452d74bcb8b1869b141cbef988d3e97a0d956274592a2601db9a62ba36033aae2a824e370ff2daf11aa621cb40d85e49b3c6bb8346e22c05c5c2c3dd911ec7eca18057d59823c04483b0ec59ae25feebb71cd38e19301d2c86b6f55961a2ccd7d5f61e9f36ea0e3cfafac38cacc04f64fed9dc733dbff05f28f355a797b5b71d9f25eb49bc8427c9255ce92be148eb9df52c3dc2265f180eb2ded19d8e4ffc3636c0d3c4a9fbbdd25ca0fc33f703c645a7a0ca9bbf32e4d42078a09a20a8d6b741595a74c4f20011caafdeee6e1c36162a0fbd3b5118b637bf3ed0784119311f2a2d2bddf7fef203583e6b09ffeac0d750b1e0e9fafbe762e16070dbb7b3b74c810b6ddf5cfe232406aaf6169d710a1e04d7776fd2ec5b32002afa3d3bf4ed8169f0407165e898cb3f40f9b0a0c97773be86fac05b3f06d44f799d3cff56ced9d88beb92a03aeae3434e4ba640d93f56a8c3eab5f0f327d69dadebfe9d7f6648d9572be6dc855acdb8323bfd07703beae1d8a379fef0a22d7b9e362997573cfcf2a38169c3a1262b3bb3c834086a755979ce8177a03974b9c2722b42e279c737d55583d72c86fa99857da3fe6fb6f4e51d472b759ff5fa1ada1c0f0997c70fe1b9cba6013bc2eca1a1f2fa87f73c4bfe038fc9798565fa066bf235592ee129aeb4f759f46d1d58ae3b1de9b5793e6f1710b1dbe7db08a8cb0fd8ec7fcc155a4e9eb97ee57832fc9e19d97dcf7607b0442f75fe65c362686cf2af7db4b127d499524e179e5c070d0547870eecfd2fdeb94bded9ec4bc7c1e2da7de4a19cb2fc87dd4333e37e58cd3b8f995877dbc3032c1f96780c775a92ffacc4f95441fdeff92fbf8918b5eb6016fbeecbafd9347ac0f47b47a0eaeff7d4da3513a16ce3dc5d194b6f40cd6dbb43a7177487a79177b3c75c6984d2dd215eb993b3e169d09855b3470e83d2d9dbac8343b3c172fec0aa1d0135d0901575774c607f28f535bc73c1ae158abf5871f0d1a493f0cbdffaf55bdd36044ae317c517e74442f9f486f0b5712254af4fbeff5df94fafd5ffd5678e62f27bbfc2edb8879f9f4adc050fb9c32f95e74b5eabffba38cbe67d60be53940b755fd6ef5bdae606156f19f41ee37743cdacaf463b2e2f858a2d27a61cce1901b573b38f5ef9f11e54eb87bcf147f203b89dd27bd9896b53a156f866f8a8bd1b5f5f87d7c473f5b1aeba483f0d7e2bff9fefb684e741f9fb2fddb6c7c06bf59f796c1dfa22cc0abff4ddbe46ffa8273cc90c19fbf349cffcd3718f8b7b3dd80a569f9d861173d45095393daf3a76757e41639f99277c7e82b2d33b8a4ceb5470d3377a7fab4731947bc505ee5d770e8adf55f4d8bea6084aaa47de377dfa16fcdc7d4dabf7b3ae501b94fecf035b92f2cf3d2f56eebfd0088fdf3edf7b55e90028ad387c7eee175a78ecdb6fd293b74aa06c20bf337a50293c19f762bdbbe74adefb7a4eeee5e8c7f0c4e41ef1b230164a5b1c0e6e0ebccf733f5a6ed4af7e072aedfebd58ebd204b509335a7d97eaa026d810363f7e25940fccba5a695906cfd79c4d5ce03a126adb475e321d1a012f03a3677b5ff8a8f33a6f67e4bd2bde4883f6c2c35387fe190a2f06c58f6cf2ef07354d17ff1c38be084a6fb6742b5af52794468618bf4c1a0e3faed5c7ed77dbc777eb117f3befc4475011e9bea6c22b029eefb8b1ed8e8f2b94752dcc73ec8bfae850b8eb4eaf615035a77dd3dbbb9ca0a620eae6a61323a1a97cccf76e732dd014b36153c8355f684a1bd8b52ef9aff047c1f8869c3b01bce3eeeffd47851ac13a39e1e0f2984878f1d3e359f967aec0cbef579e6c0ec994e555fbdfdc336d459084cb3bd84dbf245c7bc6db5f9d96193bf663dea97f5b0fefed16b01e3fd7efd2d1ad5077ffd3ac993fece6ed97f7df67d7d71f9a0ee77bdc8a4d818a91c75abed8395ff6c3e2e2edfb2425a6cdfc0d6a56a7de2b719fcc7bd7ea6ef468e8c3bb4fe8afdcfc5b3b34f8ceac997420917d75d018ebfdb9c75f56f05e5ee1be0b3cdfe1bb3c5910bc64ff30de6961a1db9bb72cf2d76ec6ee4733d6de95bf545e277f95051b879c98962b7f155b8716f77d1c0c4dbeebedfd333379fb6edd0aac59937865dcb59bedb983f92ef1c38e1f9dfa29ef3ef83c04fd5dc7dbf3dfddda15fd01efd2523aee4adf4bbca7ea3debe98bb1bce2cb63a9173eb80aad6f47b7c4f69a0a8dcf4a869e597c0caa6aa1b1392f065a1c85bf755714c97c75586fe539ff38b02e5da43a59140e75ebf86663da30686e9f69f01273a0454cdcfa594a33582b47541d0133d4bd5d3ba7c5fe22d425b98c9ae7d245faf25cdfeb9565cd2fc1f2f37b9bb7553f04ebda32f596dc5c78b9dd3d66c2fe49d0701c7e5d3bab5ae6adef5c77fe6a5fa58cd39a367a5d52fa75685936ee60e949341703169f3aeb38031a15679e0ebe7a04ea1e086df35726f08a1df766141e1928dbb5f8448e569d45ef82926b1bec7e8d82e69ba226d7e9af521c725cf57baa423c8e354afe6579ebb1494395aba2a0fe936e9e07ba7d2ed7c59a52e1ff3cf0ae9c4fcb96db47fed712040dc75af6462e5c20eb35bd31f7bea9d507fe9878e2486a5c2534de0b59695c1828c7d738dfef1f6f2d7e04d6f0eccf0b37deedf09333fbbbe2e03d50dbbb24b6a7a258ae5743c48559fd7b8440f3ce8889cb8798a0b964ca41ce2f55f627e5e51433c273fe54fbfff2abe07b665ddc30af2d43feba74290be6552f78c59234d38d29c1fff165eb50b72ca2cfb679defff5b7e26e6c4eb6cb36f8bd5bacd5ed791ed49ebba98a3a8dfadf52fbaf9e1f47485f164fbabcdeee1a5ae0bf2757e65b7b67b407e27d1b5fa8bd1a50d0599fb713de6f5cbcf32fb2bcb37d273d99ef9671f171e6867f427b6ac9ee9c1d1f4353f092e743d65f02ab6feffcd2271e9de5ff0f504b07081626a621ee0d000044190000504b0102140014000808080054a9854d69f217e5f7000000790100001300000000000000000000000000000000006d616e69666573742e70726f70657274696573504b0102140014000808080054a9854d1626a621ee0d0000441900000c0000000000000000000000000038010000646f636361742e6d6f64656c504b050600000000020002007b000000600f00000000', 'Test Name', 8, 'application/octet-stream');         
ALTER TABLE PUBLIC.PARTY_CONTACT_MODE ADD CONSTRAINT PUBLIC.UK_G0CTMHWBVGQ9EO3UMOLW5A65V UNIQUE(CONTACT_MODE_ID);              
ALTER TABLE PUBLIC.PREDEFINED_INTENT_UTTERANCE ADD CONSTRAINT PUBLIC.ACC_UTTERANCE UNIQUE(UTTERANCE);          
ALTER TABLE PUBLIC.TRAINED_MODEL ADD CONSTRAINT PUBLIC.MODEL_UNIQUE_NAME UNIQUE(NAME);         
ALTER TABLE PUBLIC.BOT_CONFIGURATION ADD CONSTRAINT PUBLIC.UK_QXQLLOY0CVOWMT587D8TSX0OB UNIQUE(CONFIG_ID);     
ALTER TABLE PUBLIC.BOT ADD CONSTRAINT PUBLIC.BOT_UNIQUE_NAME UNIQUE(NAME);     
ALTER TABLE PUBLIC.STATUS ADD CONSTRAINT PUBLIC.STATUS_UNIQUE_NAME UNIQUE(NAME);               
ALTER TABLE PUBLIC.CATEGORY ADD CONSTRAINT PUBLIC.CAT_UNIQUE_CODE UNIQUE(CODE);
ALTER TABLE PUBLIC.ROLE ADD CONSTRAINT PUBLIC.ROLE_UNIQUE_CODE UNIQUE(CODE);   
ALTER TABLE PUBLIC.ACCOUNT ADD CONSTRAINT PUBLIC.ACC_UNIQUE_USER_NAME UNIQUE(USER_NAME);       
ALTER TABLE PUBLIC.STATUS ADD CONSTRAINT PUBLIC.STATUS_UNIQUE_CODE UNIQUE(CODE);               
ALTER TABLE PUBLIC.CATEGORY ADD CONSTRAINT PUBLIC.CAT_UNIQUE_NAME UNIQUE(NAME);
ALTER TABLE PUBLIC.ACCOUNT_ROLE ADD CONSTRAINT PUBLIC.UK_P2JPUVN8YLL7X96RAE4HVW3SJ UNIQUE(ROLE_ID);            
ALTER TABLE PUBLIC.ROLE ADD CONSTRAINT PUBLIC.ROLE_UNIQUE_ROLE UNIQUE(ROLE);   
ALTER TABLE PUBLIC.ORGANIZATION ADD CONSTRAINT PUBLIC.FKAILB6LQW031H08OFIA5XHHLCP FOREIGN KEY(ID) REFERENCES PUBLIC.PARTY(ID) NOCHECK;         
ALTER TABLE PUBLIC.TRAINED_MODEL ADD CONSTRAINT PUBLIC.FKE70WICSOVT9RBE2C63PMNP3VW FOREIGN KEY(OWNER_ACCOUNT_ID) REFERENCES PUBLIC.ACCOUNT(ID) NOCHECK;        
ALTER TABLE PUBLIC.BOT_LANGUAGE ADD CONSTRAINT PUBLIC.FKH1PBTWQ92GXXJP0D7VRLDXCBM FOREIGN KEY(LANGUAGE_ID) REFERENCES PUBLIC.LANGUAGE(ID) NOCHECK;             
ALTER TABLE PUBLIC.CUSTOM_INTENT_UTTERANCE ADD CONSTRAINT PUBLIC.FKSTRB4S2NW1JKG71N33POE09A7 FOREIGN KEY(OWNER_ACCOUNT_ID) REFERENCES PUBLIC.ACCOUNT(ID) NOCHECK;              
ALTER TABLE PUBLIC.BOT ADD CONSTRAINT PUBLIC.FKBO94RUD75S0NYUW4PXEHXCT18 FOREIGN KEY(OWNER_ACCOUNT_ID) REFERENCES PUBLIC.ACCOUNT(ID) NOCHECK;  
ALTER TABLE PUBLIC.PARTY_CONTACT_MODE ADD CONSTRAINT PUBLIC.FK6JCK4Q0O20OK2NCLKR35J17SJ FOREIGN KEY(CONTACT_MODE_ID) REFERENCES PUBLIC.CONTACT_MODE(ID) NOCHECK;               
ALTER TABLE PUBLIC.PREDEFINED_INTENT_UTTERANCE ADD CONSTRAINT PUBLIC.FK7D84THOU1T7GYN0E92L4KF7BS FOREIGN KEY(CATEGORY_ID) REFERENCES PUBLIC.CATEGORY(ID) NOCHECK;              
ALTER TABLE PUBLIC.BOT ADD CONSTRAINT PUBLIC.FKBSFGN7KF1C88IQ8NI3PNXAJK8 FOREIGN KEY(CATEGORY_ID) REFERENCES PUBLIC.CATEGORY(ID) NOCHECK;      
ALTER TABLE PUBLIC.PERSON ADD CONSTRAINT PUBLIC.FK1GQONTWML1QDNT2JSH1FOSOMD FOREIGN KEY(ID) REFERENCES PUBLIC.PARTY(ID) NOCHECK;               
ALTER TABLE PUBLIC.ADDRESS ADD CONSTRAINT PUBLIC.FKHEHWBXYBNQYQITHVLTXGNSWFB FOREIGN KEY(ID) REFERENCES PUBLIC.CONTACT_MODE(ID) NOCHECK;       
ALTER TABLE PUBLIC.BOT ADD CONSTRAINT PUBLIC.CONSTRAINT_10 FOREIGN KEY(STATUS_ID) REFERENCES PUBLIC.STATUS(ID) NOCHECK;        
ALTER TABLE PUBLIC.VOICE_BOT ADD CONSTRAINT PUBLIC.FKNI2WOKSQ07W07YPWRGN6SK7M5 FOREIGN KEY(ID) REFERENCES PUBLIC.BOT(ID) NOCHECK;              
ALTER TABLE PUBLIC.BOT_CONFIGURATION ADD CONSTRAINT PUBLIC.FKKAPBK9EOHXBBMUOHSXAYQRXFI FOREIGN KEY(CONFIG_ID) REFERENCES PUBLIC.CONFIGURATION(ID) NOCHECK;     
ALTER TABLE PUBLIC.PARTY_CONTACT_MODE ADD CONSTRAINT PUBLIC.FKHPASKGI0W7N6IG27N9OKWT3O7 FOREIGN KEY(PARTY_ID) REFERENCES PUBLIC.PARTY(ID) NOCHECK;             
ALTER TABLE PUBLIC.ACCOUNT_ROLE ADD CONSTRAINT PUBLIC.FK1F8Y4IY71KB1ARFF79S71J0DH FOREIGN KEY(ACCOUNT_ID) REFERENCES PUBLIC.ACCOUNT(ID) NOCHECK;               
ALTER TABLE PUBLIC.ACCOUNT_ROLE ADD CONSTRAINT PUBLIC.FKRS2S3M3039H0XT8D5YHWBUYAM FOREIGN KEY(ROLE_ID) REFERENCES PUBLIC.ROLE(ID) NOCHECK;     
ALTER TABLE PUBLIC.BOT_LANGUAGE ADD CONSTRAINT PUBLIC.FK1UEGHK2KPQQJXTK4Y77IL38EC FOREIGN KEY(BOT_ID) REFERENCES PUBLIC.BOT(ID) NOCHECK;       
ALTER TABLE PUBLIC.BOT_CONFIGURATION ADD CONSTRAINT PUBLIC.FKK7077FATN2XQMLUM7M7J0FISM FOREIGN KEY(BOT_ID) REFERENCES PUBLIC.BOT(ID) NOCHECK;  
ALTER TABLE PUBLIC.BOT ADD CONSTRAINT PUBLIC.FKGEGXXOF301HP3952UMU83WLMD FOREIGN KEY(STATUS_ID) REFERENCES PUBLIC.STATUS(ID) NOCHECK;          
ALTER TABLE PUBLIC.ACCOUNT ADD CONSTRAINT PUBLIC.FKPYD0RL199DPMV884IYETT62MQ FOREIGN KEY(OWNER_ID) REFERENCES PUBLIC.PARTY(ID) NOCHECK;        
ALTER TABLE PUBLIC.CHAT_BOT ADD CONSTRAINT PUBLIC.FKFGNO4O9P9MKPQGUR2C9E57CA0 FOREIGN KEY(ID) REFERENCES PUBLIC.BOT(ID) NOCHECK;               
