use seerBotAdminDB;
INSERT INTO account_role (account_ID, ROLE_ID) VALUES (10, 10);
INSERT INTO account_role (account_ID, ROLE_ID) VALUES (2903, 11);
INSERT INTO account_role (account_ID, ROLE_ID) VALUES (4227, 11);
INSERT INTO account_role (account_ID, ROLE_ID) VALUES (4230, 11);
INSERT INTO account_role (account_ID, ROLE_ID) VALUES (4245, 11);
INSERT INTO account_role (account_ID, ROLE_ID) VALUES (4286, 11);
INSERT INTO account_role (account_ID, ROLE_ID) VALUES (4287, 11);

INSERT INTO party (ID, CREATION_DATE, LAST_UPDATE_DATE, VERSION, NAME, TYPE, ACTIVE, END_DATE, START_DATE) VALUES (10, '2019-01-27 22:08:39.261000', '2019-01-27 22:08:42.208000', 1, 'Bhushan', 'person', null, null, null);
INSERT INTO party (ID, CREATION_DATE, LAST_UPDATE_DATE, VERSION, NAME, TYPE, ACTIVE, END_DATE, START_DATE) VALUES (2904, '2019-03-23 11:51:29.192000', '2019-03-23 11:51:29.192000', 1, 'BHUSHAN', 'person', null, null, null);
INSERT INTO party (ID, CREATION_DATE, LAST_UPDATE_DATE, VERSION, NAME, TYPE, ACTIVE, END_DATE, START_DATE) VALUES (4228, '2019-08-31 22:06:38.141000', '2019-08-31 22:06:38.141000', 1, 'Mogo', 'person', null, null, null);
INSERT INTO party (ID, CREATION_DATE, LAST_UPDATE_DATE, VERSION, NAME, TYPE, ACTIVE, END_DATE, START_DATE) VALUES (4231, '2019-08-31 22:49:27.753000', '2019-08-31 22:49:27.753000', 1, 'Dog', 'person', null, null, null);
INSERT INTO party (ID, CREATION_DATE, LAST_UPDATE_DATE, VERSION, NAME, TYPE, ACTIVE, END_DATE, START_DATE) VALUES (4246, '2019-09-01 22:02:56.853000', '2019-09-01 22:02:56.853000', 1, 'Iam', 'person', null, null, null);
INSERT INTO party (ID, CREATION_DATE, LAST_UPDATE_DATE, VERSION, NAME, TYPE, ACTIVE, END_DATE, START_DATE) VALUES (4288, '2019-12-19 11:53:16.076000', '2019-12-19 11:53:16.076000', 1, 'Jacob', 'person', true, '9999-12-31 05:00:00.000000', '2019-12-19 11:53:16.076000');
INSERT INTO party (ID, CREATION_DATE, LAST_UPDATE_DATE, VERSION, NAME, TYPE, ACTIVE, END_DATE, START_DATE) VALUES (4289, '2019-12-19 23:31:55.191000', '2019-12-19 23:31:55.191000', 1, 'Adam', 'person', true, '9999-12-31 05:00:00.000000', '2019-12-19 23:31:55.191000');

INSERT INTO person (FIRST_NAME, LAST_NAME, ID) VALUES ('Uber', 'Admin', 10);
INSERT INTO person (FIRST_NAME, LAST_NAME, ID) VALUES ('BHUSHAN', 'KANE', 2904);
INSERT INTO person (FIRST_NAME, LAST_NAME, ID) VALUES ('Mogo', 'Shan', 4228);
INSERT INTO person (FIRST_NAME, LAST_NAME, ID) VALUES ('Dog', 'Seer', 4231);
INSERT INTO person (FIRST_NAME, LAST_NAME, ID) VALUES ('Iam', 'Gabber', 4246);
INSERT INTO person (FIRST_NAME, LAST_NAME, ID) VALUES ('Jacob', 'Peters', 4288);
INSERT INTO person (FIRST_NAME, LAST_NAME, ID) VALUES ('Adam', 'Stein', 4289);

INSERT INTO contact_mode (ID, CREATION_DATE, LAST_UPDATE_DATE, VERSION, TYPE, ACTIVE, END_DATE, START_DATE) VALUES (2902, '2019-03-23 11:35:01.721000', '2019-03-23 11:35:01.721000', 1, 'STREET_ADDRESS', null, null, null);
INSERT INTO contact_mode (ID, CREATION_DATE, LAST_UPDATE_DATE, VERSION, TYPE, ACTIVE, END_DATE, START_DATE) VALUES (2905, '2019-03-23 11:51:29.257000', '2019-03-23 11:51:29.257000', 1, 'STREET_ADDRESS', null, null, null);
INSERT INTO contact_mode (ID, CREATION_DATE, LAST_UPDATE_DATE, VERSION, TYPE, ACTIVE, END_DATE, START_DATE) VALUES (4229, '2019-08-31 22:06:38.149000', '2019-08-31 22:06:38.149000', 1, 'STREET_ADDRESS', null, null, null);
INSERT INTO contact_mode (ID, CREATION_DATE, LAST_UPDATE_DATE, VERSION, TYPE, ACTIVE, END_DATE, START_DATE) VALUES (4232, '2019-08-31 22:49:27.757000', '2019-08-31 22:49:27.757000', 1, 'STREET_ADDRESS', null, null, null);

INSERT INTO party_contact_mode (PARTY_ID, CONTACT_MODE_ID) VALUES (2904, 2905);
INSERT INTO party_contact_mode (PARTY_ID, CONTACT_MODE_ID) VALUES (4228, 4229);
INSERT INTO party_contact_mode (PARTY_ID, CONTACT_MODE_ID) VALUES (4231, 4232);

INSERT INTO address (CITY, STATE, STREET, ZIP, ID) VALUES ('Charlotte', 'NC', '13812 Daltrey Lane', '28277', 2905);
INSERT INTO address (CITY, STATE, STREET, ZIP, ID) VALUES ('Mogo', 'NC', '123 Mogo', '28277', 4229);
INSERT INTO address (CITY, STATE, STREET, ZIP, ID) VALUES ('Charlotte', 'NC', '2341 Dog Street', '28277', 4232);

INSERT INTO account (ID, CREATION_DATE, LAST_UPDATE_DATE, VERSION, ENABLED, PASSWORD, REALM, USER_NAME, OWNER_ID, ACTIVE, END_DATE, START_DATE) VALUES (10, '2019-01-27 22:11:22.789000', '2019-01-27 22:11:26.523000', 1, true, '{bcrypt}$2a$11$w5mj67IlEHj5k615XhuuruXhARLN6ZjQPSqbJcWobpvdQXQVac2Uy', 'default', 'admin', 10, true, null, null);
INSERT INTO account (ID, CREATION_DATE, LAST_UPDATE_DATE, VERSION, ENABLED, PASSWORD, REALM, USER_NAME, OWNER_ID, ACTIVE, END_DATE, START_DATE) VALUES (2903, '2019-03-23 11:51:29.179000', '2019-03-23 11:51:29.179000', 1, true, '{bcrypt}$2a$11$FJ2pT4jN9wP7BRo0Sck77.L40n.Dqq/lxS4E4DmjngzSPJy1/M/U.', 'seer', 'bkane', 2904, true, null, null);
INSERT INTO account (ID, CREATION_DATE, LAST_UPDATE_DATE, VERSION, ENABLED, PASSWORD, REALM, USER_NAME, OWNER_ID, ACTIVE, END_DATE, START_DATE) VALUES (4227, '2019-08-31 22:06:38.134000', '2019-08-31 22:06:38.134000', 1, true, '{bcrypt}$2a$10$pXMuUF.xhlmGbHv3mECR..ndhJx5bcZFHfeoIzihdrcf4.naLDSAK', 'Mogo', 'mogobkane', 4228, true, null, null);
INSERT INTO account (ID, CREATION_DATE, LAST_UPDATE_DATE, VERSION, ENABLED, PASSWORD, REALM, USER_NAME, OWNER_ID, ACTIVE, END_DATE, START_DATE) VALUES (4230, '2019-08-31 22:49:27.752000', '2019-08-31 22:49:27.752000', 1, true, '{bcrypt}$2a$10$x.YqPSfwGB.3bzHw2HMlju76qGnrE/x7Wl.8ZbU5asYrmulH.AJ8u', 'PetSeer', 'dogguy', 4231, true, null, null);
INSERT INTO account (ID, CREATION_DATE, LAST_UPDATE_DATE, VERSION, ENABLED, PASSWORD, REALM, USER_NAME, OWNER_ID, ACTIVE, END_DATE, START_DATE) VALUES (4245, '2019-09-01 22:02:56.852000', '2019-09-01 22:02:56.852000', 1, true, '{bcrypt}$2a$10$Q7ie/TxBCVtJnkK0V4HC.eJZGjRy9JqaiURBzMMdlnuoB/ElpXiQC', 'Gabber', 'gabber@gmail.com', 4246, true, null, null);
INSERT INTO account (ID, CREATION_DATE, LAST_UPDATE_DATE, VERSION, ENABLED, PASSWORD, REALM, USER_NAME, OWNER_ID, ACTIVE, END_DATE, START_DATE) VALUES (4286, '2019-12-19 11:53:16.075000', '2019-12-19 11:53:16.075000', 1, true, '{bcrypt}$2a$11$w5mj67IlEHj5k615XhuuruXhARLN6ZjQPSqbJcWobpvdQXQVac2Uy', 'Jacob', 'jacob@gmail.com', 4288, true, '9999-12-31 05:00:00.000000', '2019-12-19 11:53:16.075000');
INSERT INTO account (ID, CREATION_DATE, LAST_UPDATE_DATE, VERSION, ENABLED, PASSWORD, REALM, USER_NAME, OWNER_ID, ACTIVE, END_DATE, START_DATE) VALUES (4287, '2019-12-19 23:31:55.189000', '2019-12-19 23:31:55.189000', 1, true, '{bcrypt}$2a$10$TEBLxJj4nRaKF5ZkKtDScO1IsLTc74lve2Dy6Lcu.oHLdgDP7VvDi', 'adams', 'adams@gmail.com', 4289, true, '9999-12-31 05:00:00.000000', '2019-12-19 23:31:55.189000');

INSERT INTO TIER (ID, CREATION_DATE, LAST_UPDATE_DATE, VERSION, CODE, DESCRIPTION, NAME, MAXTRANSACTIONS, MINTRANSACTIONS, TIERDURATION, TIERTYPE, ACTIVE, END_DATE, START_DATE) VALUES (10, '2019-12-12 00:39:45.559000', '2019-12-12 00:39:45.559000', 1, 'TIER-v2Wbpp4duZzsv2eE0KRF', 'MonthlyPlatinum', 'MonthlyPlatinum', 50000, 0, 'PER_HOUR', 'PLATINUM', true, '9999-12-31 05:00:00.000000', '2019-12-12 00:39:45.559000');
INSERT INTO TIER (ID, CREATION_DATE, LAST_UPDATE_DATE, VERSION, CODE, DESCRIPTION, NAME, MAXTRANSACTIONS, MINTRANSACTIONS, TIERDURATION, TIERTYPE, ACTIVE, END_DATE, START_DATE) VALUES (11, '2019-12-12 00:41:55.543000', '2019-12-12 00:41:55.543000', 1, 'TIER-3hAEPA57bLyNSXXhYpVg', 'MonthlyGold', 'MonthlyGold', 30000, 0, 'PER_HOUR', 'GOLD', true, '9999-12-31 05:00:00.000000', '2019-12-12 00:41:55.543000');
INSERT INTO TIER (ID, CREATION_DATE, LAST_UPDATE_DATE, VERSION, CODE, DESCRIPTION, NAME, MAXTRANSACTIONS, MINTRANSACTIONS, TIERDURATION, TIERTYPE, ACTIVE, END_DATE, START_DATE) VALUES (12, '2019-12-14 15:43:34.312000', '2019-12-14 15:43:34.312000', 1, 'TIER-HKKZWA8m5Ky6X0brFyyM', 'Monthly Silver', 'Monthly Silver', 20000, 0, 'PER_HOUR', 'SILVER', true, '9999-12-31 05:00:00.000000', '2019-12-14 15:43:34.312000');
INSERT INTO TIER (ID, CREATION_DATE, LAST_UPDATE_DATE, VERSION, CODE, DESCRIPTION, NAME, MAXTRANSACTIONS, MINTRANSACTIONS, TIERDURATION, TIERTYPE, ACTIVE, END_DATE, START_DATE) VALUES (13, '2019-12-14 15:44:31.759000', '2019-12-14 15:44:31.759000', 1, 'TIER-hXvrBRS2i0Yh24dNFEau', 'Monthly Bronze', 'Monthly Bronze', 10000, 0, 'PER_HOUR', 'BRONZE', true, '9999-12-31 05:00:00.000000', '2019-12-14 15:44:31.759000');

INSERT INTO MEMBERSHIP_PLAN (ID, CREATION_DATE, LAST_UPDATE_DATE, VERSION, CODE, DESCRIPTION, NAME, DURATION, PRICE, TIER_ID, ACTIVE, END_DATE, START_DATE) VALUES (1, '2019-12-13 03:00:31.036000', '2019-12-14 02:33:27.397000', 1, 'PLAN-FX80BYXXkBPUEUZOALrW', 'Monthly Platinum', 'Monthly Platinum', 30, 50.00, 10, true, '9999-12-31 05:00:00.000000', '2019-12-13 03:00:31.036000');
INSERT INTO MEMBERSHIP_PLAN (ID, CREATION_DATE, LAST_UPDATE_DATE, VERSION, CODE, DESCRIPTION, NAME, DURATION, PRICE, TIER_ID, ACTIVE, END_DATE, START_DATE) VALUES (2, '2019-12-14 15:39:37.822000', '2019-12-14 15:39:37.822000', 1, 'PLAN-wZhOQHGoP4Mr5GaYz3Wf', 'Monthly Gold', 'Monthly Gold', 30, 30.00, 11, true, '9999-12-31 05:00:00.000000', '2019-12-14 15:39:37.822000');
INSERT INTO MEMBERSHIP_PLAN (ID, CREATION_DATE, LAST_UPDATE_DATE, VERSION, CODE, DESCRIPTION, NAME, DURATION, PRICE, TIER_ID, ACTIVE, END_DATE, START_DATE) VALUES (3, '2019-12-14 15:45:10.390000', '2019-12-14 15:45:19.927000', 1, 'PLAN-qilqHa6XmXHFBZbpXAzl', 'Monthly Silver', 'Monthly Silver', 30, 20.00, 12, true, '9999-12-31 05:00:00.000000', '2019-12-14 15:45:10.390000');
INSERT INTO MEMBERSHIP_PLAN (ID, CREATION_DATE, LAST_UPDATE_DATE, VERSION, CODE, DESCRIPTION, NAME, DURATION, PRICE, TIER_ID, ACTIVE, END_DATE, START_DATE) VALUES (4, '2019-12-14 15:45:36.996000', '2019-12-14 15:45:36.996000', 1, 'PLAN-NPPdpVqQ4dakEBzuGuks', 'Monthly Bronze', 'Monthly Bronze', 30, 10.00, 13, true, '9999-12-31 05:00:00.000000', '2019-12-14 15:45:36.996000');

INSERT INTO SUBSCRIPTION (ID, CREATION_DATE, LAST_UPDATE_DATE, VERSION, END_DATE, START_DATE, account_ID, MEMBERSHIP_PLAN_ID, ACTIVE) VALUES (5, '2019-12-19 11:53:16.070000', '2019-12-19 11:53:16.070000', 1, '9999-12-31 05:00:00.000000', '2019-12-19 11:53:16.070000', 4286, 1, true);
INSERT INTO SUBSCRIPTION (ID, CREATION_DATE, LAST_UPDATE_DATE, VERSION, END_DATE, START_DATE, account_ID, MEMBERSHIP_PLAN_ID, ACTIVE) VALUES (6, '2019-12-19 23:31:55.177000', '2019-12-19 23:31:55.177000', 1, '9999-12-31 05:00:00.000000', '2019-12-19 23:31:55.177000', 4287, 3, true);



