use seerBotAdminDB;

INSERT INTO ROLE (ID, CREATION_DATE, LAST_UPDATE_DATE, VERSION, CODE, DESCRIPTION, ENTITLEMENTS, ROLE, ACTIVE, END_DATE, START_DATE) VALUES (10, '2019-01-27 22:04:55.667000', '2019-08-24 13:44:37.278000', 1, 'UBER_ADMIN', 'Uber Adiminstrator who will have root access to the Bot Admin application', 'READ,WRITE,UPDATE,DELETE', 'UberAdmin', null, null, null);
INSERT INTO ROLE (ID, CREATION_DATE, LAST_UPDATE_DATE, VERSION, CODE, DESCRIPTION, ENTITLEMENTS, ROLE, ACTIVE, END_DATE, START_DATE) VALUES (11, '2019-01-27 22:04:55.667000', '2019-08-24 13:46:58.822000', 1, 'ACCT_ADMIN', 'Account Admin', 'READ,WRITE,UPDATE,DELETE', 'AcctAdmin', null, null, null);
INSERT INTO ROLE (ID, CREATION_DATE, LAST_UPDATE_DATE, VERSION, CODE, DESCRIPTION, ENTITLEMENTS, ROLE, ACTIVE, END_DATE, START_DATE) VALUES (12, '2019-01-27 22:04:55.667000', '2019-01-27 22:04:58.561000', 1, 'ACCT_USER', 'Account User', 'READ,WRITE,UPDATE,DELETE', 'AcctUser', null, null, null);
INSERT INTO ROLE (ID, CREATION_DATE, LAST_UPDATE_DATE, VERSION, CODE, DESCRIPTION, ENTITLEMENTS, ROLE, ACTIVE, END_DATE, START_DATE) VALUES (13, '2019-01-27 22:04:55.667000', '2019-01-27 22:04:58.561000', 1, 'ACCT_VIEW', 'Account Viewer', 'READ', 'AcctView', null, null, null);

INSERT INTO ACCOUNT_ROLE (account_ID, ROLE_ID) VALUES (10, 10);
INSERT INTO ACCOUNT_ROLE (account_ID, ROLE_ID) VALUES (2903, 11);
INSERT INTO ACCOUNT_ROLE (account_ID, ROLE_ID) VALUES (4227, 11);
INSERT INTO ACCOUNT_ROLE (account_ID, ROLE_ID) VALUES (4230, 11);
INSERT INTO ACCOUNT_ROLE (account_ID, ROLE_ID) VALUES (4245, 11);
INSERT INTO ACCOUNT_ROLE (account_ID, ROLE_ID) VALUES (4286, 11);
INSERT INTO ACCOUNT_ROLE (account_ID, ROLE_ID) VALUES (4287, 11);

INSERT INTO PARTY (ID, CREATION_DATE, LAST_UPDATE_DATE, VERSION, NAME, TYPE, ACTIVE, END_DATE, START_DATE) VALUES (10, '2019-01-27 22:08:39.261000', '2019-01-27 22:08:42.208000', 1, 'Bhushan', 'person', null, null, null);
INSERT INTO PARTY (ID, CREATION_DATE, LAST_UPDATE_DATE, VERSION, NAME, TYPE, ACTIVE, END_DATE, START_DATE) VALUES (2904, '2019-03-23 11:51:29.192000', '2019-03-23 11:51:29.192000', 1, 'BHUSHAN', 'person', null, null, null);
INSERT INTO PARTY (ID, CREATION_DATE, LAST_UPDATE_DATE, VERSION, NAME, TYPE, ACTIVE, END_DATE, START_DATE) VALUES (4228, '2019-08-31 22:06:38.141000', '2019-08-31 22:06:38.141000', 1, 'Mogo', 'person', null, null, null);
INSERT INTO PARTY (ID, CREATION_DATE, LAST_UPDATE_DATE, VERSION, NAME, TYPE, ACTIVE, END_DATE, START_DATE) VALUES (4231, '2019-08-31 22:49:27.753000', '2019-08-31 22:49:27.753000', 1, 'Dog', 'person', null, null, null);
INSERT INTO PARTY (ID, CREATION_DATE, LAST_UPDATE_DATE, VERSION, NAME, TYPE, ACTIVE, END_DATE, START_DATE) VALUES (4246, '2019-09-01 22:02:56.853000', '2019-09-01 22:02:56.853000', 1, 'Iam', 'person', null, null, null);
INSERT INTO PARTY (ID, CREATION_DATE, LAST_UPDATE_DATE, VERSION, NAME, TYPE, ACTIVE, END_DATE, START_DATE) VALUES (4288, '2019-12-19 11:53:16.076000', '2019-12-19 11:53:16.076000', 1, 'Jacob', 'person', true, '9999-12-31 05:00:00.000000', '2019-12-19 11:53:16.076000');
INSERT INTO PARTY (ID, CREATION_DATE, LAST_UPDATE_DATE, VERSION, NAME, TYPE, ACTIVE, END_DATE, START_DATE) VALUES (4289, '2019-12-19 23:31:55.191000', '2019-12-19 23:31:55.191000', 1, 'Adam', 'person', true, '9999-12-31 05:00:00.000000', '2019-12-19 23:31:55.191000');

INSERT INTO PERSON (FIRST_NAME, LAST_NAME, ID) VALUES ('Uber', 'Admin', 10);
INSERT INTO PERSON (FIRST_NAME, LAST_NAME, ID) VALUES ('BHUSHAN', 'KANE', 2904);
INSERT INTO PERSON (FIRST_NAME, LAST_NAME, ID) VALUES ('Mogo', 'Shan', 4228);
INSERT INTO PERSON (FIRST_NAME, LAST_NAME, ID) VALUES ('Dog', 'Seer', 4231);
INSERT INTO PERSON (FIRST_NAME, LAST_NAME, ID) VALUES ('Iam', 'Gabber', 4246);
INSERT INTO PERSON (FIRST_NAME, LAST_NAME, ID) VALUES ('Jacob', 'Peters', 4288);
INSERT INTO PERSON (FIRST_NAME, LAST_NAME, ID) VALUES ('Adam', 'Stein', 4289);

INSERT INTO CONTACT_MODE (ID, CREATION_DATE, LAST_UPDATE_DATE, VERSION, TYPE, ACTIVE, END_DATE, START_DATE) VALUES (2902, '2019-03-23 11:35:01.721000', '2019-03-23 11:35:01.721000', 1, 'STREET_ADDRESS', null, null, null);
INSERT INTO CONTACT_MODE (ID, CREATION_DATE, LAST_UPDATE_DATE, VERSION, TYPE, ACTIVE, END_DATE, START_DATE) VALUES (2905, '2019-03-23 11:51:29.257000', '2019-03-23 11:51:29.257000', 1, 'STREET_ADDRESS', null, null, null);
INSERT INTO CONTACT_MODE (ID, CREATION_DATE, LAST_UPDATE_DATE, VERSION, TYPE, ACTIVE, END_DATE, START_DATE) VALUES (4229, '2019-08-31 22:06:38.149000', '2019-08-31 22:06:38.149000', 1, 'STREET_ADDRESS', null, null, null);
INSERT INTO CONTACT_MODE (ID, CREATION_DATE, LAST_UPDATE_DATE, VERSION, TYPE, ACTIVE, END_DATE, START_DATE) VALUES (4232, '2019-08-31 22:49:27.757000', '2019-08-31 22:49:27.757000', 1, 'STREET_ADDRESS', null, null, null);

INSERT INTO PARTY_CONTACT_MODE (PARTY_ID, CONTACT_MODE_ID) VALUES (2904, 2905);
INSERT INTO PARTY_CONTACT_MODE (PARTY_ID, CONTACT_MODE_ID) VALUES (4228, 4229);
INSERT INTO PARTY_CONTACT_MODE (PARTY_ID, CONTACT_MODE_ID) VALUES (4231, 4232);

INSERT INTO ADDRESS (CITY, STATE, STREET, ZIP, ID) VALUES ('Charlotte', 'NC', '13812 Daltrey Lane', '28277', 2905);
INSERT INTO ADDRESS (CITY, STATE, STREET, ZIP, ID) VALUES ('Mogo', 'NC', '123 Mogo', '28277', 4229);
INSERT INTO ADDRESS (CITY, STATE, STREET, ZIP, ID) VALUES ('Charlotte', 'NC', '2341 Dog Street', '28277', 4232);

INSERT INTO ACCOUNT (ID, CREATION_DATE, LAST_UPDATE_DATE, VERSION, ENABLED, PASSWORD, REALM, USER_NAME, OWNER_ID, ACTIVE, END_DATE, START_DATE) VALUES (10, '2019-01-27 22:11:22.789000', '2019-01-27 22:11:26.523000', 1, true, '{bcrypt}$2a$11$w5mj67IlEHj5k615XhuuruXhARLN6ZjQPSqbJcWobpvdQXQVac2Uy', 'default', 'admin', 10, true, null, null);
INSERT INTO ACCOUNT (ID, CREATION_DATE, LAST_UPDATE_DATE, VERSION, ENABLED, PASSWORD, REALM, USER_NAME, OWNER_ID, ACTIVE, END_DATE, START_DATE) VALUES (2903, '2019-03-23 11:51:29.179000', '2019-03-23 11:51:29.179000', 1, true, '{bcrypt}$2a$11$FJ2pT4jN9wP7BRo0Sck77.L40n.Dqq/lxS4E4DmjngzSPJy1/M/U.', 'seer', 'bkane', 2904, true, null, null);
INSERT INTO ACCOUNT (ID, CREATION_DATE, LAST_UPDATE_DATE, VERSION, ENABLED, PASSWORD, REALM, USER_NAME, OWNER_ID, ACTIVE, END_DATE, START_DATE) VALUES (4227, '2019-08-31 22:06:38.134000', '2019-08-31 22:06:38.134000', 1, true, '{bcrypt}$2a$10$pXMuUF.xhlmGbHv3mECR..ndhJx5bcZFHfeoIzihdrcf4.naLDSAK', 'Mogo', 'mogobkane', 4228, true, null, null);
INSERT INTO ACCOUNT (ID, CREATION_DATE, LAST_UPDATE_DATE, VERSION, ENABLED, PASSWORD, REALM, USER_NAME, OWNER_ID, ACTIVE, END_DATE, START_DATE) VALUES (4230, '2019-08-31 22:49:27.752000', '2019-08-31 22:49:27.752000', 1, true, '{bcrypt}$2a$10$x.YqPSfwGB.3bzHw2HMlju76qGnrE/x7Wl.8ZbU5asYrmulH.AJ8u', 'PetSeer', 'dogguy', 4231, true, null, null);
INSERT INTO ACCOUNT (ID, CREATION_DATE, LAST_UPDATE_DATE, VERSION, ENABLED, PASSWORD, REALM, USER_NAME, OWNER_ID, ACTIVE, END_DATE, START_DATE) VALUES (4245, '2019-09-01 22:02:56.852000', '2019-09-01 22:02:56.852000', 1, true, '{bcrypt}$2a$10$Q7ie/TxBCVtJnkK0V4HC.eJZGjRy9JqaiURBzMMdlnuoB/ElpXiQC', 'Gabber', 'gabber@gmail.com', 4246, true, null, null);
INSERT INTO ACCOUNT (ID, CREATION_DATE, LAST_UPDATE_DATE, VERSION, ENABLED, PASSWORD, REALM, USER_NAME, OWNER_ID, ACTIVE, END_DATE, START_DATE) VALUES (4286, '2019-12-19 11:53:16.075000', '2019-12-19 11:53:16.075000', 1, true, '{bcrypt}$2a$11$w5mj67IlEHj5k615XhuuruXhARLN6ZjQPSqbJcWobpvdQXQVac2Uy', 'Jacob', 'jacob@gmail.com', 4288, true, '9999-12-31 05:00:00.000000', '2019-12-19 11:53:16.075000');
INSERT INTO ACCOUNT (ID, CREATION_DATE, LAST_UPDATE_DATE, VERSION, ENABLED, PASSWORD, REALM, USER_NAME, OWNER_ID, ACTIVE, END_DATE, START_DATE) VALUES (4287, '2019-12-19 23:31:55.189000', '2019-12-19 23:31:55.189000', 1, true, '{bcrypt}$2a$10$TEBLxJj4nRaKF5ZkKtDScO1IsLTc74lve2Dy6Lcu.oHLdgDP7VvDi', 'adams', 'adams@gmail.com', 4289, true, '9999-12-31 05:00:00.000000', '2019-12-19 23:31:55.189000');

INSERT INTO TIER (ID, CREATION_DATE, LAST_UPDATE_DATE, VERSION, CODE, DESCRIPTION, NAME, MAXTRANSACTIONS, MINTRANSACTIONS, TIERDURATION, TIERTYPE, ACTIVE, END_DATE, START_DATE) VALUES (10, '2019-12-12 00:39:45.559000', '2019-12-12 00:39:45.559000', 1, 'TIER-v2Wbpp4duZzsv2eE0KRF', 'MonthlyPlatinum', 'MonthlyPlatinum', 50000, 0, 'PER_HOUR', 'PLATINUM', true, '9999-12-31 05:00:00.000000', '2019-12-12 00:39:45.559000');
INSERT INTO TIER (ID, CREATION_DATE, LAST_UPDATE_DATE, VERSION, CODE, DESCRIPTION, NAME, MAXTRANSACTIONS, MINTRANSACTIONS, TIERDURATION, TIERTYPE, ACTIVE, END_DATE, START_DATE) VALUES (11, '2019-12-12 00:41:55.543000', '2019-12-12 00:41:55.543000', 1, 'TIER-3hAEPA57bLyNSXXhYpVg', 'MonthlyGold', 'MonthlyGold', 30000, 0, 'PER_HOUR', 'GOLD', true, '9999-12-31 05:00:00.000000', '2019-12-12 00:41:55.543000');
INSERT INTO TIER (ID, CREATION_DATE, LAST_UPDATE_DATE, VERSION, CODE, DESCRIPTION, NAME, MAXTRANSACTIONS, MINTRANSACTIONS, TIERDURATION, TIERTYPE, ACTIVE, END_DATE, START_DATE) VALUES (12, '2019-12-14 15:43:34.312000', '2019-12-14 15:43:34.312000', 1, 'TIER-HKKZWA8m5Ky6X0brFyyM', 'Monthly Silver', 'Monthly Silver', 20000, 0, 'PER_HOUR', 'SILVER', true, '9999-12-31 05:00:00.000000', '2019-12-14 15:43:34.312000');
INSERT INTO TIER (ID, CREATION_DATE, LAST_UPDATE_DATE, VERSION, CODE, DESCRIPTION, NAME, MAXTRANSACTIONS, MINTRANSACTIONS, TIERDURATION, TIERTYPE, ACTIVE, END_DATE, START_DATE) VALUES (13, '2019-12-14 15:44:31.759000', '2019-12-14 15:44:31.759000', 1, 'TIER-hXvrBRS2i0Yh24dNFEau', 'Monthly Bronze', 'Monthly Bronze', 10000, 0, 'PER_HOUR', 'BRONZE', true, '9999-12-31 05:00:00.000000', '2019-12-14 15:44:31.759000');

INSERT INTO MEMBERSHIP_PLAN (ID, CREATION_DATE, LAST_UPDATE_DATE, VERSION, CODE, DESCRIPTION, NAME, DURATION, PRICE, TIER_ID, ACTIVE, END_DATE, START_DATE) VALUES (1, '2019-12-13 03:00:31.036000', '2019-12-14 02:33:27.397000', 1, 'PLAN-FX80BYXXkBPUEUZOALrW', 'Monthly Platinum', 'Monthly Platinum', 30, 50.00, 10, true, '9999-12-31 05:00:00.000000', '2019-12-13 03:00:31.036000');
INSERT INTO MEMBERSHIP_PLAN (ID, CREATION_DATE, LAST_UPDATE_DATE, VERSION, CODE, DESCRIPTION, NAME, DURATION, PRICE, TIER_ID, ACTIVE, END_DATE, START_DATE) VALUES (2, '2019-12-14 15:39:37.822000', '2019-12-14 15:39:37.822000', 1, 'PLAN-wZhOQHGoP4Mr5GaYz3Wf', 'Monthly Gold', 'Monthly Gold', 30, 30.00, 11, true, '9999-12-31 05:00:00.000000', '2019-12-14 15:39:37.822000');
INSERT INTO MEMBERSHIP_PLAN (ID, CREATION_DATE, LAST_UPDATE_DATE, VERSION, CODE, DESCRIPTION, NAME, DURATION, PRICE, TIER_ID, ACTIVE, END_DATE, START_DATE) VALUES (3, '2019-12-14 15:45:10.390000', '2019-12-14 15:45:19.927000', 1, 'PLAN-qilqHa6XmXHFBZbpXAzl', 'Monthly Silver', 'Monthly Silver', 30, 20.00, 12, true, '9999-12-31 05:00:00.000000', '2019-12-14 15:45:10.390000');
INSERT INTO MEMBERSHIP_PLAN (ID, CREATION_DATE, LAST_UPDATE_DATE, VERSION, CODE, DESCRIPTION, NAME, DURATION, PRICE, TIER_ID, ACTIVE, END_DATE, START_DATE) VALUES (4, '2019-12-14 15:45:36.996000', '2019-12-14 15:45:36.996000', 1, 'PLAN-NPPdpVqQ4dakEBzuGuks', 'Monthly Bronze', 'Monthly Bronze', 30, 10.00, 13, true, '9999-12-31 05:00:00.000000', '2019-12-14 15:45:36.996000');

INSERT INTO SUBSCRIPTION (ID, CREATION_DATE, LAST_UPDATE_DATE, VERSION, END_DATE, START_DATE, account_ID, MEMBERSHIP_PLAN_ID, ACTIVE) VALUES (5, '2019-12-19 11:53:16.070000', '2019-12-19 11:53:16.070000', 1, '9999-12-31 05:00:00.000000', '2019-12-19 11:53:16.070000', 4286, 1, true);
INSERT INTO SUBSCRIPTION (ID, CREATION_DATE, LAST_UPDATE_DATE, VERSION, END_DATE, START_DATE, account_ID, MEMBERSHIP_PLAN_ID, ACTIVE) VALUES (6, '2019-12-19 23:31:55.177000', '2019-12-19 23:31:55.177000', 1, '9999-12-31 05:00:00.000000', '2019-12-19 23:31:55.177000', 4287, 3, true);

/**------------- **/

INSERT INTO CATEGORY (ID, CREATION_DATE, LAST_UPDATE_DATE, VERSION, CODE, DESCRIPTION, NAME, OWNER_ACCOUNT_ID, ACTIVE, END_DATE, START_DATE) VALUES (1, '2019-01-28 11:35:17.101000', '2019-12-25 16:29:12.161000', 1, 'SALES_APP', 'Sales Application23', 'Sales App - Predefined', 10, null, null, null);
INSERT INTO CATEGORY (ID, CREATION_DATE, LAST_UPDATE_DATE, VERSION, CODE, DESCRIPTION, NAME, OWNER_ACCOUNT_ID, ACTIVE, END_DATE, START_DATE) VALUES (2, '2019-01-28 11:35:58.485000', '2019-12-25 16:29:17.793000', 1, 'MED_BOT', 'Medical Practise Bot', 'Medical Practise Bot - Predefined', 10, null, null, null);
INSERT INTO CATEGORY (ID, CREATION_DATE, LAST_UPDATE_DATE, VERSION, CODE, DESCRIPTION, NAME, OWNER_ACCOUNT_ID, ACTIVE, END_DATE, START_DATE) VALUES (3, '2019-01-28 11:36:39.049000', '2019-12-25 16:29:22.587000', 1, 'DENTAL_PRACTISE_BOT', 'Dental Practise Bot', 'Dental Practise Bot - Predefined', 10, null, null, null);
INSERT INTO CATEGORY (ID, CREATION_DATE, LAST_UPDATE_DATE, VERSION, CODE, DESCRIPTION, NAME, OWNER_ACCOUNT_ID, ACTIVE, END_DATE, START_DATE) VALUES (4, '2019-01-28 11:37:55.423000', '2019-12-25 16:29:27.751000', 1, 'EVENT_BOT', 'Event Management Bot', 'Event Management Bot - Predefined', 10, null, null, null);
INSERT INTO CATEGORY (ID, CREATION_DATE, LAST_UPDATE_DATE, VERSION, CODE, DESCRIPTION, NAME, OWNER_ACCOUNT_ID, ACTIVE, END_DATE, START_DATE) VALUES (4121, '2019-07-31 19:28:24.229000', '2019-12-25 16:29:32.471000', 1, 'PERSON_BOT', 'Personal Bot that can be trained to answer questions about you This is useful for personal websites linkedIn profiles etc', 'PersonalBot - Predefined', 10, null, null, null);
INSERT INTO CATEGORY (ID, CREATION_DATE, LAST_UPDATE_DATE, VERSION, CODE, DESCRIPTION, NAME, OWNER_ACCOUNT_ID, ACTIVE, END_DATE, START_DATE) VALUES (4149, '2019-08-12 20:26:06.541000', '2019-12-25 16:29:37.641000', 1, 'CAT-74ecc7a9-c7d8-4c88-a85b-4557c72d1d40', 'Program Bot', 'Program Bot - Predefined', 10, null, null, null);
INSERT INTO CATEGORY (ID, CREATION_DATE, LAST_UPDATE_DATE, VERSION, CODE, DESCRIPTION, NAME, OWNER_ACCOUNT_ID, ACTIVE, END_DATE, START_DATE) VALUES (4168, '2019-08-21 21:40:03.431000', '2019-12-25 16:30:05.207000', 1, 'CAT-dfdbd904-97a5-4cdb-9735-1ec16cdf6f32', 'Restaurant-Bot - Predefined', 'Restaurant-Bot - Predefined', 10, null, null, null);
INSERT INTO CATEGORY (ID, CREATION_DATE, LAST_UPDATE_DATE, VERSION, CODE, DESCRIPTION, NAME, OWNER_ACCOUNT_ID, ACTIVE, END_DATE, START_DATE) VALUES (4260, '2019-09-17 00:48:07.119000', '2019-09-17 00:48:07.119000', 1, 'CAT-cfa28cae-b8c6-4942-a409-49aa543ccca1', 'This Bot will be hosted on bhushan website and answer questions of the visitors', 'bkWebsiteBot', 2903, null, null, null);
INSERT INTO CATEGORY (ID, CREATION_DATE, LAST_UPDATE_DATE, VERSION, CODE, DESCRIPTION, NAME, OWNER_ACCOUNT_ID, ACTIVE, END_DATE, START_DATE) VALUES (4263, '2019-12-24 00:33:16.765000', '2019-12-24 00:33:16.765000', 1, 'CAT-ebfc78b9-be9d-40b0-9459-389be076216f', 'testCategory', 'testCategory', 2903, true, '9999-12-31 05:00:00.000000', '2019-12-24 00:33:16.765000');
INSERT INTO CATEGORY (ID, CREATION_DATE, LAST_UPDATE_DATE, VERSION, CODE, DESCRIPTION, NAME, OWNER_ACCOUNT_ID, ACTIVE, END_DATE, START_DATE) VALUES (4295, '2019-12-24 04:54:35.240000', '2019-12-24 04:54:35.240000', 1, 'CAT-hf6BP9DkpjYsq10p8X9m', 'Real Estate Agent - Predefined', 'Real Estate Agent - Predefined', 10, true, '9999-12-31 05:00:00.000000', '2019-12-24 04:54:35.240000');
INSERT INTO CATEGORY (ID, CREATION_DATE, LAST_UPDATE_DATE, VERSION, CODE, DESCRIPTION, NAME, OWNER_ACCOUNT_ID, ACTIVE, END_DATE, START_DATE) VALUES (4296, '2019-12-24 23:02:05.126000', '2019-12-24 23:02:05.126000', 1, 'CAT-QxouhyCG8Mcwe10PUAqM', 'Generic Category - Predefined', 'Generic Category - Predefined', 10, true, '9999-12-31 05:00:00.000000', '2019-12-24 23:02:05.126000');

INSERT INTO LANGUAGE (ID, CREATION_DATE, LAST_UPDATE_DATE, VERSION, CODE, DESCRIPTION, NAME, LOCALE, ACTIVE, END_DATE, START_DATE) VALUES (185, '2019-01-31 20:01:02.815000', '2019-01-31 20:01:02.815000', 1, 'en', 'US English', 'English', 'en_us', null, null, null);
INSERT INTO LANGUAGE (ID, CREATION_DATE, LAST_UPDATE_DATE, VERSION, CODE, DESCRIPTION, NAME, LOCALE, ACTIVE, END_DATE, START_DATE) VALUES (186, '2019-01-31 20:01:02.838000', '2019-01-31 20:01:02.838000', 1, 'mr', 'Indian Marathi', 'Marathi', 'mr_IN', null, null, null);
INSERT INTO LANGUAGE (ID, CREATION_DATE, LAST_UPDATE_DATE, VERSION, CODE, DESCRIPTION, NAME, LOCALE, ACTIVE, END_DATE, START_DATE) VALUES (187, '2019-01-31 20:01:02.838000', '2019-01-31 20:01:02.838000', 1, 'de', 'Deutsh German', 'German', 'de_DE', null, null, null);
INSERT INTO LANGUAGE (ID, CREATION_DATE, LAST_UPDATE_DATE, VERSION, CODE, DESCRIPTION, NAME, LOCALE, ACTIVE, END_DATE, START_DATE) VALUES (188, '2019-01-31 20:01:02.839000', '2019-01-31 20:01:02.839000', 1, 'el', 'Greek', 'Greek', 'el_GR', null, null, null);

INSERT INTO STATUS (ID, CREATION_DATE, LAST_UPDATE_DATE, VERSION, CODE, DESCRIPTION, NAME, ACTIVE, END_DATE, START_DATE) VALUES (189, '2019-01-31 20:11:28.030000', '2019-01-31 20:11:28.030000', 1, 'STOPPED', 'The Bot has been stopped', 'Stopped', null, null, null);
INSERT INTO STATUS (ID, CREATION_DATE, LAST_UPDATE_DATE, VERSION, CODE, DESCRIPTION, NAME, ACTIVE, END_DATE, START_DATE) VALUES (190, '2019-01-31 20:11:28.031000', '2019-01-31 20:11:28.031000', 1, 'DRAFT', 'The Bot in Draft Status', 'Draft', null, null, null);
INSERT INTO STATUS (ID, CREATION_DATE, LAST_UPDATE_DATE, VERSION, CODE, DESCRIPTION, NAME, ACTIVE, END_DATE, START_DATE) VALUES (191, '2019-01-31 20:11:28.031000', '2019-01-31 20:11:28.031000', 1, 'LAUNCHED', 'The Bot in Launched Status', 'Launched', null, null, null);
INSERT INTO STATUS (ID, CREATION_DATE, LAST_UPDATE_DATE, VERSION, CODE, DESCRIPTION, NAME, ACTIVE, END_DATE, START_DATE) VALUES (192, '2019-01-31 20:11:28.042000', '2019-01-31 20:11:28.042000', 1, 'DEV', 'The Bot in Development Status', 'Development', null, null, null);
INSERT INTO STATUS (ID, CREATION_DATE, LAST_UPDATE_DATE, VERSION, CODE, DESCRIPTION, NAME, ACTIVE, END_DATE, START_DATE) VALUES (193, '2019-01-31 20:11:28.042000', '2019-01-31 20:11:28.042000', 1, 'UAT', 'The Bot in UAT Status', 'User Acceptance Testing', null, null, null);
INSERT INTO STATUS (ID, CREATION_DATE, LAST_UPDATE_DATE, VERSION, CODE, DESCRIPTION, NAME, ACTIVE, END_DATE, START_DATE) VALUES (194, '2019-01-31 20:11:28.042000', '2019-01-31 20:11:28.042000', 1, 'LAUNCHING', 'The Bot is being launched', 'Launching', null, null, null);
INSERT INTO STATUS (ID, CREATION_DATE, LAST_UPDATE_DATE, VERSION, CODE, DESCRIPTION, NAME, ACTIVE, END_DATE, START_DATE) VALUES (195, '2019-01-31 20:11:28.042000', '2019-01-31 20:11:28.042000', 1, 'TESTING', 'The Bot is being Tested', 'In Testing', null, null, null);


INSERT INTO ACTION (ID, CREATION_DATE, LAST_UPDATE_DATE, VERSION, CODE, DESCRIPTION, NAME, ACTIVE, END_DATE, START_DATE) VALUES (4123, '2019-08-04 19:02:45.071000', '2019-08-14 19:48:42.939000', 1, 'UPDATE', 'High level Update - part of CRUD', 'Update', null, null, null);
INSERT INTO ACTION (ID, CREATION_DATE, LAST_UPDATE_DATE, VERSION, CODE, DESCRIPTION, NAME, ACTIVE, END_DATE, START_DATE) VALUES (4124, '2019-08-04 19:05:43.894000', '2019-08-04 19:05:43.894000', 1, 'CREATE', 'High level Create - part of CRUD', 'Create', null, null, null);
INSERT INTO ACTION (ID, CREATION_DATE, LAST_UPDATE_DATE, VERSION, CODE, DESCRIPTION, NAME, ACTIVE, END_DATE, START_DATE) VALUES (4125, '2019-08-04 19:06:10.989000', '2019-08-04 19:06:10.989000', 1, 'DELETE', 'High level Delete - part of CRUD', 'Delete', null, null, null);
INSERT INTO ACTION (ID, CREATION_DATE, LAST_UPDATE_DATE, VERSION, CODE, DESCRIPTION, NAME, ACTIVE, END_DATE, START_DATE) VALUES (4126, '2019-08-04 19:06:31.203000', '2019-08-04 19:06:31.203000', 1, 'READ', 'High Level Read - part of CRUD', 'Read', null, null, null);
INSERT INTO ACTION (ID, CREATION_DATE, LAST_UPDATE_DATE, VERSION, CODE, DESCRIPTION, NAME, ACTIVE, END_DATE, START_DATE) VALUES (4127, '2019-08-04 19:09:28.799000', '2019-08-13 20:42:50.342000', 1, 'LAUNCH_BOT', 'Able to launch bots or any other resources', 'Launch', null, null, null);
INSERT INTO ACTION (ID, CREATION_DATE, LAST_UPDATE_DATE, VERSION, CODE, DESCRIPTION, NAME, ACTIVE, END_DATE, START_DATE) VALUES (4158, '2019-08-13 20:35:10.137000', '2019-08-14 19:48:54.999000', 1, 'ACT-cdcd2ebb-d25e-4c57-b137-e6b86104488a', 'Train', 'Train', null, null, null);
INSERT INTO ACTION (ID, CREATION_DATE, LAST_UPDATE_DATE, VERSION, CODE, DESCRIPTION, NAME, ACTIVE, END_DATE, START_DATE) VALUES (4160, '2019-08-13 20:42:17.980000', '2019-08-23 21:05:42.835000', 1, 'ACT-db2ba9bd-d1c8-4eb3-9dc3-5de1e578c142', 'Test12', 'Test12', null, null, null);

INSERT INTO BOT (ID, CREATION_DATE, LAST_UPDATE_DATE, VERSION, DESCRIPTION, DISPLAY_NAME, NAME, TYPE, CATEGORY_ID, OWNER_ACCOUNT_ID, STATUS_ID, ACTIVE, END_DATE, START_DATE) VALUES (196, '2019-01-31 20:33:07.226000', '2019-09-14 01:24:26.803000', 63, 'Event-Bot2', 'EventMgmt-Bot', 'EventMgmt-Bot', 'chat_bot', 4, 2903, 190, null, null, null);
INSERT INTO BOT (ID, CREATION_DATE, LAST_UPDATE_DATE, VERSION, DESCRIPTION, DISPLAY_NAME, NAME, TYPE, CATEGORY_ID, OWNER_ACCOUNT_ID, STATUS_ID, ACTIVE, END_DATE, START_DATE) VALUES (197, '2019-01-31 20:33:28.947000', '2019-01-31 20:33:28.947000', 1, 'Dental-Bot', 'Dental-Bot', 'Dental-Bot', 'chat_bot', 3, 10, 190, null, null, null);
INSERT INTO BOT (ID, CREATION_DATE, LAST_UPDATE_DATE, VERSION, DESCRIPTION, DISPLAY_NAME, NAME, TYPE, CATEGORY_ID, OWNER_ACCOUNT_ID, STATUS_ID, ACTIVE, END_DATE, START_DATE) VALUES (206, '2019-02-06 21:46:03.051000', '2019-02-06 21:46:03.051000', 1, 'Sales Bot', 'Sales Bot', 'Sales Bot', 'chat_bot', 1, 10, 190, null, null, null);
INSERT INTO BOT (ID, CREATION_DATE, LAST_UPDATE_DATE, VERSION, DESCRIPTION, DISPLAY_NAME, NAME, TYPE, CATEGORY_ID, OWNER_ACCOUNT_ID, STATUS_ID, ACTIVE, END_DATE, START_DATE) VALUES (4252, '2019-09-14 00:21:19.626000', '2019-09-14 01:16:56.126000', 5, 'BotEvent2', 'BotEvent2', 'BotEvent2', 'chat_bot', 4, 2903, 195, null, null, null);
INSERT INTO BOT (ID, CREATION_DATE, LAST_UPDATE_DATE, VERSION, DESCRIPTION, DISPLAY_NAME, NAME, TYPE, CATEGORY_ID, OWNER_ACCOUNT_ID, STATUS_ID, ACTIVE, END_DATE, START_DATE) VALUES (4253, '2019-12-26 03:33:15.514000', '2019-12-28 19:02:38.191000', 10, 'TestRestaurantBot 1225', 'TestRestaurantBot 1225', 'TestRestaurantBot 1225', 'chat_bot', 4168, 4286, 195, true, '9999-12-31 05:00:00.000000', '2019-12-26 03:33:15.514000');

INSERT INTO BOT_LANGUAGE (BOT_ID, LANGUAGE_ID) VALUES (196, 185);
INSERT INTO BOT_LANGUAGE (BOT_ID, LANGUAGE_ID) VALUES (197, 185);
INSERT INTO BOT_LANGUAGE (BOT_ID, LANGUAGE_ID) VALUES (206, 185);
INSERT INTO BOT_LANGUAGE (BOT_ID, LANGUAGE_ID) VALUES (4252, 185);
INSERT INTO BOT_LANGUAGE (BOT_ID, LANGUAGE_ID) VALUES (4253, 185);
INSERT INTO BOT_LAUNCHINFO (BOT_ID, LAUNCH_INFO_ID) VALUES (4252, 4258);
INSERT INTO BOT_LAUNCHINFO (BOT_ID, LAUNCH_INFO_ID) VALUES (4253, 4264);

INSERT INTO CHAT_BOT (ID) VALUES (196);
INSERT INTO CHAT_BOT (ID) VALUES (197);
INSERT INTO CHAT_BOT (ID) VALUES (206);
INSERT INTO CHAT_BOT (ID) VALUES (4252);
INSERT INTO CHAT_BOT (ID) VALUES (4253);

INSERT INTO INTENT (ID, CREATION_DATE, LAST_UPDATE_DATE, VERSION, INTENT, INTENT_TYPE, CATEGORY_ID, MAY_BE_INTENT, OWNER_ACCOUNT_ID, ACTIVE, END_DATE, START_DATE, COPY_OF_PREDEFINED_INTENT) VALUES (3529, '2019-03-23 14:02:17.431000', '2019-03-23 16:30:05.633000', 1, 'Hi', 'PREDEFINED', 4, 4124, 10, null, null, null, null);
INSERT INTO INTENT (ID, CREATION_DATE, LAST_UPDATE_DATE, VERSION, INTENT, INTENT_TYPE, CATEGORY_ID, MAY_BE_INTENT, OWNER_ACCOUNT_ID, ACTIVE, END_DATE, START_DATE, COPY_OF_PREDEFINED_INTENT) VALUES (3539, '2019-03-23 14:02:17.464000', '2019-03-23 14:04:39.025000', 1, 'Help', 'PREDEFINED', 4, 4124, 10, null, null, null, null);
INSERT INTO INTENT (ID, CREATION_DATE, LAST_UPDATE_DATE, VERSION, INTENT, INTENT_TYPE, CATEGORY_ID, MAY_BE_INTENT, OWNER_ACCOUNT_ID, ACTIVE, END_DATE, START_DATE, COPY_OF_PREDEFINED_INTENT) VALUES (3544, '2019-03-23 14:02:17.497000', '2019-08-14 20:02:14.307000', 1, 'PerformEventDeleteOne', 'PREDEFINED', 4, 4124, 10, null, null, null, null);
INSERT INTO INTENT (ID, CREATION_DATE, LAST_UPDATE_DATE, VERSION, INTENT, INTENT_TYPE, CATEGORY_ID, MAY_BE_INTENT, OWNER_ACCOUNT_ID, ACTIVE, END_DATE, START_DATE, COPY_OF_PREDEFINED_INTENT) VALUES (3547, '2019-03-23 14:02:17.515000', '2019-03-23 14:02:17.515000', 1, 'HaveLogInIssues', 'PREDEFINED', 4, 4124, 10, null, null, null, null);
INSERT INTO INTENT (ID, CREATION_DATE, LAST_UPDATE_DATE, VERSION, INTENT, INTENT_TYPE, CATEGORY_ID, MAY_BE_INTENT, OWNER_ACCOUNT_ID, ACTIVE, END_DATE, START_DATE, COPY_OF_PREDEFINED_INTENT) VALUES (3577, '2019-03-23 14:02:17.528000', '2019-03-23 14:02:17.528000', 1, 'ThankYou', 'PREDEFINED', 4, 4124, 10, null, null, null, null);
INSERT INTO INTENT (ID, CREATION_DATE, LAST_UPDATE_DATE, VERSION, INTENT, INTENT_TYPE, CATEGORY_ID, MAY_BE_INTENT, OWNER_ACCOUNT_ID, ACTIVE, END_DATE, START_DATE, COPY_OF_PREDEFINED_INTENT) VALUES (3583, '2019-03-23 14:02:17.530000', '2019-03-23 14:02:17.530000', 1, 'EventDeleted', 'PREDEFINED', 4, 4124, 10, null, null, null, null);
INSERT INTO INTENT (ID, CREATION_DATE, LAST_UPDATE_DATE, VERSION, INTENT, INTENT_TYPE, CATEGORY_ID, MAY_BE_INTENT, OWNER_ACCOUNT_ID, ACTIVE, END_DATE, START_DATE, COPY_OF_PREDEFINED_INTENT) VALUES (3586, '2019-03-23 14:02:17.531000', '2019-03-23 14:02:17.531000', 1, 'SearchEvents', 'PREDEFINED', 4, 4124, 10, null, null, null, null);
INSERT INTO INTENT (ID, CREATION_DATE, LAST_UPDATE_DATE, VERSION, INTENT, INTENT_TYPE, CATEGORY_ID, MAY_BE_INTENT, OWNER_ACCOUNT_ID, ACTIVE, END_DATE, START_DATE, COPY_OF_PREDEFINED_INTENT) VALUES (3621, '2019-03-23 14:02:17.558000', '2019-03-23 14:02:17.559000', 1, 'SearchEventsNear', 'PREDEFINED', 4, 4124, 10, null, null, null, null);
INSERT INTO INTENT (ID, CREATION_DATE, LAST_UPDATE_DATE, VERSION, INTENT, INTENT_TYPE, CATEGORY_ID, MAY_BE_INTENT, OWNER_ACCOUNT_ID, ACTIVE, END_DATE, START_DATE, COPY_OF_PREDEFINED_INTENT) VALUES (3687, '2019-03-23 14:02:17.586000', '2019-03-23 14:02:17.586000', 1, 'AddRoles', 'PREDEFINED', 4, 4124, 10, null, null, null, null);
INSERT INTO INTENT (ID, CREATION_DATE, LAST_UPDATE_DATE, VERSION, INTENT, INTENT_TYPE, CATEGORY_ID, MAY_BE_INTENT, OWNER_ACCOUNT_ID, ACTIVE, END_DATE, START_DATE, COPY_OF_PREDEFINED_INTENT) VALUES (3693, '2019-03-23 14:02:17.592000', '2019-03-23 14:02:17.592000', 1, 'HowCanIHelp', 'PREDEFINED', 4, 4124, 10, null, null, null, null);
INSERT INTO INTENT (ID, CREATION_DATE, LAST_UPDATE_DATE, VERSION, INTENT, INTENT_TYPE, CATEGORY_ID, MAY_BE_INTENT, OWNER_ACCOUNT_ID, ACTIVE, END_DATE, START_DATE, COPY_OF_PREDEFINED_INTENT) VALUES (3698, '2019-03-23 14:02:17.594000', '2019-03-23 14:02:17.594000', 1, 'CancelEventDelete', 'PREDEFINED', 4, 4124, 10, null, null, null, null);
INSERT INTO INTENT (ID, CREATION_DATE, LAST_UPDATE_DATE, VERSION, INTENT, INTENT_TYPE, CATEGORY_ID, MAY_BE_INTENT, OWNER_ACCOUNT_ID, ACTIVE, END_DATE, START_DATE, COPY_OF_PREDEFINED_INTENT) VALUES (3701, '2019-03-23 14:02:17.595000', '2019-03-23 14:02:17.595000', 1, 'DeleteEventYesNo', 'PREDEFINED', 4, 4124, 10, null, null, null, null);
INSERT INTO INTENT (ID, CREATION_DATE, LAST_UPDATE_DATE, VERSION, INTENT, INTENT_TYPE, CATEGORY_ID, MAY_BE_INTENT, OWNER_ACCOUNT_ID, ACTIVE, END_DATE, START_DATE, COPY_OF_PREDEFINED_INTENT) VALUES (3705, '2019-03-23 14:02:17.596000', '2019-03-23 14:02:17.596000', 1, 'SearchRoles', 'PREDEFINED', 4, 4124, 10, null, null, null, null);
INSERT INTO INTENT (ID, CREATION_DATE, LAST_UPDATE_DATE, VERSION, INTENT, INTENT_TYPE, CATEGORY_ID, MAY_BE_INTENT, OWNER_ACCOUNT_ID, ACTIVE, END_DATE, START_DATE, COPY_OF_PREDEFINED_INTENT) VALUES (3735, '2019-03-23 14:02:45.251000', '2019-12-20 01:44:43.269000', 1, 'Hi', 'CUSTOM', 4, 4111, 2903, null, null, null, null);
INSERT INTO INTENT (ID, CREATION_DATE, LAST_UPDATE_DATE, VERSION, INTENT, INTENT_TYPE, CATEGORY_ID, MAY_BE_INTENT, OWNER_ACCOUNT_ID, ACTIVE, END_DATE, START_DATE, COPY_OF_PREDEFINED_INTENT) VALUES (3745, '2019-03-23 14:02:45.253000', '2019-06-15 07:50:13.058000', 1, 'Help', 'CUSTOM', 4, 4110, 2903, null, null, null, null);
INSERT INTO INTENT (ID, CREATION_DATE, LAST_UPDATE_DATE, VERSION, INTENT, INTENT_TYPE, CATEGORY_ID, MAY_BE_INTENT, OWNER_ACCOUNT_ID, ACTIVE, END_DATE, START_DATE, COPY_OF_PREDEFINED_INTENT) VALUES (3750, '2019-03-23 14:02:45.254000', '2019-08-14 20:04:43.748000', 1, 'PerformEventDelete', 'CUSTOM', 4, 4112, 2903, null, null, null, null);
INSERT INTO INTENT (ID, CREATION_DATE, LAST_UPDATE_DATE, VERSION, INTENT, INTENT_TYPE, CATEGORY_ID, MAY_BE_INTENT, OWNER_ACCOUNT_ID, ACTIVE, END_DATE, START_DATE, COPY_OF_PREDEFINED_INTENT) VALUES (3753, '2019-03-23 14:02:45.254000', '2019-06-12 17:02:46.574000', 1, 'HaveLogInIssues', 'CUSTOM', 4, 3946, 2903, null, null, null, null);
INSERT INTO INTENT (ID, CREATION_DATE, LAST_UPDATE_DATE, VERSION, INTENT, INTENT_TYPE, CATEGORY_ID, MAY_BE_INTENT, OWNER_ACCOUNT_ID, ACTIVE, END_DATE, START_DATE, COPY_OF_PREDEFINED_INTENT) VALUES (3783, '2019-03-23 14:02:45.258000', '2019-03-23 14:02:45.258000', 1, 'ThankYou', 'CUSTOM', 4, 4113, 2903, null, null, null, null);
INSERT INTO INTENT (ID, CREATION_DATE, LAST_UPDATE_DATE, VERSION, INTENT, INTENT_TYPE, CATEGORY_ID, MAY_BE_INTENT, OWNER_ACCOUNT_ID, ACTIVE, END_DATE, START_DATE, COPY_OF_PREDEFINED_INTENT) VALUES (3789, '2019-03-23 14:02:45.259000', '2019-06-15 07:44:05.885000', 1, 'EventDeleted', 'CUSTOM', 4, 4114, 2903, null, null, null, null);
INSERT INTO INTENT (ID, CREATION_DATE, LAST_UPDATE_DATE, VERSION, INTENT, INTENT_TYPE, CATEGORY_ID, MAY_BE_INTENT, OWNER_ACCOUNT_ID, ACTIVE, END_DATE, START_DATE, COPY_OF_PREDEFINED_INTENT) VALUES (3792, '2019-03-23 14:02:45.260000', '2019-05-30 21:01:18.767000', 1, 'SearchEvents', 'CUSTOM', 4, 4115, 2903, null, null, null, null);
INSERT INTO INTENT (ID, CREATION_DATE, LAST_UPDATE_DATE, VERSION, INTENT, INTENT_TYPE, CATEGORY_ID, MAY_BE_INTENT, OWNER_ACCOUNT_ID, ACTIVE, END_DATE, START_DATE, COPY_OF_PREDEFINED_INTENT) VALUES (3827, '2019-03-23 14:02:45.265000', '2019-05-30 20:23:51.884000', 1, 'SearchEventsNear', 'CUSTOM', 4, 4116, 2903, null, null, null, null);
INSERT INTO INTENT (ID, CREATION_DATE, LAST_UPDATE_DATE, VERSION, INTENT, INTENT_TYPE, CATEGORY_ID, MAY_BE_INTENT, OWNER_ACCOUNT_ID, ACTIVE, END_DATE, START_DATE, COPY_OF_PREDEFINED_INTENT) VALUES (3893, '2019-03-23 14:02:45.280000', '2019-03-23 14:02:45.280000', 1, 'AddRoles', 'CUSTOM', 4, 4117, 2903, null, null, null, null);
INSERT INTO INTENT (ID, CREATION_DATE, LAST_UPDATE_DATE, VERSION, INTENT, INTENT_TYPE, CATEGORY_ID, MAY_BE_INTENT, OWNER_ACCOUNT_ID, ACTIVE, END_DATE, START_DATE, COPY_OF_PREDEFINED_INTENT) VALUES (3899, '2019-03-23 14:02:45.281000', '2019-03-23 14:02:45.281000', 1, 'HowCanIHelp', 'CUSTOM', 4, 4118, 2903, null, null, null, null);
INSERT INTO INTENT (ID, CREATION_DATE, LAST_UPDATE_DATE, VERSION, INTENT, INTENT_TYPE, CATEGORY_ID, MAY_BE_INTENT, OWNER_ACCOUNT_ID, ACTIVE, END_DATE, START_DATE, COPY_OF_PREDEFINED_INTENT) VALUES (3904, '2019-03-23 14:02:45.282000', '2019-03-23 14:02:45.282000', 1, 'CancelEventDelete', 'CUSTOM', 4, 4119, 2903, null, null, null, null);
INSERT INTO INTENT (ID, CREATION_DATE, LAST_UPDATE_DATE, VERSION, INTENT, INTENT_TYPE, CATEGORY_ID, MAY_BE_INTENT, OWNER_ACCOUNT_ID, ACTIVE, END_DATE, START_DATE, COPY_OF_PREDEFINED_INTENT) VALUES (3907, '2019-03-23 14:02:45.283000', '2019-03-23 14:02:45.283000', 1, 'DeleteEventYesNo', 'CUSTOM', 4, 4120, 2903, null, null, null, null);
INSERT INTO INTENT (ID, CREATION_DATE, LAST_UPDATE_DATE, VERSION, INTENT, INTENT_TYPE, CATEGORY_ID, MAY_BE_INTENT, OWNER_ACCOUNT_ID, ACTIVE, END_DATE, START_DATE, COPY_OF_PREDEFINED_INTENT) VALUES (3911, '2019-03-23 14:02:45.283000', '2019-03-23 14:02:45.283000', 1, 'SearchRoles', 'CUSTOM', 4, 4121, 2903, null, null, null, null);
INSERT INTO INTENT (ID, CREATION_DATE, LAST_UPDATE_DATE, VERSION, INTENT, INTENT_TYPE, CATEGORY_ID, MAY_BE_INTENT, OWNER_ACCOUNT_ID, ACTIVE, END_DATE, START_DATE, COPY_OF_PREDEFINED_INTENT) VALUES (3943, '2019-03-28 13:06:51.522000', '2019-08-14 20:06:53.034000', 1, 'DoNotUnderstandIntent', 'CUSTOM', 4, 4122, 2903, null, null, null, null);
INSERT INTO INTENT (ID, CREATION_DATE, LAST_UPDATE_DATE, VERSION, INTENT, INTENT_TYPE, CATEGORY_ID, MAY_BE_INTENT, OWNER_ACCOUNT_ID, ACTIVE, END_DATE, START_DATE, COPY_OF_PREDEFINED_INTENT) VALUES (3946, '2019-03-28 20:46:37.770000', '2019-06-12 17:02:46.570000', 1, 'MaybeHaveLogInIssues', 'MAYBE', 4, null, 2903, null, null, null, null);
INSERT INTO INTENT (ID, CREATION_DATE, LAST_UPDATE_DATE, VERSION, INTENT, INTENT_TYPE, CATEGORY_ID, MAY_BE_INTENT, OWNER_ACCOUNT_ID, ACTIVE, END_DATE, START_DATE, COPY_OF_PREDEFINED_INTENT) VALUES (4073, '2019-05-31 22:19:06.752000', '2019-11-15 17:58:15.599000', 1, 'Initiate', 'CUSTOM', 4, 4123, 2903, null, null, null, null);
INSERT INTO INTENT (ID, CREATION_DATE, LAST_UPDATE_DATE, VERSION, INTENT, INTENT_TYPE, CATEGORY_ID, MAY_BE_INTENT, OWNER_ACCOUNT_ID, ACTIVE, END_DATE, START_DATE, COPY_OF_PREDEFINED_INTENT) VALUES (4080, '2019-06-04 21:06:34.420000', '2019-06-11 12:18:53.558000', 1, 'BuyTicket', 'CUSTOM', 4, 4099, 2903, null, null, null, null);
INSERT INTO INTENT (ID, CREATION_DATE, LAST_UPDATE_DATE, VERSION, INTENT, INTENT_TYPE, CATEGORY_ID, MAY_BE_INTENT, OWNER_ACCOUNT_ID, ACTIVE, END_DATE, START_DATE, COPY_OF_PREDEFINED_INTENT) VALUES (4099, '2019-06-04 21:25:02.307000', '2019-06-11 12:18:53.557000', 1, 'MaybeBuyTicket', 'MAYBE', 4, null, 2903, null, null, null, null);
INSERT INTO INTENT (ID, CREATION_DATE, LAST_UPDATE_DATE, VERSION, INTENT, INTENT_TYPE, CATEGORY_ID, MAY_BE_INTENT, OWNER_ACCOUNT_ID, ACTIVE, END_DATE, START_DATE, COPY_OF_PREDEFINED_INTENT) VALUES (4110, '2019-03-23 14:02:17.464000', '2019-06-15 07:50:13.056000', 1, 'MaybeHelp', 'MAYBE', 4, null, 10, null, null, null, null);
INSERT INTO INTENT (ID, CREATION_DATE, LAST_UPDATE_DATE, VERSION, INTENT, INTENT_TYPE, CATEGORY_ID, MAY_BE_INTENT, OWNER_ACCOUNT_ID, ACTIVE, END_DATE, START_DATE, COPY_OF_PREDEFINED_INTENT) VALUES (4111, '2019-03-23 14:02:45.251000', '2019-12-20 01:44:43.269000', 1, 'MaybeHi', 'MAYBE', 4, null, 2903, null, null, null, null);
INSERT INTO INTENT (ID, CREATION_DATE, LAST_UPDATE_DATE, VERSION, INTENT, INTENT_TYPE, CATEGORY_ID, MAY_BE_INTENT, OWNER_ACCOUNT_ID, ACTIVE, END_DATE, START_DATE, COPY_OF_PREDEFINED_INTENT) VALUES (4112, '2019-03-23 14:02:45.254000', '2019-08-14 20:04:43.748000', 1, 'MaybePerformEventDelete', 'MAYBE', 4, null, 2903, null, null, null, null);
INSERT INTO INTENT (ID, CREATION_DATE, LAST_UPDATE_DATE, VERSION, INTENT, INTENT_TYPE, CATEGORY_ID, MAY_BE_INTENT, OWNER_ACCOUNT_ID, ACTIVE, END_DATE, START_DATE, COPY_OF_PREDEFINED_INTENT) VALUES (4113, '2019-03-23 14:02:45.258000', '2019-03-23 14:02:45.258000', 1, 'MaybeThankYou', 'MAYBE', 4, null, 2903, null, null, null, null);
INSERT INTO INTENT (ID, CREATION_DATE, LAST_UPDATE_DATE, VERSION, INTENT, INTENT_TYPE, CATEGORY_ID, MAY_BE_INTENT, OWNER_ACCOUNT_ID, ACTIVE, END_DATE, START_DATE, COPY_OF_PREDEFINED_INTENT) VALUES (4114, '2019-03-23 14:02:45.259000', '2019-06-15 07:44:05.882000', 1, 'MaybeEventDeleted', 'MAYBE', 4, null, 2903, null, null, null, null);
INSERT INTO INTENT (ID, CREATION_DATE, LAST_UPDATE_DATE, VERSION, INTENT, INTENT_TYPE, CATEGORY_ID, MAY_BE_INTENT, OWNER_ACCOUNT_ID, ACTIVE, END_DATE, START_DATE, COPY_OF_PREDEFINED_INTENT) VALUES (4115, '2019-03-23 14:02:45.260000', '2019-05-30 21:01:18.767000', 1, 'MaybeSearchEvents', 'MAYBE', 4, null, 2903, null, null, null, null);
INSERT INTO INTENT (ID, CREATION_DATE, LAST_UPDATE_DATE, VERSION, INTENT, INTENT_TYPE, CATEGORY_ID, MAY_BE_INTENT, OWNER_ACCOUNT_ID, ACTIVE, END_DATE, START_DATE, COPY_OF_PREDEFINED_INTENT) VALUES (4116, '2019-03-23 14:02:45.265000', '2019-05-30 20:23:51.884000', 1, 'MaybeSearchEventsNear', 'MAYBE', 4, null, 2903, null, null, null, null);
INSERT INTO INTENT (ID, CREATION_DATE, LAST_UPDATE_DATE, VERSION, INTENT, INTENT_TYPE, CATEGORY_ID, MAY_BE_INTENT, OWNER_ACCOUNT_ID, ACTIVE, END_DATE, START_DATE, COPY_OF_PREDEFINED_INTENT) VALUES (4117, '2019-03-23 14:02:45.280000', '2019-03-23 14:02:45.280000', 1, 'MaybeAddRoles', 'MAYBE', 4, null, 2903, null, null, null, null);
INSERT INTO INTENT (ID, CREATION_DATE, LAST_UPDATE_DATE, VERSION, INTENT, INTENT_TYPE, CATEGORY_ID, MAY_BE_INTENT, OWNER_ACCOUNT_ID, ACTIVE, END_DATE, START_DATE, COPY_OF_PREDEFINED_INTENT) VALUES (4118, '2019-03-23 14:02:45.281000', '2019-03-23 14:02:45.281000', 1, 'MaybeHowCanIHelp', 'MAYBE', 4, null, 2903, null, null, null, null);
INSERT INTO INTENT (ID, CREATION_DATE, LAST_UPDATE_DATE, VERSION, INTENT, INTENT_TYPE, CATEGORY_ID, MAY_BE_INTENT, OWNER_ACCOUNT_ID, ACTIVE, END_DATE, START_DATE, COPY_OF_PREDEFINED_INTENT) VALUES (4119, '2019-03-23 14:02:45.282000', '2019-03-23 14:02:45.282000', 1, 'MaybeCancelEventDelete', 'MAYBE', 4, null, 2903, null, null, null, null);
INSERT INTO INTENT (ID, CREATION_DATE, LAST_UPDATE_DATE, VERSION, INTENT, INTENT_TYPE, CATEGORY_ID, MAY_BE_INTENT, OWNER_ACCOUNT_ID, ACTIVE, END_DATE, START_DATE, COPY_OF_PREDEFINED_INTENT) VALUES (4120, '2019-03-23 14:02:45.283000', '2019-03-23 14:02:45.283000', 1, 'MaybeDeleteEventYesNo', 'MAYBE', 4, null, 2903, null, null, null, null);
INSERT INTO INTENT (ID, CREATION_DATE, LAST_UPDATE_DATE, VERSION, INTENT, INTENT_TYPE, CATEGORY_ID, MAY_BE_INTENT, OWNER_ACCOUNT_ID, ACTIVE, END_DATE, START_DATE, COPY_OF_PREDEFINED_INTENT) VALUES (4121, '2019-03-23 14:02:45.283000', '2019-03-23 14:02:45.283000', 1, 'MaybeSearchRoles', 'MAYBE', 4, null, 2903, null, null, null, null);
INSERT INTO INTENT (ID, CREATION_DATE, LAST_UPDATE_DATE, VERSION, INTENT, INTENT_TYPE, CATEGORY_ID, MAY_BE_INTENT, OWNER_ACCOUNT_ID, ACTIVE, END_DATE, START_DATE, COPY_OF_PREDEFINED_INTENT) VALUES (4122, '2019-03-28 13:06:51.522000', '2019-08-14 20:06:53.034000', 1, 'MaybeDoNotUnderstandIntent', 'MAYBE', 4, null, 2903, null, null, null, null);
INSERT INTO INTENT (ID, CREATION_DATE, LAST_UPDATE_DATE, VERSION, INTENT, INTENT_TYPE, CATEGORY_ID, MAY_BE_INTENT, OWNER_ACCOUNT_ID, ACTIVE, END_DATE, START_DATE, COPY_OF_PREDEFINED_INTENT) VALUES (4123, '2019-05-31 22:19:06.752000', '2019-11-15 17:58:15.598000', 1, 'MaybeInitiate', 'MAYBE', 4, null, 2903, null, null, null, null);
INSERT INTO INTENT (ID, CREATION_DATE, LAST_UPDATE_DATE, VERSION, INTENT, INTENT_TYPE, CATEGORY_ID, MAY_BE_INTENT, OWNER_ACCOUNT_ID, ACTIVE, END_DATE, START_DATE, COPY_OF_PREDEFINED_INTENT) VALUES (4124, '2019-03-23 14:02:17.596000', '2019-08-14 20:02:14.307000', 1, 'MaybePredefined', 'MAYBE', 4, null, 10, null, null, null, null);
INSERT INTO INTENT (ID, CREATION_DATE, LAST_UPDATE_DATE, VERSION, INTENT, INTENT_TYPE, CATEGORY_ID, MAY_BE_INTENT, OWNER_ACCOUNT_ID, ACTIVE, END_DATE, START_DATE, COPY_OF_PREDEFINED_INTENT) VALUES (4206, '2019-08-24 14:58:29.416000', '2019-08-25 11:16:15.933000', 1, 'FeaturedRecipes', 'PREDEFINED', 4168, 4207, 10, null, null, null, null);
INSERT INTO INTENT (ID, CREATION_DATE, LAST_UPDATE_DATE, VERSION, INTENT, INTENT_TYPE, CATEGORY_ID, MAY_BE_INTENT, OWNER_ACCOUNT_ID, ACTIVE, END_DATE, START_DATE, COPY_OF_PREDEFINED_INTENT) VALUES (4207, '2019-08-24 14:58:29.425000', '2019-12-27 02:04:33.063000', 1, 'MaybeFeaturedRecipes', 'MAYBE', 4168, null, 10, null, null, null, null);
INSERT INTO INTENT (ID, CREATION_DATE, LAST_UPDATE_DATE, VERSION, INTENT, INTENT_TYPE, CATEGORY_ID, MAY_BE_INTENT, OWNER_ACCOUNT_ID, ACTIVE, END_DATE, START_DATE, COPY_OF_PREDEFINED_INTENT) VALUES (4261, '2019-09-17 00:53:43.696000', '2019-09-17 00:53:43.696000', 1, 'ServicesProvided', 'CUSTOM', 4260, 4262, 2903, null, null, null, null);
INSERT INTO INTENT (ID, CREATION_DATE, LAST_UPDATE_DATE, VERSION, INTENT, INTENT_TYPE, CATEGORY_ID, MAY_BE_INTENT, OWNER_ACCOUNT_ID, ACTIVE, END_DATE, START_DATE, COPY_OF_PREDEFINED_INTENT) VALUES (4262, '2019-09-17 00:53:43.697000', '2019-09-17 00:53:43.697000', 1, 'MaybeServicesProvided', 'MAYBE', 4260, null, 2903, null, null, null, null);
INSERT INTO INTENT (ID, CREATION_DATE, LAST_UPDATE_DATE, VERSION, INTENT, INTENT_TYPE, CATEGORY_ID, MAY_BE_INTENT, OWNER_ACCOUNT_ID, ACTIVE, END_DATE, START_DATE, COPY_OF_PREDEFINED_INTENT) VALUES (4277, '2019-12-25 00:10:11.532000', '2019-12-28 15:37:18.756000', 1, 'MaybeHi', 'MAYBE', 4296, null, 10, true, '9999-12-31 05:00:00.000000', '2019-12-25 00:10:11.532000', null);
INSERT INTO INTENT (ID, CREATION_DATE, LAST_UPDATE_DATE, VERSION, INTENT, INTENT_TYPE, CATEGORY_ID, MAY_BE_INTENT, OWNER_ACCOUNT_ID, ACTIVE, END_DATE, START_DATE, COPY_OF_PREDEFINED_INTENT) VALUES (4278, '2019-12-25 00:10:11.529000', '2019-12-28 15:37:18.756000', 1, 'Hi', 'PREDEFINED', 4296, 4277, 10, true, '9999-12-31 05:00:00.000000', '2019-12-25 00:10:11.529000', null);
INSERT INTO INTENT (ID, CREATION_DATE, LAST_UPDATE_DATE, VERSION, INTENT, INTENT_TYPE, CATEGORY_ID, MAY_BE_INTENT, OWNER_ACCOUNT_ID, ACTIVE, END_DATE, START_DATE, COPY_OF_PREDEFINED_INTENT) VALUES (4279, '2019-12-25 01:25:32.105000', '2019-12-27 01:58:49.801000', 1, 'MaybeNotAbleToLogIn', 'MAYBE', 4296, null, 10, true, '9999-12-31 05:00:00.000000', '2019-12-25 01:25:32.105000', null);
INSERT INTO INTENT (ID, CREATION_DATE, LAST_UPDATE_DATE, VERSION, INTENT, INTENT_TYPE, CATEGORY_ID, MAY_BE_INTENT, OWNER_ACCOUNT_ID, ACTIVE, END_DATE, START_DATE, COPY_OF_PREDEFINED_INTENT) VALUES (4280, '2019-12-25 01:25:32.104000', '2019-12-28 00:00:08.977000', 1, 'NotAbleToLogIn', 'PREDEFINED', 4296, 4279, 10, true, '9999-12-31 05:00:00.000000', '2019-12-25 01:25:32.104000', null);
INSERT INTO INTENT (ID, CREATION_DATE, LAST_UPDATE_DATE, VERSION, INTENT, INTENT_TYPE, CATEGORY_ID, MAY_BE_INTENT, OWNER_ACCOUNT_ID, ACTIVE, END_DATE, START_DATE, COPY_OF_PREDEFINED_INTENT) VALUES (4281, '2019-12-25 16:34:15.722000', '2019-12-27 01:59:56.642000', 1, 'MaybeGetReservations', 'MAYBE', 4168, null, 10, true, '9999-12-31 05:00:00.000000', '2019-12-25 16:34:15.722000', null);
INSERT INTO INTENT (ID, CREATION_DATE, LAST_UPDATE_DATE, VERSION, INTENT, INTENT_TYPE, CATEGORY_ID, MAY_BE_INTENT, OWNER_ACCOUNT_ID, ACTIVE, END_DATE, START_DATE, COPY_OF_PREDEFINED_INTENT) VALUES (4282, '2019-12-25 16:34:15.718000', '2019-12-25 16:34:15.718000', 1, 'GetReservations', 'PREDEFINED', 4168, 4281, 10, true, '9999-12-31 05:00:00.000000', '2019-12-25 16:34:15.718000', null);
INSERT INTO INTENT (ID, CREATION_DATE, LAST_UPDATE_DATE, VERSION, INTENT, INTENT_TYPE, CATEGORY_ID, MAY_BE_INTENT, OWNER_ACCOUNT_ID, ACTIVE, END_DATE, START_DATE, COPY_OF_PREDEFINED_INTENT) VALUES (4283, '2019-12-25 19:13:21.567000', '2019-12-27 04:12:38.317000', 1, 'MaybeHealthScore', 'MAYBE', 4168, null, 10, true, '9999-12-31 05:00:00.000000', '2019-12-25 19:13:21.567000', null);
INSERT INTO INTENT (ID, CREATION_DATE, LAST_UPDATE_DATE, VERSION, INTENT, INTENT_TYPE, CATEGORY_ID, MAY_BE_INTENT, OWNER_ACCOUNT_ID, ACTIVE, END_DATE, START_DATE, COPY_OF_PREDEFINED_INTENT) VALUES (4284, '2019-12-25 19:13:21.559000', '2019-12-25 19:13:21.559000', 1, 'HealthScore', 'PREDEFINED', 4168, 4283, 10, true, '9999-12-31 05:00:00.000000', '2019-12-25 19:13:21.559000', null);
INSERT INTO INTENT (ID, CREATION_DATE, LAST_UPDATE_DATE, VERSION, INTENT, INTENT_TYPE, CATEGORY_ID, MAY_BE_INTENT, OWNER_ACCOUNT_ID, ACTIVE, END_DATE, START_DATE, COPY_OF_PREDEFINED_INTENT) VALUES (4285, '2019-12-25 19:16:12.670000', '2019-12-27 02:00:26.985000', 1, 'MaybeGetDirections', 'MAYBE', 4168, null, 10, true, '9999-12-31 05:00:00.000000', '2019-12-25 19:16:12.670000', null);
INSERT INTO INTENT (ID, CREATION_DATE, LAST_UPDATE_DATE, VERSION, INTENT, INTENT_TYPE, CATEGORY_ID, MAY_BE_INTENT, OWNER_ACCOUNT_ID, ACTIVE, END_DATE, START_DATE, COPY_OF_PREDEFINED_INTENT) VALUES (4286, '2019-12-25 19:16:12.669000', '2019-12-25 19:19:57.947000', 1, 'GetDirections', 'PREDEFINED', 4168, 4285, 10, true, '9999-12-31 05:00:00.000000', '2019-12-25 19:16:12.669000', null);
INSERT INTO INTENT (ID, CREATION_DATE, LAST_UPDATE_DATE, VERSION, INTENT, INTENT_TYPE, CATEGORY_ID, MAY_BE_INTENT, OWNER_ACCOUNT_ID, ACTIVE, END_DATE, START_DATE, COPY_OF_PREDEFINED_INTENT) VALUES (4287, '2019-12-25 19:23:17.571000', '2019-12-27 02:00:44.465000', 1, 'MaybeTodaySpecials', 'MAYBE', 4168, null, 10, true, '9999-12-31 05:00:00.000000', '2019-12-25 19:23:17.571000', null);
INSERT INTO INTENT (ID, CREATION_DATE, LAST_UPDATE_DATE, VERSION, INTENT, INTENT_TYPE, CATEGORY_ID, MAY_BE_INTENT, OWNER_ACCOUNT_ID, ACTIVE, END_DATE, START_DATE, COPY_OF_PREDEFINED_INTENT) VALUES (4288, '2019-12-25 19:23:17.571000', '2019-12-25 19:25:49.659000', 1, 'TodaySpecials', 'PREDEFINED', 4168, 4287, 10, true, '9999-12-31 05:00:00.000000', '2019-12-25 19:23:17.571000', null);
INSERT INTO INTENT (ID, CREATION_DATE, LAST_UPDATE_DATE, VERSION, INTENT, INTENT_TYPE, CATEGORY_ID, MAY_BE_INTENT, OWNER_ACCOUNT_ID, ACTIVE, END_DATE, START_DATE, COPY_OF_PREDEFINED_INTENT) VALUES (4289, '2019-12-25 20:08:48.318000', '2019-12-27 02:03:35.380000', 1, 'MaybeFoodCritiqueReviews', 'MAYBE', 4168, null, 10, true, '9999-12-31 05:00:00.000000', '2019-12-25 20:08:48.318000', null);
INSERT INTO INTENT (ID, CREATION_DATE, LAST_UPDATE_DATE, VERSION, INTENT, INTENT_TYPE, CATEGORY_ID, MAY_BE_INTENT, OWNER_ACCOUNT_ID, ACTIVE, END_DATE, START_DATE, COPY_OF_PREDEFINED_INTENT) VALUES (4290, '2019-12-25 20:08:48.313000', '2019-12-25 20:08:48.313000', 1, 'FoodCritiqueReviews', 'PREDEFINED', 4168, 4289, 10, true, '9999-12-31 05:00:00.000000', '2019-12-25 20:08:48.313000', null);
INSERT INTO INTENT (ID, CREATION_DATE, LAST_UPDATE_DATE, VERSION, INTENT, INTENT_TYPE, CATEGORY_ID, MAY_BE_INTENT, OWNER_ACCOUNT_ID, ACTIVE, END_DATE, START_DATE, COPY_OF_PREDEFINED_INTENT) VALUES (4291, '2019-12-25 20:12:28.366000', '2019-12-27 02:01:33.021000', 1, 'MaybeCancelReservation', 'MAYBE', 4168, null, 10, true, '9999-12-31 05:00:00.000000', '2019-12-25 20:12:28.366000', null);
INSERT INTO INTENT (ID, CREATION_DATE, LAST_UPDATE_DATE, VERSION, INTENT, INTENT_TYPE, CATEGORY_ID, MAY_BE_INTENT, OWNER_ACCOUNT_ID, ACTIVE, END_DATE, START_DATE, COPY_OF_PREDEFINED_INTENT) VALUES (4292, '2019-12-25 20:12:28.366000', '2019-12-25 20:12:28.366000', 1, 'CancelReservation', 'PREDEFINED', 4168, 4291, 10, true, '9999-12-31 05:00:00.000000', '2019-12-25 20:12:28.366000', null);
INSERT INTO INTENT (ID, CREATION_DATE, LAST_UPDATE_DATE, VERSION, INTENT, INTENT_TYPE, CATEGORY_ID, MAY_BE_INTENT, OWNER_ACCOUNT_ID, ACTIVE, END_DATE, START_DATE, COPY_OF_PREDEFINED_INTENT) VALUES (4293, '2019-12-26 00:09:04.376000', '2019-12-27 02:01:52.288000', 1, 'MaybeDoYouDeliver', 'MAYBE', 4168, null, 10, true, '9999-12-31 05:00:00.000000', '2019-12-26 00:09:04.376000', null);
INSERT INTO INTENT (ID, CREATION_DATE, LAST_UPDATE_DATE, VERSION, INTENT, INTENT_TYPE, CATEGORY_ID, MAY_BE_INTENT, OWNER_ACCOUNT_ID, ACTIVE, END_DATE, START_DATE, COPY_OF_PREDEFINED_INTENT) VALUES (4294, '2019-12-26 00:09:04.375000', '2019-12-26 00:09:04.375000', 1, 'DoYouDeliver', 'PREDEFINED', 4168, 4293, 10, true, '9999-12-31 05:00:00.000000', '2019-12-26 00:09:04.375000', null);
INSERT INTO INTENT (ID, CREATION_DATE, LAST_UPDATE_DATE, VERSION, INTENT, INTENT_TYPE, CATEGORY_ID, MAY_BE_INTENT, OWNER_ACCOUNT_ID, ACTIVE, END_DATE, START_DATE, COPY_OF_PREDEFINED_INTENT) VALUES (4295, '2019-12-26 00:12:12.884000', '2019-12-27 02:02:09.569000', 1, 'MaybeCanITakeout', 'MAYBE', 4168, null, 10, true, '9999-12-31 05:00:00.000000', '2019-12-26 00:12:12.884000', null);
INSERT INTO INTENT (ID, CREATION_DATE, LAST_UPDATE_DATE, VERSION, INTENT, INTENT_TYPE, CATEGORY_ID, MAY_BE_INTENT, OWNER_ACCOUNT_ID, ACTIVE, END_DATE, START_DATE, COPY_OF_PREDEFINED_INTENT) VALUES (4296, '2019-12-26 00:12:12.883000', '2019-12-26 00:12:12.883000', 1, 'CanITakeout', 'PREDEFINED', 4168, 4295, 10, true, '9999-12-31 05:00:00.000000', '2019-12-26 00:12:12.883000', null);
INSERT INTO INTENT (ID, CREATION_DATE, LAST_UPDATE_DATE, VERSION, INTENT, INTENT_TYPE, CATEGORY_ID, MAY_BE_INTENT, OWNER_ACCOUNT_ID, ACTIVE, END_DATE, START_DATE, COPY_OF_PREDEFINED_INTENT) VALUES (4297, '2019-12-26 00:15:25.933000', '2019-12-27 02:02:20.570000', 1, 'MaybeVeganFood', 'MAYBE', 4168, null, 10, true, '9999-12-31 05:00:00.000000', '2019-12-26 00:15:25.933000', null);
INSERT INTO INTENT (ID, CREATION_DATE, LAST_UPDATE_DATE, VERSION, INTENT, INTENT_TYPE, CATEGORY_ID, MAY_BE_INTENT, OWNER_ACCOUNT_ID, ACTIVE, END_DATE, START_DATE, COPY_OF_PREDEFINED_INTENT) VALUES (4298, '2019-12-26 00:15:25.932000', '2019-12-26 00:15:25.932000', 1, 'VeganFood', 'PREDEFINED', 4168, 4297, 10, true, '9999-12-31 05:00:00.000000', '2019-12-26 00:15:25.932000', null);
INSERT INTO INTENT (ID, CREATION_DATE, LAST_UPDATE_DATE, VERSION, INTENT, INTENT_TYPE, CATEGORY_ID, MAY_BE_INTENT, OWNER_ACCOUNT_ID, ACTIVE, END_DATE, START_DATE, COPY_OF_PREDEFINED_INTENT) VALUES (4299, '2019-12-26 00:26:42.116000', '2019-12-27 02:02:34.301000', 1, 'MaybeNutFreeFood', 'MAYBE', 4168, null, 10, true, '9999-12-31 05:00:00.000000', '2019-12-26 00:26:42.116000', null);
INSERT INTO INTENT (ID, CREATION_DATE, LAST_UPDATE_DATE, VERSION, INTENT, INTENT_TYPE, CATEGORY_ID, MAY_BE_INTENT, OWNER_ACCOUNT_ID, ACTIVE, END_DATE, START_DATE, COPY_OF_PREDEFINED_INTENT) VALUES (4300, '2019-12-26 00:26:42.116000', '2019-12-26 00:26:42.116000', 1, 'NutFreeFood', 'PREDEFINED', 4168, 4299, 10, true, '9999-12-31 05:00:00.000000', '2019-12-26 00:26:42.116000', null);
INSERT INTO INTENT (ID, CREATION_DATE, LAST_UPDATE_DATE, VERSION, INTENT, INTENT_TYPE, CATEGORY_ID, MAY_BE_INTENT, OWNER_ACCOUNT_ID, ACTIVE, END_DATE, START_DATE, COPY_OF_PREDEFINED_INTENT) VALUES (4301, '2019-12-26 00:31:40.730000', '2019-12-28 15:39:03.625000', 1, 'MaybeInitiate', 'MAYBE', 4168, null, 10, true, '9999-12-31 05:00:00.000000', '2019-12-26 00:31:40.730000', null);
INSERT INTO INTENT (ID, CREATION_DATE, LAST_UPDATE_DATE, VERSION, INTENT, INTENT_TYPE, CATEGORY_ID, MAY_BE_INTENT, OWNER_ACCOUNT_ID, ACTIVE, END_DATE, START_DATE, COPY_OF_PREDEFINED_INTENT) VALUES (4302, '2019-12-26 00:31:40.730000', '2019-12-28 15:39:03.625000', 1, 'Initiate', 'PREDEFINED', 4168, 4301, 10, true, '9999-12-31 05:00:00.000000', '2019-12-26 00:31:40.730000', null);
INSERT INTO INTENT (ID, CREATION_DATE, LAST_UPDATE_DATE, VERSION, INTENT, INTENT_TYPE, CATEGORY_ID, MAY_BE_INTENT, OWNER_ACCOUNT_ID, ACTIVE, END_DATE, START_DATE, COPY_OF_PREDEFINED_INTENT) VALUES (4361, '2019-12-27 02:15:30.895000', '2019-12-27 02:15:30.895000', 1, 'MaybeDoNotUnderstandIntent', 'MAYBE', 4296, null, 10, true, '9999-12-31 05:00:00.000000', '2019-12-27 02:15:30.895000', null);
INSERT INTO INTENT (ID, CREATION_DATE, LAST_UPDATE_DATE, VERSION, INTENT, INTENT_TYPE, CATEGORY_ID, MAY_BE_INTENT, OWNER_ACCOUNT_ID, ACTIVE, END_DATE, START_DATE, COPY_OF_PREDEFINED_INTENT) VALUES (4362, '2019-12-27 02:15:30.895000', '2019-12-27 23:59:26.587000', 1, 'DoNotUnderstandIntent', 'PREDEFINED', 4296, 4361, 10, true, '9999-12-31 05:00:00.000000', '2019-12-27 02:15:30.895000', null);
INSERT INTO INTENT (ID, CREATION_DATE, LAST_UPDATE_DATE, VERSION, INTENT, INTENT_TYPE, CATEGORY_ID, MAY_BE_INTENT, OWNER_ACCOUNT_ID, ACTIVE, END_DATE, START_DATE, COPY_OF_PREDEFINED_INTENT) VALUES (4447, '2019-12-28 15:40:14.468000', '2019-12-28 15:40:14.468000', 1, 'MaybeHi', 'MAYBE', 4168, null, 4286, true, '9999-12-31 05:00:00.000000', '2019-12-28 15:40:14.468000', 4277);
INSERT INTO INTENT (ID, CREATION_DATE, LAST_UPDATE_DATE, VERSION, INTENT, INTENT_TYPE, CATEGORY_ID, MAY_BE_INTENT, OWNER_ACCOUNT_ID, ACTIVE, END_DATE, START_DATE, COPY_OF_PREDEFINED_INTENT) VALUES (4448, '2019-12-28 15:40:14.468000', '2019-12-28 15:40:14.468000', 1, 'Hi', 'CUSTOM', 4168, 4447, 4286, true, '9999-12-31 05:00:00.000000', '2019-12-28 15:40:14.468000', 4278);
INSERT INTO INTENT (ID, CREATION_DATE, LAST_UPDATE_DATE, VERSION, INTENT, INTENT_TYPE, CATEGORY_ID, MAY_BE_INTENT, OWNER_ACCOUNT_ID, ACTIVE, END_DATE, START_DATE, COPY_OF_PREDEFINED_INTENT) VALUES (4449, '2019-12-28 15:40:14.474000', '2019-12-28 15:40:14.474000', 1, 'MaybeNotAbleToLogIn', 'MAYBE', 4168, null, 4286, true, '9999-12-31 05:00:00.000000', '2019-12-28 15:40:14.474000', 4279);
INSERT INTO INTENT (ID, CREATION_DATE, LAST_UPDATE_DATE, VERSION, INTENT, INTENT_TYPE, CATEGORY_ID, MAY_BE_INTENT, OWNER_ACCOUNT_ID, ACTIVE, END_DATE, START_DATE, COPY_OF_PREDEFINED_INTENT) VALUES (4450, '2019-12-28 15:40:14.474000', '2019-12-28 15:40:14.474000', 1, 'NotAbleToLogIn', 'CUSTOM', 4168, 4449, 4286, true, '9999-12-31 05:00:00.000000', '2019-12-28 15:40:14.474000', 4280);
INSERT INTO INTENT (ID, CREATION_DATE, LAST_UPDATE_DATE, VERSION, INTENT, INTENT_TYPE, CATEGORY_ID, MAY_BE_INTENT, OWNER_ACCOUNT_ID, ACTIVE, END_DATE, START_DATE, COPY_OF_PREDEFINED_INTENT) VALUES (4451, '2019-12-28 15:40:14.483000', '2019-12-28 15:40:14.483000', 1, 'MaybeDoNotUnderstandIntent', 'MAYBE', 4168, null, 4286, true, '9999-12-31 05:00:00.000000', '2019-12-28 15:40:14.483000', 4361);
INSERT INTO INTENT (ID, CREATION_DATE, LAST_UPDATE_DATE, VERSION, INTENT, INTENT_TYPE, CATEGORY_ID, MAY_BE_INTENT, OWNER_ACCOUNT_ID, ACTIVE, END_DATE, START_DATE, COPY_OF_PREDEFINED_INTENT) VALUES (4452, '2019-12-28 15:40:14.483000', '2019-12-28 15:40:14.483000', 1, 'DoNotUnderstandIntent', 'CUSTOM', 4168, 4451, 4286, true, '9999-12-31 05:00:00.000000', '2019-12-28 15:40:14.483000', 4362);
INSERT INTO INTENT (ID, CREATION_DATE, LAST_UPDATE_DATE, VERSION, INTENT, INTENT_TYPE, CATEGORY_ID, MAY_BE_INTENT, OWNER_ACCOUNT_ID, ACTIVE, END_DATE, START_DATE, COPY_OF_PREDEFINED_INTENT) VALUES (4453, '2019-12-28 15:40:14.486000', '2019-12-28 15:40:14.486000', 1, 'MaybeFeaturedRecipes', 'MAYBE', 4168, null, 4286, true, '9999-12-31 05:00:00.000000', '2019-12-28 15:40:14.486000', 4207);
INSERT INTO INTENT (ID, CREATION_DATE, LAST_UPDATE_DATE, VERSION, INTENT, INTENT_TYPE, CATEGORY_ID, MAY_BE_INTENT, OWNER_ACCOUNT_ID, ACTIVE, END_DATE, START_DATE, COPY_OF_PREDEFINED_INTENT) VALUES (4454, '2019-12-28 15:40:14.486000', '2019-12-28 15:40:14.486000', 1, 'FeaturedRecipes', 'CUSTOM', 4168, 4453, 4286, true, '9999-12-31 05:00:00.000000', '2019-12-28 15:40:14.486000', 4206);
INSERT INTO INTENT (ID, CREATION_DATE, LAST_UPDATE_DATE, VERSION, INTENT, INTENT_TYPE, CATEGORY_ID, MAY_BE_INTENT, OWNER_ACCOUNT_ID, ACTIVE, END_DATE, START_DATE, COPY_OF_PREDEFINED_INTENT) VALUES (4455, '2019-12-28 15:40:14.494000', '2019-12-29 04:08:20.251000', 1, 'MaybeGetReservations', 'MAYBE', 4168, null, 4286, true, '9999-12-31 05:00:00.000000', '2019-12-28 15:40:14.494000', 4281);
INSERT INTO INTENT (ID, CREATION_DATE, LAST_UPDATE_DATE, VERSION, INTENT, INTENT_TYPE, CATEGORY_ID, MAY_BE_INTENT, OWNER_ACCOUNT_ID, ACTIVE, END_DATE, START_DATE, COPY_OF_PREDEFINED_INTENT) VALUES (4456, '2019-12-28 15:40:14.493000', '2019-12-29 04:08:20.256000', 1, 'GetReservations', 'CUSTOM', 4168, 4455, 4286, true, '9999-12-31 05:00:00.000000', '2019-12-28 15:40:14.493000', 4282);
INSERT INTO INTENT (ID, CREATION_DATE, LAST_UPDATE_DATE, VERSION, INTENT, INTENT_TYPE, CATEGORY_ID, MAY_BE_INTENT, OWNER_ACCOUNT_ID, ACTIVE, END_DATE, START_DATE, COPY_OF_PREDEFINED_INTENT) VALUES (4457, '2019-12-28 15:40:14.497000', '2019-12-30 02:11:51.114000', 1, 'MaybeHealthScore', 'MAYBE', 4168, null, 4286, true, '9999-12-31 05:00:00.000000', '2019-12-28 15:40:14.497000', 4283);
INSERT INTO INTENT (ID, CREATION_DATE, LAST_UPDATE_DATE, VERSION, INTENT, INTENT_TYPE, CATEGORY_ID, MAY_BE_INTENT, OWNER_ACCOUNT_ID, ACTIVE, END_DATE, START_DATE, COPY_OF_PREDEFINED_INTENT) VALUES (4458, '2019-12-28 15:40:14.497000', '2019-12-30 02:11:51.114000', 1, 'HealthScore', 'CUSTOM', 4168, 4457, 4286, true, '9999-12-31 05:00:00.000000', '2019-12-28 15:40:14.497000', 4284);
INSERT INTO INTENT (ID, CREATION_DATE, LAST_UPDATE_DATE, VERSION, INTENT, INTENT_TYPE, CATEGORY_ID, MAY_BE_INTENT, OWNER_ACCOUNT_ID, ACTIVE, END_DATE, START_DATE, COPY_OF_PREDEFINED_INTENT) VALUES (4459, '2019-12-28 15:40:14.502000', '2019-12-28 15:40:14.502000', 1, 'MaybeGetDirections', 'MAYBE', 4168, null, 4286, true, '9999-12-31 05:00:00.000000', '2019-12-28 15:40:14.502000', 4285);
INSERT INTO INTENT (ID, CREATION_DATE, LAST_UPDATE_DATE, VERSION, INTENT, INTENT_TYPE, CATEGORY_ID, MAY_BE_INTENT, OWNER_ACCOUNT_ID, ACTIVE, END_DATE, START_DATE, COPY_OF_PREDEFINED_INTENT) VALUES (4460, '2019-12-28 15:40:14.502000', '2019-12-28 15:40:14.502000', 1, 'GetDirections', 'CUSTOM', 4168, 4459, 4286, true, '9999-12-31 05:00:00.000000', '2019-12-28 15:40:14.502000', 4286);
INSERT INTO INTENT (ID, CREATION_DATE, LAST_UPDATE_DATE, VERSION, INTENT, INTENT_TYPE, CATEGORY_ID, MAY_BE_INTENT, OWNER_ACCOUNT_ID, ACTIVE, END_DATE, START_DATE, COPY_OF_PREDEFINED_INTENT) VALUES (4461, '2019-12-28 15:40:14.507000', '2019-12-29 03:41:32.482000', 1, 'MaybeTodaySpecials', 'MAYBE', 4168, null, 4286, true, '9999-12-31 05:00:00.000000', '2019-12-28 15:40:14.507000', 4287);
INSERT INTO INTENT (ID, CREATION_DATE, LAST_UPDATE_DATE, VERSION, INTENT, INTENT_TYPE, CATEGORY_ID, MAY_BE_INTENT, OWNER_ACCOUNT_ID, ACTIVE, END_DATE, START_DATE, COPY_OF_PREDEFINED_INTENT) VALUES (4462, '2019-12-28 15:40:14.507000', '2019-12-29 03:41:32.482000', 1, 'TodaySpecials', 'CUSTOM', 4168, 4461, 4286, true, '9999-12-31 05:00:00.000000', '2019-12-28 15:40:14.507000', 4288);
INSERT INTO INTENT (ID, CREATION_DATE, LAST_UPDATE_DATE, VERSION, INTENT, INTENT_TYPE, CATEGORY_ID, MAY_BE_INTENT, OWNER_ACCOUNT_ID, ACTIVE, END_DATE, START_DATE, COPY_OF_PREDEFINED_INTENT) VALUES (4463, '2019-12-28 15:40:14.513000', '2019-12-28 15:40:14.513000', 1, 'MaybeFoodCritiqueReviews', 'MAYBE', 4168, null, 4286, true, '9999-12-31 05:00:00.000000', '2019-12-28 15:40:14.513000', 4289);
INSERT INTO INTENT (ID, CREATION_DATE, LAST_UPDATE_DATE, VERSION, INTENT, INTENT_TYPE, CATEGORY_ID, MAY_BE_INTENT, OWNER_ACCOUNT_ID, ACTIVE, END_DATE, START_DATE, COPY_OF_PREDEFINED_INTENT) VALUES (4464, '2019-12-28 15:40:14.513000', '2019-12-28 15:40:14.513000', 1, 'FoodCritiqueReviews', 'CUSTOM', 4168, 4463, 4286, true, '9999-12-31 05:00:00.000000', '2019-12-28 15:40:14.513000', 4290);
INSERT INTO INTENT (ID, CREATION_DATE, LAST_UPDATE_DATE, VERSION, INTENT, INTENT_TYPE, CATEGORY_ID, MAY_BE_INTENT, OWNER_ACCOUNT_ID, ACTIVE, END_DATE, START_DATE, COPY_OF_PREDEFINED_INTENT) VALUES (4465, '2019-12-28 15:40:14.516000', '2019-12-28 18:56:55.507000', 1, 'MaybeCancelReservation', 'MAYBE', 4168, null, 4286, true, '9999-12-31 05:00:00.000000', '2019-12-28 15:40:14.516000', 4291);
INSERT INTO INTENT (ID, CREATION_DATE, LAST_UPDATE_DATE, VERSION, INTENT, INTENT_TYPE, CATEGORY_ID, MAY_BE_INTENT, OWNER_ACCOUNT_ID, ACTIVE, END_DATE, START_DATE, COPY_OF_PREDEFINED_INTENT) VALUES (4466, '2019-12-28 15:40:14.516000', '2019-12-28 18:56:55.507000', 1, 'CancelReservation', 'CUSTOM', 4168, 4465, 4286, true, '9999-12-31 05:00:00.000000', '2019-12-28 15:40:14.516000', 4292);
INSERT INTO INTENT (ID, CREATION_DATE, LAST_UPDATE_DATE, VERSION, INTENT, INTENT_TYPE, CATEGORY_ID, MAY_BE_INTENT, OWNER_ACCOUNT_ID, ACTIVE, END_DATE, START_DATE, COPY_OF_PREDEFINED_INTENT) VALUES (4467, '2019-12-28 15:40:14.523000', '2019-12-28 15:40:14.523000', 1, 'MaybeDoYouDeliver', 'MAYBE', 4168, null, 4286, true, '9999-12-31 05:00:00.000000', '2019-12-28 15:40:14.523000', 4293);
INSERT INTO INTENT (ID, CREATION_DATE, LAST_UPDATE_DATE, VERSION, INTENT, INTENT_TYPE, CATEGORY_ID, MAY_BE_INTENT, OWNER_ACCOUNT_ID, ACTIVE, END_DATE, START_DATE, COPY_OF_PREDEFINED_INTENT) VALUES (4468, '2019-12-28 15:40:14.523000', '2019-12-28 15:40:14.523000', 1, 'DoYouDeliver', 'CUSTOM', 4168, 4467, 4286, true, '9999-12-31 05:00:00.000000', '2019-12-28 15:40:14.523000', 4294);
INSERT INTO INTENT (ID, CREATION_DATE, LAST_UPDATE_DATE, VERSION, INTENT, INTENT_TYPE, CATEGORY_ID, MAY_BE_INTENT, OWNER_ACCOUNT_ID, ACTIVE, END_DATE, START_DATE, COPY_OF_PREDEFINED_INTENT) VALUES (4469, '2019-12-28 15:40:14.532000', '2019-12-28 15:40:14.532000', 1, 'MaybeCanITakeout', 'MAYBE', 4168, null, 4286, true, '9999-12-31 05:00:00.000000', '2019-12-28 15:40:14.532000', 4295);
INSERT INTO INTENT (ID, CREATION_DATE, LAST_UPDATE_DATE, VERSION, INTENT, INTENT_TYPE, CATEGORY_ID, MAY_BE_INTENT, OWNER_ACCOUNT_ID, ACTIVE, END_DATE, START_DATE, COPY_OF_PREDEFINED_INTENT) VALUES (4470, '2019-12-28 15:40:14.532000', '2019-12-28 15:40:14.532000', 1, 'CanITakeout', 'CUSTOM', 4168, 4469, 4286, true, '9999-12-31 05:00:00.000000', '2019-12-28 15:40:14.532000', 4296);
INSERT INTO INTENT (ID, CREATION_DATE, LAST_UPDATE_DATE, VERSION, INTENT, INTENT_TYPE, CATEGORY_ID, MAY_BE_INTENT, OWNER_ACCOUNT_ID, ACTIVE, END_DATE, START_DATE, COPY_OF_PREDEFINED_INTENT) VALUES (4471, '2019-12-28 15:40:14.537000', '2019-12-28 15:40:14.537000', 1, 'MaybeVeganFood', 'MAYBE', 4168, null, 4286, true, '9999-12-31 05:00:00.000000', '2019-12-28 15:40:14.537000', 4297);
INSERT INTO INTENT (ID, CREATION_DATE, LAST_UPDATE_DATE, VERSION, INTENT, INTENT_TYPE, CATEGORY_ID, MAY_BE_INTENT, OWNER_ACCOUNT_ID, ACTIVE, END_DATE, START_DATE, COPY_OF_PREDEFINED_INTENT) VALUES (4472, '2019-12-28 15:40:14.537000', '2019-12-28 15:40:14.537000', 1, 'VeganFood', 'CUSTOM', 4168, 4471, 4286, true, '9999-12-31 05:00:00.000000', '2019-12-28 15:40:14.537000', 4298);
INSERT INTO INTENT (ID, CREATION_DATE, LAST_UPDATE_DATE, VERSION, INTENT, INTENT_TYPE, CATEGORY_ID, MAY_BE_INTENT, OWNER_ACCOUNT_ID, ACTIVE, END_DATE, START_DATE, COPY_OF_PREDEFINED_INTENT) VALUES (4473, '2019-12-28 15:40:14.543000', '2019-12-28 15:40:14.543000', 1, 'MaybeNutFreeFood', 'MAYBE', 4168, null, 4286, true, '9999-12-31 05:00:00.000000', '2019-12-28 15:40:14.543000', 4299);
INSERT INTO INTENT (ID, CREATION_DATE, LAST_UPDATE_DATE, VERSION, INTENT, INTENT_TYPE, CATEGORY_ID, MAY_BE_INTENT, OWNER_ACCOUNT_ID, ACTIVE, END_DATE, START_DATE, COPY_OF_PREDEFINED_INTENT) VALUES (4474, '2019-12-28 15:40:14.543000', '2019-12-28 15:40:14.543000', 1, 'NutFreeFood', 'CUSTOM', 4168, 4473, 4286, true, '9999-12-31 05:00:00.000000', '2019-12-28 15:40:14.543000', 4300);
INSERT INTO INTENT (ID, CREATION_DATE, LAST_UPDATE_DATE, VERSION, INTENT, INTENT_TYPE, CATEGORY_ID, MAY_BE_INTENT, OWNER_ACCOUNT_ID, ACTIVE, END_DATE, START_DATE, COPY_OF_PREDEFINED_INTENT) VALUES (4475, '2019-12-28 15:40:14.552000', '2019-12-28 15:40:14.552000', 1, 'MaybeInitiate', 'MAYBE', 4168, null, 4286, true, '9999-12-31 05:00:00.000000', '2019-12-28 15:40:14.552000', 4301);
INSERT INTO INTENT (ID, CREATION_DATE, LAST_UPDATE_DATE, VERSION, INTENT, INTENT_TYPE, CATEGORY_ID, MAY_BE_INTENT, OWNER_ACCOUNT_ID, ACTIVE, END_DATE, START_DATE, COPY_OF_PREDEFINED_INTENT) VALUES (4476, '2019-12-28 15:40:14.551000', '2019-12-28 15:40:14.551000', 1, 'Initiate', 'CUSTOM', 4168, 4475, 4286, true, '9999-12-31 05:00:00.000000', '2019-12-28 15:40:14.551000', 4302);

INSERT INTO INTENT_RESPONSE (ID, CREATION_DATE, LAST_UPDATE_DATE, VERSION, LOCALE, RESPONSE, RESPONSE_TYPE, OWNER_INTENT_ID, ACTIVE, END_DATE, START_DATE) VALUES (3530, '2019-03-23 14:02:17.458000', '2019-03-23 16:30:05.633000', 1, 'en', 'hello', 'STATIC', 3529, null, null, null);
INSERT INTO INTENT_RESPONSE (ID, CREATION_DATE, LAST_UPDATE_DATE, VERSION, LOCALE, RESPONSE, RESPONSE_TYPE, OWNER_INTENT_ID, ACTIVE, END_DATE, START_DATE) VALUES (3540, '2019-03-23 14:02:17.465000', '2019-03-23 14:04:39.025000', 1, 'en', 'help', 'STATIC', 3539, null, null, null);
INSERT INTO INTENT_RESPONSE (ID, CREATION_DATE, LAST_UPDATE_DATE, VERSION, LOCALE, RESPONSE, RESPONSE_TYPE, OWNER_INTENT_ID, ACTIVE, END_DATE, START_DATE) VALUES (3545, '2019-03-23 14:02:17.502000', '2019-08-14 20:02:14.308000', 1, 'en', 'perform event delete', 'STATIC', 3544, null, null, null);
INSERT INTO INTENT_RESPONSE (ID, CREATION_DATE, LAST_UPDATE_DATE, VERSION, LOCALE, RESPONSE, RESPONSE_TYPE, OWNER_INTENT_ID, ACTIVE, END_DATE, START_DATE) VALUES (3548, '2019-03-23 14:02:17.515000', '2019-03-23 14:02:17.515000', 1, 'en', 'have log in issues', 'STATIC', 3547, null, null, null);
INSERT INTO INTENT_RESPONSE (ID, CREATION_DATE, LAST_UPDATE_DATE, VERSION, LOCALE, RESPONSE, RESPONSE_TYPE, OWNER_INTENT_ID, ACTIVE, END_DATE, START_DATE) VALUES (3578, '2019-03-23 14:02:17.529000', '2019-03-23 14:02:17.529000', 1, 'en', 'thanks', 'STATIC', 3577, null, null, null);
INSERT INTO INTENT_RESPONSE (ID, CREATION_DATE, LAST_UPDATE_DATE, VERSION, LOCALE, RESPONSE, RESPONSE_TYPE, OWNER_INTENT_ID, ACTIVE, END_DATE, START_DATE) VALUES (3584, '2019-03-23 14:02:17.530000', '2019-03-23 14:02:17.530000', 1, 'en', 'event delete complete', 'STATIC', 3583, null, null, null);
INSERT INTO INTENT_RESPONSE (ID, CREATION_DATE, LAST_UPDATE_DATE, VERSION, LOCALE, RESPONSE, RESPONSE_TYPE, OWNER_INTENT_ID, ACTIVE, END_DATE, START_DATE) VALUES (3587, '2019-03-23 14:02:17.532000', '2019-03-23 14:02:17.532000', 1, 'en', 'search for events', 'STATIC', 3586, null, null, null);
INSERT INTO INTENT_RESPONSE (ID, CREATION_DATE, LAST_UPDATE_DATE, VERSION, LOCALE, RESPONSE, RESPONSE_TYPE, OWNER_INTENT_ID, ACTIVE, END_DATE, START_DATE) VALUES (3622, '2019-03-23 14:02:17.560000', '2019-03-23 14:02:17.560000', 1, 'en', 'search for events near', 'STATIC', 3621, null, null, null);
INSERT INTO INTENT_RESPONSE (ID, CREATION_DATE, LAST_UPDATE_DATE, VERSION, LOCALE, RESPONSE, RESPONSE_TYPE, OWNER_INTENT_ID, ACTIVE, END_DATE, START_DATE) VALUES (3688, '2019-03-23 14:02:17.586000', '2019-03-23 14:02:17.586000', 1, 'en', 'roles created', 'STATIC', 3687, null, null, null);
INSERT INTO INTENT_RESPONSE (ID, CREATION_DATE, LAST_UPDATE_DATE, VERSION, LOCALE, RESPONSE, RESPONSE_TYPE, OWNER_INTENT_ID, ACTIVE, END_DATE, START_DATE) VALUES (3694, '2019-03-23 14:02:17.592000', '2019-03-23 14:02:17.592000', 1, 'en', 'good and you', 'STATIC', 3693, null, null, null);
INSERT INTO INTENT_RESPONSE (ID, CREATION_DATE, LAST_UPDATE_DATE, VERSION, LOCALE, RESPONSE, RESPONSE_TYPE, OWNER_INTENT_ID, ACTIVE, END_DATE, START_DATE) VALUES (3699, '2019-03-23 14:02:17.594000', '2019-03-23 14:02:17.594000', 1, 'en', 'cancel delete event', 'STATIC', 3698, null, null, null);
INSERT INTO INTENT_RESPONSE (ID, CREATION_DATE, LAST_UPDATE_DATE, VERSION, LOCALE, RESPONSE, RESPONSE_TYPE, OWNER_INTENT_ID, ACTIVE, END_DATE, START_DATE) VALUES (3702, '2019-03-23 14:02:17.595000', '2019-03-23 14:02:17.595000', 1, 'en', 'delete event', 'STATIC', 3701, null, null, null);
INSERT INTO INTENT_RESPONSE (ID, CREATION_DATE, LAST_UPDATE_DATE, VERSION, LOCALE, RESPONSE, RESPONSE_TYPE, OWNER_INTENT_ID, ACTIVE, END_DATE, START_DATE) VALUES (3706, '2019-03-23 14:02:17.597000', '2019-03-23 14:02:17.597000', 1, 'en', 'search roles', 'STATIC', 3705, null, null, null);
INSERT INTO INTENT_RESPONSE (ID, CREATION_DATE, LAST_UPDATE_DATE, VERSION, LOCALE, RESPONSE, RESPONSE_TYPE, OWNER_INTENT_ID, ACTIVE, END_DATE, START_DATE) VALUES (3736, '2019-03-23 14:02:45.252000', '2019-12-20 01:44:43.269000', 1, 'en', 'hello 232323233', 'STATIC', 3735, null, null, null);
INSERT INTO INTENT_RESPONSE (ID, CREATION_DATE, LAST_UPDATE_DATE, VERSION, LOCALE, RESPONSE, RESPONSE_TYPE, OWNER_INTENT_ID, ACTIVE, END_DATE, START_DATE) VALUES (3746, '2019-03-23 14:02:45.253000', '2019-06-15 07:50:13.059000', 1, 'en', 'help', 'STATIC', 3745, null, null, null);
INSERT INTO INTENT_RESPONSE (ID, CREATION_DATE, LAST_UPDATE_DATE, VERSION, LOCALE, RESPONSE, RESPONSE_TYPE, OWNER_INTENT_ID, ACTIVE, END_DATE, START_DATE) VALUES (3751, '2019-03-23 14:02:45.254000', '2019-08-14 20:04:43.748000', 1, 'en', 'perform event delete', 'STATIC', 3750, null, null, null);
INSERT INTO INTENT_RESPONSE (ID, CREATION_DATE, LAST_UPDATE_DATE, VERSION, LOCALE, RESPONSE, RESPONSE_TYPE, OWNER_INTENT_ID, ACTIVE, END_DATE, START_DATE) VALUES (3754, '2019-03-23 14:02:45.255000', '2019-06-12 17:02:46.575000', 1, 'en', 'have log in issues', 'STATIC', 3753, null, null, null);
INSERT INTO INTENT_RESPONSE (ID, CREATION_DATE, LAST_UPDATE_DATE, VERSION, LOCALE, RESPONSE, RESPONSE_TYPE, OWNER_INTENT_ID, ACTIVE, END_DATE, START_DATE) VALUES (3784, '2019-03-23 14:02:45.258000', '2019-03-23 14:02:45.258000', 1, 'en', 'thanks', 'STATIC', 3783, null, null, null);
INSERT INTO INTENT_RESPONSE (ID, CREATION_DATE, LAST_UPDATE_DATE, VERSION, LOCALE, RESPONSE, RESPONSE_TYPE, OWNER_INTENT_ID, ACTIVE, END_DATE, START_DATE) VALUES (3790, '2019-03-23 14:02:45.260000', '2019-06-15 07:44:05.885000', 1, 'en', 'event delete complete', 'STATIC', 3789, null, null, null);
INSERT INTO INTENT_RESPONSE (ID, CREATION_DATE, LAST_UPDATE_DATE, VERSION, LOCALE, RESPONSE, RESPONSE_TYPE, OWNER_INTENT_ID, ACTIVE, END_DATE, START_DATE) VALUES (3793, '2019-03-23 14:02:45.260000', '2019-05-30 21:01:18.767000', 1, 'en', 'search for events result is <b>This is a test</b>
<div><input type=''button'' name=''test'' value=''Click me''/></div>', 'STATIC', 3792, null, null, null);
INSERT INTO INTENT_RESPONSE (ID, CREATION_DATE, LAST_UPDATE_DATE, VERSION, LOCALE, RESPONSE, RESPONSE_TYPE, OWNER_INTENT_ID, ACTIVE, END_DATE, START_DATE) VALUES (3828, '2019-03-23 14:02:45.265000', '2019-05-30 20:23:51.880000', 1, 'en', 'search for events near 2323', 'STATIC', 3827, null, null, null);
INSERT INTO INTENT_RESPONSE (ID, CREATION_DATE, LAST_UPDATE_DATE, VERSION, LOCALE, RESPONSE, RESPONSE_TYPE, OWNER_INTENT_ID, ACTIVE, END_DATE, START_DATE) VALUES (3894, '2019-03-23 14:02:45.280000', '2019-03-23 14:02:45.280000', 1, 'en', 'roles created', 'STATIC', 3893, null, null, null);
INSERT INTO INTENT_RESPONSE (ID, CREATION_DATE, LAST_UPDATE_DATE, VERSION, LOCALE, RESPONSE, RESPONSE_TYPE, OWNER_INTENT_ID, ACTIVE, END_DATE, START_DATE) VALUES (3900, '2019-03-23 14:02:45.281000', '2019-03-23 14:02:45.281000', 1, 'en', 'good and you', 'STATIC', 3899, null, null, null);
INSERT INTO INTENT_RESPONSE (ID, CREATION_DATE, LAST_UPDATE_DATE, VERSION, LOCALE, RESPONSE, RESPONSE_TYPE, OWNER_INTENT_ID, ACTIVE, END_DATE, START_DATE) VALUES (3905, '2019-03-23 14:02:45.282000', '2019-03-23 14:02:45.282000', 1, 'en', 'cancel delete event', 'STATIC', 3904, null, null, null);
INSERT INTO INTENT_RESPONSE (ID, CREATION_DATE, LAST_UPDATE_DATE, VERSION, LOCALE, RESPONSE, RESPONSE_TYPE, OWNER_INTENT_ID, ACTIVE, END_DATE, START_DATE) VALUES (3908, '2019-03-23 14:02:45.283000', '2019-03-23 14:02:45.283000', 1, 'en', 'delete event', 'STATIC', 3907, null, null, null);
INSERT INTO INTENT_RESPONSE (ID, CREATION_DATE, LAST_UPDATE_DATE, VERSION, LOCALE, RESPONSE, RESPONSE_TYPE, OWNER_INTENT_ID, ACTIVE, END_DATE, START_DATE) VALUES (3912, '2019-03-23 14:02:45.284000', '2019-03-23 14:02:45.284000', 1, 'en', 'search roles', 'STATIC', 3911, null, null, null);
INSERT INTO INTENT_RESPONSE (ID, CREATION_DATE, LAST_UPDATE_DATE, VERSION, LOCALE, RESPONSE, RESPONSE_TYPE, OWNER_INTENT_ID, ACTIVE, END_DATE, START_DATE) VALUES (3944, '2019-03-28 13:06:51.529000', '2019-08-14 20:06:53.034000', 1, 'en_US', 'Sorry, not sure what you said. I can help with the below and much more!|butt=Search events&res=search events|butt=Search events near me&res=Search events near me|butt=Search Roles&res=search role|butt=Cannot login&res=login issues', 'STATIC', 3943, null, null, null);
INSERT INTO INTENT_RESPONSE (ID, CREATION_DATE, LAST_UPDATE_DATE, VERSION, LOCALE, RESPONSE, RESPONSE_TYPE, OWNER_INTENT_ID, ACTIVE, END_DATE, START_DATE) VALUES (3947, '2019-03-28 20:46:37.771000', '2019-06-12 17:02:46.574000', 1, 'en', 'Are you not able to log in?|butt=Not able to log in&res=log in problems', 'MAYBE', 3946, null, null, null);
INSERT INTO INTENT_RESPONSE (ID, CREATION_DATE, LAST_UPDATE_DATE, VERSION, LOCALE, RESPONSE, RESPONSE_TYPE, OWNER_INTENT_ID, ACTIVE, END_DATE, START_DATE) VALUES (4074, '2019-05-31 22:19:06.766000', '2019-11-15 17:58:15.599000', 1, 'en', 'Hello &&&&&, I am EventBot! I can help with the below and much more!|butt=Search events&res=search events|butt=Search Roles&res=search roles|butt=Search events near me&res=search events near me|butt=Cannot login&res=login issues|butt=Buy Tickets&res=buy tickets', 'STATIC', 4073, null, null, null);
INSERT INTO INTENT_RESPONSE (ID, CREATION_DATE, LAST_UPDATE_DATE, VERSION, LOCALE, RESPONSE, RESPONSE_TYPE, OWNER_INTENT_ID, ACTIVE, END_DATE, START_DATE) VALUES (4100, '2019-06-04 21:25:02.307000', '2019-06-11 12:18:53.558000', 1, 'en', 'Do you want to 3344 buy tickets?|butt=Buy Tickets&res=buy tickets', 'MAYBE', 4099, null, null, null);
INSERT INTO INTENT_RESPONSE (ID, CREATION_DATE, LAST_UPDATE_DATE, VERSION, LOCALE, RESPONSE, RESPONSE_TYPE, OWNER_INTENT_ID, ACTIVE, END_DATE, START_DATE) VALUES (4102, '2019-06-05 21:37:46.782000', '2019-06-11 12:18:53.559000', 1, 'en', 'Sure you can buy tickets', 'STATIC', 4080, null, null, null);
INSERT INTO INTENT_RESPONSE (ID, CREATION_DATE, LAST_UPDATE_DATE, VERSION, LOCALE, RESPONSE, RESPONSE_TYPE, OWNER_INTENT_ID, ACTIVE, END_DATE, START_DATE) VALUES (4112, '2019-06-12 05:53:40.695000', '2019-12-20 01:44:43.269000', 1, 'en', 'Are you saying hi??', 'MAYBE', 4111, null, null, null);
INSERT INTO INTENT_RESPONSE (ID, CREATION_DATE, LAST_UPDATE_DATE, VERSION, LOCALE, RESPONSE, RESPONSE_TYPE, OWNER_INTENT_ID, ACTIVE, END_DATE, START_DATE) VALUES (4113, '2019-06-12 05:53:40.695000', '2019-06-15 07:50:13.058000', 1, 'en', 'Are you asking for help??', 'MAYBE', 4110, null, null, null);
INSERT INTO INTENT_RESPONSE (ID, CREATION_DATE, LAST_UPDATE_DATE, VERSION, LOCALE, RESPONSE, RESPONSE_TYPE, OWNER_INTENT_ID, ACTIVE, END_DATE, START_DATE) VALUES (4114, '2019-06-12 05:53:40.695000', '2019-08-14 20:04:43.748000', 1, 'en', 'Are you trying to delete event??', 'MAYBE', 4112, null, null, null);
INSERT INTO INTENT_RESPONSE (ID, CREATION_DATE, LAST_UPDATE_DATE, VERSION, LOCALE, RESPONSE, RESPONSE_TYPE, OWNER_INTENT_ID, ACTIVE, END_DATE, START_DATE) VALUES (4115, '2019-06-12 05:53:40.695000', '2019-06-12 05:53:40.695000', 1, 'en', 'You are welcome!!', 'MAYBE', 4113, null, null, null);
INSERT INTO INTENT_RESPONSE (ID, CREATION_DATE, LAST_UPDATE_DATE, VERSION, LOCALE, RESPONSE, RESPONSE_TYPE, OWNER_INTENT_ID, ACTIVE, END_DATE, START_DATE) VALUES (4116, '2019-06-12 05:53:40.695000', '2019-06-15 07:44:05.885000', 1, 'en', 'Are you trying to delete event??', 'MAYBE', 4114, null, null, null);
INSERT INTO INTENT_RESPONSE (ID, CREATION_DATE, LAST_UPDATE_DATE, VERSION, LOCALE, RESPONSE, RESPONSE_TYPE, OWNER_INTENT_ID, ACTIVE, END_DATE, START_DATE) VALUES (4117, '2019-06-12 05:53:40.695000', '2019-06-12 05:53:40.695000', 1, 'en', 'Are you trying to search events??', 'MAYBE', 4115, null, null, null);
INSERT INTO INTENT_RESPONSE (ID, CREATION_DATE, LAST_UPDATE_DATE, VERSION, LOCALE, RESPONSE, RESPONSE_TYPE, OWNER_INTENT_ID, ACTIVE, END_DATE, START_DATE) VALUES (4118, '2019-06-12 05:53:40.695000', '2019-06-12 05:53:40.695000', 1, 'en', 'Are you trying to search events near your location??', 'MAYBE', 4116, null, null, null);
INSERT INTO INTENT_RESPONSE (ID, CREATION_DATE, LAST_UPDATE_DATE, VERSION, LOCALE, RESPONSE, RESPONSE_TYPE, OWNER_INTENT_ID, ACTIVE, END_DATE, START_DATE) VALUES (4119, '2019-06-12 05:53:40.695000', '2019-06-12 05:53:40.695000', 1, 'en', 'Are you trying to add roles??', 'MAYBE', 4117, null, null, null);
INSERT INTO INTENT_RESPONSE (ID, CREATION_DATE, LAST_UPDATE_DATE, VERSION, LOCALE, RESPONSE, RESPONSE_TYPE, OWNER_INTENT_ID, ACTIVE, END_DATE, START_DATE) VALUES (4120, '2019-06-12 05:53:40.695000', '2019-06-12 05:53:40.695000', 1, 'en', 'Are you looking for help??', 'MAYBE', 4118, null, null, null);
INSERT INTO INTENT_RESPONSE (ID, CREATION_DATE, LAST_UPDATE_DATE, VERSION, LOCALE, RESPONSE, RESPONSE_TYPE, OWNER_INTENT_ID, ACTIVE, END_DATE, START_DATE) VALUES (4121, '2019-06-12 05:53:40.695000', '2019-06-12 05:53:40.695000', 1, 'en', 'Are you trying to cancel event delete??', 'MAYBE', 4119, null, null, null);
INSERT INTO INTENT_RESPONSE (ID, CREATION_DATE, LAST_UPDATE_DATE, VERSION, LOCALE, RESPONSE, RESPONSE_TYPE, OWNER_INTENT_ID, ACTIVE, END_DATE, START_DATE) VALUES (4122, '2019-06-12 05:53:40.695000', '2019-06-12 05:53:40.695000', 1, 'en', 'Are you trying to delete event??', 'MAYBE', 4120, null, null, null);
INSERT INTO INTENT_RESPONSE (ID, CREATION_DATE, LAST_UPDATE_DATE, VERSION, LOCALE, RESPONSE, RESPONSE_TYPE, OWNER_INTENT_ID, ACTIVE, END_DATE, START_DATE) VALUES (4123, '2019-06-12 05:53:40.695000', '2019-06-12 05:53:40.695000', 1, 'en', 'Are you trying to search roles??', 'MAYBE', 4121, null, null, null);
INSERT INTO INTENT_RESPONSE (ID, CREATION_DATE, LAST_UPDATE_DATE, VERSION, LOCALE, RESPONSE, RESPONSE_TYPE, OWNER_INTENT_ID, ACTIVE, END_DATE, START_DATE) VALUES (4124, '2019-06-12 05:53:40.695000', '2019-08-14 20:06:53.034000', 1, 'en', 'Not sure if I understand.', 'MAYBE', 4122, null, null, null);
INSERT INTO INTENT_RESPONSE (ID, CREATION_DATE, LAST_UPDATE_DATE, VERSION, LOCALE, RESPONSE, RESPONSE_TYPE, OWNER_INTENT_ID, ACTIVE, END_DATE, START_DATE) VALUES (4125, '2019-06-12 05:53:40.695000', '2019-11-15 17:58:15.598000', 1, 'en', 'Are you trying to initiate the flow??', 'MAYBE', 4123, null, null, null);
INSERT INTO INTENT_RESPONSE (ID, CREATION_DATE, LAST_UPDATE_DATE, VERSION, LOCALE, RESPONSE, RESPONSE_TYPE, OWNER_INTENT_ID, ACTIVE, END_DATE, START_DATE) VALUES (4208, '2019-08-24 14:58:29.428000', '2019-12-27 02:04:33.063000', 1, 'en', 'Sorry, I do not understand. Are you looking for featured recipies?|butt=Get Reservation&res=I need a reservation|butt=Specials Today&res=specials today|butt=Health Score&res=health score', 'MAYBE', 4207, null, null, null);
INSERT INTO INTENT_RESPONSE (ID, CREATION_DATE, LAST_UPDATE_DATE, VERSION, LOCALE, RESPONSE, RESPONSE_TYPE, OWNER_INTENT_ID, ACTIVE, END_DATE, START_DATE) VALUES (4209, '2019-08-24 14:58:29.429000', '2019-08-25 11:16:15.933000', 1, 'en', 'Todays recipes are Linan noodles', 'STATIC', 4206, null, null, null);
INSERT INTO INTENT_RESPONSE (ID, CREATION_DATE, LAST_UPDATE_DATE, VERSION, LOCALE, RESPONSE, RESPONSE_TYPE, OWNER_INTENT_ID, ACTIVE, END_DATE, START_DATE) VALUES (4263, '2019-09-17 00:53:43.698000', '2019-09-17 00:53:43.698000', 1, 'en', 'Do you want to know about service I provide?', 'MAYBE', 4262, null, null, null);
INSERT INTO INTENT_RESPONSE (ID, CREATION_DATE, LAST_UPDATE_DATE, VERSION, LOCALE, RESPONSE, RESPONSE_TYPE, OWNER_INTENT_ID, ACTIVE, END_DATE, START_DATE) VALUES (4264, '2019-09-17 00:53:43.699000', '2019-09-17 00:53:43.699000', 1, 'en', 'I provide many different services like Software Development, Consulting', 'STATIC', 4261, null, null, null);
INSERT INTO INTENT_RESPONSE (ID, CREATION_DATE, LAST_UPDATE_DATE, VERSION, LOCALE, RESPONSE, RESPONSE_TYPE, OWNER_INTENT_ID, ACTIVE, END_DATE, START_DATE) VALUES (4274, '2019-12-25 00:10:11.550000', '2019-12-28 15:37:18.756000', 1, 'en', 'Sorry, I do not understand. I can help with the below and much more!|butt=Search events&res=search events|butt=Search events near me&res=Search events near me|butt=Search Roles&res=search role|butt=Cannot login&res=login issues', 'MAYBE', 4277, true, '9999-12-31 05:00:00.000000', '2019-12-25 00:10:11.550000');
INSERT INTO INTENT_RESPONSE (ID, CREATION_DATE, LAST_UPDATE_DATE, VERSION, LOCALE, RESPONSE, RESPONSE_TYPE, OWNER_INTENT_ID, ACTIVE, END_DATE, START_DATE) VALUES (4275, '2019-12-25 00:10:11.554000', '2019-12-28 15:37:18.756000', 1, 'en', 'Hi. I can help with the below and much more!|butt=Search events&res=search events|butt=Search events near me&res=Search events near me|butt=Search Roles&res=search role|butt=Cannot login&res=login issues', 'STATIC', 4278, true, '9999-12-31 05:00:00.000000', '2019-12-25 00:10:11.554000');
INSERT INTO INTENT_RESPONSE (ID, CREATION_DATE, LAST_UPDATE_DATE, VERSION, LOCALE, RESPONSE, RESPONSE_TYPE, OWNER_INTENT_ID, ACTIVE, END_DATE, START_DATE) VALUES (4276, '2019-12-25 01:25:32.107000', '2019-12-27 01:58:49.801000', 1, 'en', 'Sorry, I do not understand. I can help with the below and much more!|butt=Search events&res=search events|butt=Search events near me&res=Search events near me|butt=Search Roles&res=search role|butt=Cannot login&res=login issues', 'MAYBE', 4279, true, '9999-12-31 05:00:00.000000', '2019-12-25 01:25:32.107000');
INSERT INTO INTENT_RESPONSE (ID, CREATION_DATE, LAST_UPDATE_DATE, VERSION, LOCALE, RESPONSE, RESPONSE_TYPE, OWNER_INTENT_ID, ACTIVE, END_DATE, START_DATE) VALUES (4277, '2019-12-25 01:25:32.110000', '2019-12-25 01:25:32.110000', 1, 'en', 'Will help you fix the log in issues', 'STATIC', 4280, true, '9999-12-31 05:00:00.000000', '2019-12-25 01:25:32.110000');
INSERT INTO INTENT_RESPONSE (ID, CREATION_DATE, LAST_UPDATE_DATE, VERSION, LOCALE, RESPONSE, RESPONSE_TYPE, OWNER_INTENT_ID, ACTIVE, END_DATE, START_DATE) VALUES (4278, '2019-12-25 16:34:15.742000', '2019-12-27 01:59:56.642000', 1, 'en', 'Sorry, I do not understand. Are you looking for a reservation?|butt=Get Reservation&res=I need a reservation|butt=Specials Today&res=specials today|butt=Health Score&res=health score', 'MAYBE', 4281, true, '9999-12-31 05:00:00.000000', '2019-12-25 16:34:15.742000');
INSERT INTO INTENT_RESPONSE (ID, CREATION_DATE, LAST_UPDATE_DATE, VERSION, LOCALE, RESPONSE, RESPONSE_TYPE, OWNER_INTENT_ID, ACTIVE, END_DATE, START_DATE) VALUES (4279, '2019-12-25 16:34:15.748000', '2019-12-25 16:34:15.748000', 1, 'en', 'Sure I can help you with that', 'STATIC', 4282, true, '9999-12-31 05:00:00.000000', '2019-12-25 16:34:15.748000');
INSERT INTO INTENT_RESPONSE (ID, CREATION_DATE, LAST_UPDATE_DATE, VERSION, LOCALE, RESPONSE, RESPONSE_TYPE, OWNER_INTENT_ID, ACTIVE, END_DATE, START_DATE) VALUES (4280, '2019-12-25 19:13:21.584000', '2019-12-27 04:12:38.317000', 1, 'en', 'Sorry, I do not understand. Are you looking for our health score?|butt=Get Reservation&res=I need a reservation|butt=Specials Today&res=specials today|butt=Health Score&res=health score', 'MAYBE', 4283, true, '9999-12-31 05:00:00.000000', '2019-12-25 19:13:21.584000');
INSERT INTO INTENT_RESPONSE (ID, CREATION_DATE, LAST_UPDATE_DATE, VERSION, LOCALE, RESPONSE, RESPONSE_TYPE, OWNER_INTENT_ID, ACTIVE, END_DATE, START_DATE) VALUES (4281, '2019-12-25 19:13:21.590000', '2019-12-25 19:13:21.590000', 1, 'en', 'Our health score is 98%', 'STATIC', 4284, true, '9999-12-31 05:00:00.000000', '2019-12-25 19:13:21.590000');
INSERT INTO INTENT_RESPONSE (ID, CREATION_DATE, LAST_UPDATE_DATE, VERSION, LOCALE, RESPONSE, RESPONSE_TYPE, OWNER_INTENT_ID, ACTIVE, END_DATE, START_DATE) VALUES (4282, '2019-12-25 19:16:12.672000', '2019-12-27 02:00:26.985000', 1, 'en', 'Sorry, I do not understand. Are you looking for directions?|butt=Get Reservation&res=I need a reservation|butt=Specials Today&res=specials today|butt=Health Score&res=health score', 'MAYBE', 4285, true, '9999-12-31 05:00:00.000000', '2019-12-25 19:16:12.672000');
INSERT INTO INTENT_RESPONSE (ID, CREATION_DATE, LAST_UPDATE_DATE, VERSION, LOCALE, RESPONSE, RESPONSE_TYPE, OWNER_INTENT_ID, ACTIVE, END_DATE, START_DATE) VALUES (4283, '2019-12-25 19:16:12.675000', '2019-12-25 19:19:57.948000', 1, 'en', 'Here are the directions', 'STATIC', 4286, true, '9999-12-31 05:00:00.000000', '2019-12-25 19:16:12.675000');
INSERT INTO INTENT_RESPONSE (ID, CREATION_DATE, LAST_UPDATE_DATE, VERSION, LOCALE, RESPONSE, RESPONSE_TYPE, OWNER_INTENT_ID, ACTIVE, END_DATE, START_DATE) VALUES (4284, '2019-12-25 19:23:17.573000', '2019-12-27 02:00:44.465000', 1, 'en', 'Sorry, I do not understand. Are you looking for todays specials?|butt=Get Reservation&res=I need a reservation|butt=Specials Today&res=specials today|butt=Health Score&res=health score', 'MAYBE', 4287, true, '9999-12-31 05:00:00.000000', '2019-12-25 19:23:17.573000');
INSERT INTO INTENT_RESPONSE (ID, CREATION_DATE, LAST_UPDATE_DATE, VERSION, LOCALE, RESPONSE, RESPONSE_TYPE, OWNER_INTENT_ID, ACTIVE, END_DATE, START_DATE) VALUES (4285, '2019-12-25 19:23:17.576000', '2019-12-25 19:25:49.659000', 1, 'en', 'Here are todays specials', 'STATIC', 4288, true, '9999-12-31 05:00:00.000000', '2019-12-25 19:23:17.576000');
INSERT INTO INTENT_RESPONSE (ID, CREATION_DATE, LAST_UPDATE_DATE, VERSION, LOCALE, RESPONSE, RESPONSE_TYPE, OWNER_INTENT_ID, ACTIVE, END_DATE, START_DATE) VALUES (4286, '2019-12-25 20:08:48.332000', '2019-12-27 02:03:35.381000', 1, 'en', 'Sorry, I do not understand. Are you looking for Food critique reviews?|butt=Get Reservation&res=I need a reservation|butt=Specials Today&res=specials today|butt=Health Score&res=health score', 'MAYBE', 4289, true, '9999-12-31 05:00:00.000000', '2019-12-25 20:08:48.332000');
INSERT INTO INTENT_RESPONSE (ID, CREATION_DATE, LAST_UPDATE_DATE, VERSION, LOCALE, RESPONSE, RESPONSE_TYPE, OWNER_INTENT_ID, ACTIVE, END_DATE, START_DATE) VALUES (4287, '2019-12-25 20:08:48.336000', '2019-12-25 20:08:48.336000', 1, 'en', 'Here are some reviews', 'STATIC', 4290, true, '9999-12-31 05:00:00.000000', '2019-12-25 20:08:48.336000');
INSERT INTO INTENT_RESPONSE (ID, CREATION_DATE, LAST_UPDATE_DATE, VERSION, LOCALE, RESPONSE, RESPONSE_TYPE, OWNER_INTENT_ID, ACTIVE, END_DATE, START_DATE) VALUES (4288, '2019-12-25 20:12:28.370000', '2019-12-27 02:01:33.022000', 1, 'en', 'Sorry, I do not understand. Do you want to cancel reservations?|butt=Get Reservation&res=I need a reservation|butt=Specials Today&res=specials today|butt=Health Score&res=health score', 'MAYBE', 4291, true, '9999-12-31 05:00:00.000000', '2019-12-25 20:12:28.370000');
INSERT INTO INTENT_RESPONSE (ID, CREATION_DATE, LAST_UPDATE_DATE, VERSION, LOCALE, RESPONSE, RESPONSE_TYPE, OWNER_INTENT_ID, ACTIVE, END_DATE, START_DATE) VALUES (4289, '2019-12-25 20:12:28.375000', '2019-12-25 20:12:28.375000', 1, 'en', 'Sure I can help you with that', 'STATIC', 4292, true, '9999-12-31 05:00:00.000000', '2019-12-25 20:12:28.375000');
INSERT INTO INTENT_RESPONSE (ID, CREATION_DATE, LAST_UPDATE_DATE, VERSION, LOCALE, RESPONSE, RESPONSE_TYPE, OWNER_INTENT_ID, ACTIVE, END_DATE, START_DATE) VALUES (4290, '2019-12-26 00:09:04.378000', '2019-12-27 02:01:52.288000', 1, 'en', 'Sorry, I do not understand. Are you looking for food delivery?|butt=Get Reservation&res=I need a reservation|butt=Specials Today&res=specials today|butt=Health Score&res=health score', 'MAYBE', 4293, true, '9999-12-31 05:00:00.000000', '2019-12-26 00:09:04.378000');
INSERT INTO INTENT_RESPONSE (ID, CREATION_DATE, LAST_UPDATE_DATE, VERSION, LOCALE, RESPONSE, RESPONSE_TYPE, OWNER_INTENT_ID, ACTIVE, END_DATE, START_DATE) VALUES (4291, '2019-12-26 00:09:04.382000', '2019-12-26 00:09:04.382000', 1, 'en', 'Yes we do', 'STATIC', 4294, true, '9999-12-31 05:00:00.000000', '2019-12-26 00:09:04.382000');
INSERT INTO INTENT_RESPONSE (ID, CREATION_DATE, LAST_UPDATE_DATE, VERSION, LOCALE, RESPONSE, RESPONSE_TYPE, OWNER_INTENT_ID, ACTIVE, END_DATE, START_DATE) VALUES (4292, '2019-12-26 00:12:12.886000', '2019-12-27 02:02:09.569000', 1, 'en', 'Sorry, I do not understand. Are you looking for a carryout?|butt=Get Reservation&res=I need a reservation|butt=Specials Today&res=specials today|butt=Health Score&res=health score', 'MAYBE', 4295, true, '9999-12-31 05:00:00.000000', '2019-12-26 00:12:12.886000');
INSERT INTO INTENT_RESPONSE (ID, CREATION_DATE, LAST_UPDATE_DATE, VERSION, LOCALE, RESPONSE, RESPONSE_TYPE, OWNER_INTENT_ID, ACTIVE, END_DATE, START_DATE) VALUES (4293, '2019-12-26 00:12:12.889000', '2019-12-26 00:12:12.889000', 1, 'en', 'Yes I can help with carry out', 'STATIC', 4296, true, '9999-12-31 05:00:00.000000', '2019-12-26 00:12:12.889000');
INSERT INTO INTENT_RESPONSE (ID, CREATION_DATE, LAST_UPDATE_DATE, VERSION, LOCALE, RESPONSE, RESPONSE_TYPE, OWNER_INTENT_ID, ACTIVE, END_DATE, START_DATE) VALUES (4294, '2019-12-26 00:15:25.934000', '2019-12-27 02:02:20.570000', 1, 'en', 'Sorry, I do not understand. Are you looking for vegan options?|butt=Get Reservation&res=I need a reservation|butt=Specials Today&res=specials today|butt=Health Score&res=health score', 'MAYBE', 4297, true, '9999-12-31 05:00:00.000000', '2019-12-26 00:15:25.934000');
INSERT INTO INTENT_RESPONSE (ID, CREATION_DATE, LAST_UPDATE_DATE, VERSION, LOCALE, RESPONSE, RESPONSE_TYPE, OWNER_INTENT_ID, ACTIVE, END_DATE, START_DATE) VALUES (4295, '2019-12-26 00:15:25.936000', '2019-12-26 00:15:25.936000', 1, 'en', 'Yes we do. Here is the menu options', 'STATIC', 4298, true, '9999-12-31 05:00:00.000000', '2019-12-26 00:15:25.936000');
INSERT INTO INTENT_RESPONSE (ID, CREATION_DATE, LAST_UPDATE_DATE, VERSION, LOCALE, RESPONSE, RESPONSE_TYPE, OWNER_INTENT_ID, ACTIVE, END_DATE, START_DATE) VALUES (4296, '2019-12-26 00:26:42.118000', '2019-12-27 02:02:34.301000', 1, 'en', 'Sorry, I do not understand. Are you looking for nut free food?|butt=Get Reservation&res=I need a reservation|butt=Specials Today&res=specials today|butt=Health Score&res=health score', 'MAYBE', 4299, true, '9999-12-31 05:00:00.000000', '2019-12-26 00:26:42.118000');
INSERT INTO INTENT_RESPONSE (ID, CREATION_DATE, LAST_UPDATE_DATE, VERSION, LOCALE, RESPONSE, RESPONSE_TYPE, OWNER_INTENT_ID, ACTIVE, END_DATE, START_DATE) VALUES (4297, '2019-12-26 00:26:42.122000', '2019-12-26 00:26:42.122000', 1, 'en', 'Yes we do. Here is the menu for nut free foods.', 'STATIC', 4300, true, '9999-12-31 05:00:00.000000', '2019-12-26 00:26:42.122000');
INSERT INTO INTENT_RESPONSE (ID, CREATION_DATE, LAST_UPDATE_DATE, VERSION, LOCALE, RESPONSE, RESPONSE_TYPE, OWNER_INTENT_ID, ACTIVE, END_DATE, START_DATE) VALUES (4298, '2019-12-26 00:31:40.731000', '2019-12-28 15:39:03.625000', 1, 'en', 'Hi I am Bot concierge. I can help you with things like below and more?|butt=Get Reservation&res=I need a reservation|butt=Specials Today&res=specials today|butt=Health Score&res=health score', 'MAYBE', 4301, true, '9999-12-31 05:00:00.000000', '2019-12-26 00:31:40.731000');
INSERT INTO INTENT_RESPONSE (ID, CREATION_DATE, LAST_UPDATE_DATE, VERSION, LOCALE, RESPONSE, RESPONSE_TYPE, OWNER_INTENT_ID, ACTIVE, END_DATE, START_DATE) VALUES (4299, '2019-12-26 00:31:40.734000', '2019-12-28 15:39:03.625000', 1, 'en', 'Hi I am Bot concierge. I can help you with things like below and more?|butt=Get Reservation&res=I need a reservation|butt=Specials Today&res=specials today|butt=Health Score&res=health score', 'STATIC', 4302, true, '9999-12-31 05:00:00.000000', '2019-12-26 00:31:40.734000');
INSERT INTO INTENT_RESPONSE (ID, CREATION_DATE, LAST_UPDATE_DATE, VERSION, LOCALE, RESPONSE, RESPONSE_TYPE, OWNER_INTENT_ID, ACTIVE, END_DATE, START_DATE) VALUES (4356, '2019-12-27 02:15:30.896000', '2019-12-27 02:15:30.896000', 1, 'en', 'Not sure if I understand.', 'MAYBE', 4361, true, '9999-12-31 05:00:00.000000', '2019-12-27 02:15:30.896000');
INSERT INTO INTENT_RESPONSE (ID, CREATION_DATE, LAST_UPDATE_DATE, VERSION, LOCALE, RESPONSE, RESPONSE_TYPE, OWNER_INTENT_ID, ACTIVE, END_DATE, START_DATE) VALUES (4357, '2019-12-27 02:15:30.898000', '2019-12-27 02:15:30.898000', 1, 'en', 'Sorry, not sure what you said. Please add buttons options so that users can start with those options.', 'STATIC', 4362, true, '9999-12-31 05:00:00.000000', '2019-12-27 02:15:30.898000');
INSERT INTO INTENT_RESPONSE (ID, CREATION_DATE, LAST_UPDATE_DATE, VERSION, LOCALE, RESPONSE, RESPONSE_TYPE, OWNER_INTENT_ID, ACTIVE, END_DATE, START_DATE) VALUES (4407, '2019-12-28 15:40:14.469000', '2019-12-28 15:40:14.469000', 1, 'en', 'Sorry, I do not understand. I can help with the below and much more!|butt=Search events&res=search events|butt=Search events near me&res=Search events near me|butt=Search Roles&res=search role|butt=Cannot login&res=login issues', 'MAYBE', 4447, true, '9999-12-31 05:00:00.000000', '2019-12-28 15:40:14.469000');
INSERT INTO INTENT_RESPONSE (ID, CREATION_DATE, LAST_UPDATE_DATE, VERSION, LOCALE, RESPONSE, RESPONSE_TYPE, OWNER_INTENT_ID, ACTIVE, END_DATE, START_DATE) VALUES (4408, '2019-12-28 15:40:14.470000', '2019-12-28 15:40:14.470000', 1, 'en', 'Hi. I can help with the below and much more!|butt=Search events&res=search events|butt=Search events near me&res=Search events near me|butt=Search Roles&res=search role|butt=Cannot login&res=login issues', 'STATIC', 4448, true, '9999-12-31 05:00:00.000000', '2019-12-28 15:40:14.470000');
INSERT INTO INTENT_RESPONSE (ID, CREATION_DATE, LAST_UPDATE_DATE, VERSION, LOCALE, RESPONSE, RESPONSE_TYPE, OWNER_INTENT_ID, ACTIVE, END_DATE, START_DATE) VALUES (4409, '2019-12-28 15:40:14.475000', '2019-12-28 15:40:14.475000', 1, 'en', 'Sorry, I do not understand. I can help with the below and much more!|butt=Search events&res=search events|butt=Search events near me&res=Search events near me|butt=Search Roles&res=search role|butt=Cannot login&res=login issues', 'MAYBE', 4449, true, '9999-12-31 05:00:00.000000', '2019-12-28 15:40:14.475000');
INSERT INTO INTENT_RESPONSE (ID, CREATION_DATE, LAST_UPDATE_DATE, VERSION, LOCALE, RESPONSE, RESPONSE_TYPE, OWNER_INTENT_ID, ACTIVE, END_DATE, START_DATE) VALUES (4410, '2019-12-28 15:40:14.476000', '2019-12-28 15:40:14.476000', 1, 'en', 'Will help you fix the log in issues', 'STATIC', 4450, true, '9999-12-31 05:00:00.000000', '2019-12-28 15:40:14.476000');
INSERT INTO INTENT_RESPONSE (ID, CREATION_DATE, LAST_UPDATE_DATE, VERSION, LOCALE, RESPONSE, RESPONSE_TYPE, OWNER_INTENT_ID, ACTIVE, END_DATE, START_DATE) VALUES (4411, '2019-12-28 15:40:14.484000', '2019-12-28 15:40:14.484000', 1, 'en', 'Not sure if I understand.', 'MAYBE', 4451, true, '9999-12-31 05:00:00.000000', '2019-12-28 15:40:14.484000');
INSERT INTO INTENT_RESPONSE (ID, CREATION_DATE, LAST_UPDATE_DATE, VERSION, LOCALE, RESPONSE, RESPONSE_TYPE, OWNER_INTENT_ID, ACTIVE, END_DATE, START_DATE) VALUES (4412, '2019-12-28 15:40:14.485000', '2019-12-28 15:40:14.485000', 1, 'en', 'Sorry, not sure what you said. Please add buttons options so that users can start with those options.', 'STATIC', 4452, true, '9999-12-31 05:00:00.000000', '2019-12-28 15:40:14.485000');
INSERT INTO INTENT_RESPONSE (ID, CREATION_DATE, LAST_UPDATE_DATE, VERSION, LOCALE, RESPONSE, RESPONSE_TYPE, OWNER_INTENT_ID, ACTIVE, END_DATE, START_DATE) VALUES (4413, '2019-12-28 15:40:14.487000', '2019-12-28 15:40:14.487000', 1, 'en', 'Sorry, I do not understand. Are you looking for featured recipies?|butt=Get Reservation&res=I need a reservation|butt=Specials Today&res=specials today|butt=Health Score&res=health score', 'MAYBE', 4453, true, '9999-12-31 05:00:00.000000', '2019-12-28 15:40:14.487000');
INSERT INTO INTENT_RESPONSE (ID, CREATION_DATE, LAST_UPDATE_DATE, VERSION, LOCALE, RESPONSE, RESPONSE_TYPE, OWNER_INTENT_ID, ACTIVE, END_DATE, START_DATE) VALUES (4414, '2019-12-28 15:40:14.488000', '2019-12-28 15:40:14.488000', 1, 'en', 'Todays recipes are Linan noodles', 'STATIC', 4454, true, '9999-12-31 05:00:00.000000', '2019-12-28 15:40:14.488000');
INSERT INTO INTENT_RESPONSE (ID, CREATION_DATE, LAST_UPDATE_DATE, VERSION, LOCALE, RESPONSE, RESPONSE_TYPE, OWNER_INTENT_ID, ACTIVE, END_DATE, START_DATE) VALUES (4415, '2019-12-28 15:40:14.495000', '2019-12-29 04:08:20.256000', 1, 'en', 'Sorry, I do not understand. Are you looking for a reservation?|butt=Get Reservation&res=please make reservations for me|butt=Specials Today&res=specials today|butt=Health Score&res=health score', 'MAYBE', 4455, true, '9999-12-31 05:00:00.000000', '2019-12-28 15:40:14.495000');
INSERT INTO INTENT_RESPONSE (ID, CREATION_DATE, LAST_UPDATE_DATE, VERSION, LOCALE, RESPONSE, RESPONSE_TYPE, OWNER_INTENT_ID, ACTIVE, END_DATE, START_DATE) VALUES (4416, '2019-12-28 15:40:14.496000', '2019-12-29 04:08:20.258000', 1, 'en', 'Sure I can help you with that', 'STATIC', 4456, true, '9999-12-31 05:00:00.000000', '2019-12-28 15:40:14.496000');
INSERT INTO INTENT_RESPONSE (ID, CREATION_DATE, LAST_UPDATE_DATE, VERSION, LOCALE, RESPONSE, RESPONSE_TYPE, OWNER_INTENT_ID, ACTIVE, END_DATE, START_DATE) VALUES (4417, '2019-12-28 15:40:14.498000', '2019-12-30 02:11:51.114000', 1, 'en', 'Sorry, I do not understand. Are you looking for our health score?|butt=Get Reservation&res=I need a reservation|butt=Specials Today&res=specials today|butt=Health Score&res=health score', 'MAYBE', 4457, true, '9999-12-31 05:00:00.000000', '2019-12-28 15:40:14.498000');
INSERT INTO INTENT_RESPONSE (ID, CREATION_DATE, LAST_UPDATE_DATE, VERSION, LOCALE, RESPONSE, RESPONSE_TYPE, OWNER_INTENT_ID, ACTIVE, END_DATE, START_DATE) VALUES (4418, '2019-12-28 15:40:14.499000', '2019-12-30 02:11:51.115000', 1, 'en', 'Our health score is 98%', 'STATIC', 4458, true, '9999-12-31 05:00:00.000000', '2019-12-28 15:40:14.499000');
INSERT INTO INTENT_RESPONSE (ID, CREATION_DATE, LAST_UPDATE_DATE, VERSION, LOCALE, RESPONSE, RESPONSE_TYPE, OWNER_INTENT_ID, ACTIVE, END_DATE, START_DATE) VALUES (4419, '2019-12-28 15:40:14.502000', '2019-12-28 15:40:14.502000', 1, 'en', 'Sorry, I do not understand. Are you looking for directions?|butt=Get Reservation&res=I need a reservation|butt=Specials Today&res=specials today|butt=Health Score&res=health score', 'MAYBE', 4459, true, '9999-12-31 05:00:00.000000', '2019-12-28 15:40:14.502000');
INSERT INTO INTENT_RESPONSE (ID, CREATION_DATE, LAST_UPDATE_DATE, VERSION, LOCALE, RESPONSE, RESPONSE_TYPE, OWNER_INTENT_ID, ACTIVE, END_DATE, START_DATE) VALUES (4420, '2019-12-28 15:40:14.503000', '2019-12-28 15:40:14.503000', 1, 'en', 'Here are the directions', 'STATIC', 4460, true, '9999-12-31 05:00:00.000000', '2019-12-28 15:40:14.503000');
INSERT INTO INTENT_RESPONSE (ID, CREATION_DATE, LAST_UPDATE_DATE, VERSION, LOCALE, RESPONSE, RESPONSE_TYPE, OWNER_INTENT_ID, ACTIVE, END_DATE, START_DATE) VALUES (4421, '2019-12-28 15:40:14.508000', '2019-12-29 03:41:32.482000', 1, 'en', 'Sorry, I do not understand. Are you looking for todays specials?|butt=Get Reservation&res=I need a reservation|butt=Specials Today&res=specials today|butt=Health Score&res=health score', 'MAYBE', 4461, true, '9999-12-31 05:00:00.000000', '2019-12-28 15:40:14.508000');
INSERT INTO INTENT_RESPONSE (ID, CREATION_DATE, LAST_UPDATE_DATE, VERSION, LOCALE, RESPONSE, RESPONSE_TYPE, OWNER_INTENT_ID, ACTIVE, END_DATE, START_DATE) VALUES (4422, '2019-12-28 15:40:14.509000', '2019-12-29 03:41:32.482000', 1, 'en', 'Here are todays specials', 'STATIC', 4462, true, '9999-12-31 05:00:00.000000', '2019-12-28 15:40:14.509000');
INSERT INTO INTENT_RESPONSE (ID, CREATION_DATE, LAST_UPDATE_DATE, VERSION, LOCALE, RESPONSE, RESPONSE_TYPE, OWNER_INTENT_ID, ACTIVE, END_DATE, START_DATE) VALUES (4423, '2019-12-28 15:40:14.514000', '2019-12-28 15:40:14.514000', 1, 'en', 'Sorry, I do not understand. Are you looking for Food critique reviews?|butt=Get Reservation&res=I need a reservation|butt=Specials Today&res=specials today|butt=Health Score&res=health score', 'MAYBE', 4463, true, '9999-12-31 05:00:00.000000', '2019-12-28 15:40:14.514000');
INSERT INTO INTENT_RESPONSE (ID, CREATION_DATE, LAST_UPDATE_DATE, VERSION, LOCALE, RESPONSE, RESPONSE_TYPE, OWNER_INTENT_ID, ACTIVE, END_DATE, START_DATE) VALUES (4424, '2019-12-28 15:40:14.515000', '2019-12-28 15:40:14.515000', 1, 'en', 'Here are some reviews', 'STATIC', 4464, true, '9999-12-31 05:00:00.000000', '2019-12-28 15:40:14.515000');
INSERT INTO INTENT_RESPONSE (ID, CREATION_DATE, LAST_UPDATE_DATE, VERSION, LOCALE, RESPONSE, RESPONSE_TYPE, OWNER_INTENT_ID, ACTIVE, END_DATE, START_DATE) VALUES (4425, '2019-12-28 15:40:14.517000', '2019-12-28 18:56:55.507000', 1, 'en', 'Sorry, I do not understand. Do you want to cancel reservations?|butt=Get Reservation&res=I need a reservation|butt=Specials Today&res=specials today|butt=Health Score&res=health score', 'MAYBE', 4465, true, '9999-12-31 05:00:00.000000', '2019-12-28 15:40:14.517000');
INSERT INTO INTENT_RESPONSE (ID, CREATION_DATE, LAST_UPDATE_DATE, VERSION, LOCALE, RESPONSE, RESPONSE_TYPE, OWNER_INTENT_ID, ACTIVE, END_DATE, START_DATE) VALUES (4426, '2019-12-28 15:40:14.519000', '2019-12-28 18:56:55.507000', 1, 'en', 'Sure I can help you with that', 'STATIC', 4466, true, '9999-12-31 05:00:00.000000', '2019-12-28 15:40:14.519000');
INSERT INTO INTENT_RESPONSE (ID, CREATION_DATE, LAST_UPDATE_DATE, VERSION, LOCALE, RESPONSE, RESPONSE_TYPE, OWNER_INTENT_ID, ACTIVE, END_DATE, START_DATE) VALUES (4427, '2019-12-28 15:40:14.524000', '2019-12-28 15:40:14.524000', 1, 'en', 'Sorry, I do not understand. Are you looking for food delivery?|butt=Get Reservation&res=I need a reservation|butt=Specials Today&res=specials today|butt=Health Score&res=health score', 'MAYBE', 4467, true, '9999-12-31 05:00:00.000000', '2019-12-28 15:40:14.524000');
INSERT INTO INTENT_RESPONSE (ID, CREATION_DATE, LAST_UPDATE_DATE, VERSION, LOCALE, RESPONSE, RESPONSE_TYPE, OWNER_INTENT_ID, ACTIVE, END_DATE, START_DATE) VALUES (4428, '2019-12-28 15:40:14.526000', '2019-12-28 15:40:14.526000', 1, 'en', 'Yes we do', 'STATIC', 4468, true, '9999-12-31 05:00:00.000000', '2019-12-28 15:40:14.526000');
INSERT INTO INTENT_RESPONSE (ID, CREATION_DATE, LAST_UPDATE_DATE, VERSION, LOCALE, RESPONSE, RESPONSE_TYPE, OWNER_INTENT_ID, ACTIVE, END_DATE, START_DATE) VALUES (4429, '2019-12-28 15:40:14.532000', '2019-12-28 15:40:14.532000', 1, 'en', 'Sorry, I do not understand. Are you looking for a carryout?|butt=Get Reservation&res=I need a reservation|butt=Specials Today&res=specials today|butt=Health Score&res=health score', 'MAYBE', 4469, true, '9999-12-31 05:00:00.000000', '2019-12-28 15:40:14.532000');
INSERT INTO INTENT_RESPONSE (ID, CREATION_DATE, LAST_UPDATE_DATE, VERSION, LOCALE, RESPONSE, RESPONSE_TYPE, OWNER_INTENT_ID, ACTIVE, END_DATE, START_DATE) VALUES (4430, '2019-12-28 15:40:14.534000', '2019-12-28 15:40:14.534000', 1, 'en', 'Yes I can help with carry out', 'STATIC', 4470, true, '9999-12-31 05:00:00.000000', '2019-12-28 15:40:14.534000');
INSERT INTO INTENT_RESPONSE (ID, CREATION_DATE, LAST_UPDATE_DATE, VERSION, LOCALE, RESPONSE, RESPONSE_TYPE, OWNER_INTENT_ID, ACTIVE, END_DATE, START_DATE) VALUES (4431, '2019-12-28 15:40:14.538000', '2019-12-28 15:40:14.538000', 1, 'en', 'Sorry, I do not understand. Are you looking for vegan options?|butt=Get Reservation&res=I need a reservation|butt=Specials Today&res=specials today|butt=Health Score&res=health score', 'MAYBE', 4471, true, '9999-12-31 05:00:00.000000', '2019-12-28 15:40:14.538000');
INSERT INTO INTENT_RESPONSE (ID, CREATION_DATE, LAST_UPDATE_DATE, VERSION, LOCALE, RESPONSE, RESPONSE_TYPE, OWNER_INTENT_ID, ACTIVE, END_DATE, START_DATE) VALUES (4432, '2019-12-28 15:40:14.539000', '2019-12-28 15:40:14.539000', 1, 'en', 'Yes we do. Here is the menu options', 'STATIC', 4472, true, '9999-12-31 05:00:00.000000', '2019-12-28 15:40:14.539000');
INSERT INTO INTENT_RESPONSE (ID, CREATION_DATE, LAST_UPDATE_DATE, VERSION, LOCALE, RESPONSE, RESPONSE_TYPE, OWNER_INTENT_ID, ACTIVE, END_DATE, START_DATE) VALUES (4433, '2019-12-28 15:40:14.544000', '2019-12-28 15:40:14.544000', 1, 'en', 'Sorry, I do not understand. Are you looking for nut free food?|butt=Get Reservation&res=I need a reservation|butt=Specials Today&res=specials today|butt=Health Score&res=health score', 'MAYBE', 4473, true, '9999-12-31 05:00:00.000000', '2019-12-28 15:40:14.544000');
INSERT INTO INTENT_RESPONSE (ID, CREATION_DATE, LAST_UPDATE_DATE, VERSION, LOCALE, RESPONSE, RESPONSE_TYPE, OWNER_INTENT_ID, ACTIVE, END_DATE, START_DATE) VALUES (4434, '2019-12-28 15:40:14.546000', '2019-12-28 15:40:14.546000', 1, 'en', 'Yes we do. Here is the menu for nut free foods.', 'STATIC', 4474, true, '9999-12-31 05:00:00.000000', '2019-12-28 15:40:14.546000');
INSERT INTO INTENT_RESPONSE (ID, CREATION_DATE, LAST_UPDATE_DATE, VERSION, LOCALE, RESPONSE, RESPONSE_TYPE, OWNER_INTENT_ID, ACTIVE, END_DATE, START_DATE) VALUES (4435, '2019-12-28 15:40:14.552000', '2019-12-28 15:40:14.552000', 1, 'en', 'Hi I am Bot concierge. I can help you with things like below and more?|butt=Get Reservation&res=I need a reservation|butt=Specials Today&res=specials today|butt=Health Score&res=health score', 'MAYBE', 4475, true, '9999-12-31 05:00:00.000000', '2019-12-28 15:40:14.552000');
INSERT INTO INTENT_RESPONSE (ID, CREATION_DATE, LAST_UPDATE_DATE, VERSION, LOCALE, RESPONSE, RESPONSE_TYPE, OWNER_INTENT_ID, ACTIVE, END_DATE, START_DATE) VALUES (4436, '2019-12-28 15:40:14.562000', '2019-12-28 15:40:14.562000', 1, 'en', 'Hi I am Bot concierge. I can help you with things like below and more?|butt=Get Reservation&res=I need a reservation|butt=Specials Today&res=specials today|butt=Health Score&res=health score', 'STATIC', 4476, true, '9999-12-31 05:00:00.000000', '2019-12-28 15:40:14.562000');

INSERT INTO INTENT_UTTERANCE (ID, CREATION_DATE, LAST_UPDATE_DATE, VERSION, LOCALE, UTTERANCE, OWNER_INTENT_ID, ACTIVE, END_DATE, START_DATE) VALUES (3531, '2019-03-23 14:02:17.459000', '2019-03-23 16:30:05.634000', 1, 'en', 'hi', 3529, null, null, null);
INSERT INTO INTENT_UTTERANCE (ID, CREATION_DATE, LAST_UPDATE_DATE, VERSION, LOCALE, UTTERANCE, OWNER_INTENT_ID, ACTIVE, END_DATE, START_DATE) VALUES (3532, '2019-03-23 14:02:17.459000', '2019-03-23 16:30:05.634000', 1, 'en', 'how are you?', 3529, null, null, null);
INSERT INTO INTENT_UTTERANCE (ID, CREATION_DATE, LAST_UPDATE_DATE, VERSION, LOCALE, UTTERANCE, OWNER_INTENT_ID, ACTIVE, END_DATE, START_DATE) VALUES (3533, '2019-03-23 14:02:17.459000', '2019-03-23 16:30:05.634000', 1, 'en', 'howdy?', 3529, null, null, null);
INSERT INTO INTENT_UTTERANCE (ID, CREATION_DATE, LAST_UPDATE_DATE, VERSION, LOCALE, UTTERANCE, OWNER_INTENT_ID, ACTIVE, END_DATE, START_DATE) VALUES (3534, '2019-03-23 14:02:17.460000', '2019-03-23 16:30:05.634000', 1, 'en', 'how are you doing?', 3529, null, null, null);
INSERT INTO INTENT_UTTERANCE (ID, CREATION_DATE, LAST_UPDATE_DATE, VERSION, LOCALE, UTTERANCE, OWNER_INTENT_ID, ACTIVE, END_DATE, START_DATE) VALUES (3535, '2019-03-23 14:02:17.460000', '2019-03-23 16:30:05.634000', 1, 'en', 'hope you are doing good?', 3529, null, null, null);
INSERT INTO INTENT_UTTERANCE (ID, CREATION_DATE, LAST_UPDATE_DATE, VERSION, LOCALE, UTTERANCE, OWNER_INTENT_ID, ACTIVE, END_DATE, START_DATE) VALUES (3536, '2019-03-23 14:02:17.462000', '2019-03-23 16:30:05.634000', 1, 'en', 'are you ok?', 3529, null, null, null);
INSERT INTO INTENT_UTTERANCE (ID, CREATION_DATE, LAST_UPDATE_DATE, VERSION, LOCALE, UTTERANCE, OWNER_INTENT_ID, ACTIVE, END_DATE, START_DATE) VALUES (3537, '2019-03-23 14:02:17.463000', '2019-03-23 16:30:05.634000', 1, 'en', 'hello', 3529, null, null, null);
INSERT INTO INTENT_UTTERANCE (ID, CREATION_DATE, LAST_UPDATE_DATE, VERSION, LOCALE, UTTERANCE, OWNER_INTENT_ID, ACTIVE, END_DATE, START_DATE) VALUES (3538, '2019-03-23 14:02:17.463000', '2019-03-23 16:30:05.634000', 1, 'en', 'Ola', 3529, null, null, null);
INSERT INTO INTENT_UTTERANCE (ID, CREATION_DATE, LAST_UPDATE_DATE, VERSION, LOCALE, UTTERANCE, OWNER_INTENT_ID, ACTIVE, END_DATE, START_DATE) VALUES (3541, '2019-03-23 14:02:17.469000', '2019-03-23 14:04:39.025000', 1, 'en', 'help', 3539, null, null, null);
INSERT INTO INTENT_UTTERANCE (ID, CREATION_DATE, LAST_UPDATE_DATE, VERSION, LOCALE, UTTERANCE, OWNER_INTENT_ID, ACTIVE, END_DATE, START_DATE) VALUES (3542, '2019-03-23 14:02:17.469000', '2019-03-23 14:04:39.025000', 1, 'en', 'how do you work ?', 3539, null, null, null);
INSERT INTO INTENT_UTTERANCE (ID, CREATION_DATE, LAST_UPDATE_DATE, VERSION, LOCALE, UTTERANCE, OWNER_INTENT_ID, ACTIVE, END_DATE, START_DATE) VALUES (3543, '2019-03-23 14:02:17.496000', '2019-03-23 14:04:39.025000', 1, 'en', 'help me', 3539, null, null, null);
INSERT INTO INTENT_UTTERANCE (ID, CREATION_DATE, LAST_UPDATE_DATE, VERSION, LOCALE, UTTERANCE, OWNER_INTENT_ID, ACTIVE, END_DATE, START_DATE) VALUES (3546, '2019-03-23 14:02:17.511000', '2019-08-14 20:02:14.308000', 1, 'en', 'perform event delete', 3544, null, null, null);
INSERT INTO INTENT_UTTERANCE (ID, CREATION_DATE, LAST_UPDATE_DATE, VERSION, LOCALE, UTTERANCE, OWNER_INTENT_ID, ACTIVE, END_DATE, START_DATE) VALUES (3549, '2019-03-23 14:02:17.515000', '2019-03-23 14:02:17.515000', 1, 'en', 'fix login problems', 3547, null, null, null);
INSERT INTO INTENT_UTTERANCE (ID, CREATION_DATE, LAST_UPDATE_DATE, VERSION, LOCALE, UTTERANCE, OWNER_INTENT_ID, ACTIVE, END_DATE, START_DATE) VALUES (3550, '2019-03-23 14:02:17.515000', '2019-03-23 14:02:17.515000', 1, 'en', 'am having problems login', 3547, null, null, null);
INSERT INTO INTENT_UTTERANCE (ID, CREATION_DATE, LAST_UPDATE_DATE, VERSION, LOCALE, UTTERANCE, OWNER_INTENT_ID, ACTIVE, END_DATE, START_DATE) VALUES (3551, '2019-03-23 14:02:17.516000', '2019-03-23 14:02:17.516000', 1, 'en', 'not able to signin', 3547, null, null, null);
INSERT INTO INTENT_UTTERANCE (ID, CREATION_DATE, LAST_UPDATE_DATE, VERSION, LOCALE, UTTERANCE, OWNER_INTENT_ID, ACTIVE, END_DATE, START_DATE) VALUES (3552, '2019-03-23 14:02:17.516000', '2019-03-23 14:02:17.516000', 1, 'en', 'need help sign in', 3547, null, null, null);
INSERT INTO INTENT_UTTERANCE (ID, CREATION_DATE, LAST_UPDATE_DATE, VERSION, LOCALE, UTTERANCE, OWNER_INTENT_ID, ACTIVE, END_DATE, START_DATE) VALUES (3553, '2019-03-23 14:02:17.523000', '2019-03-23 14:02:17.523000', 1, 'en', 'fix log in problems', 3547, null, null, null);
INSERT INTO INTENT_UTTERANCE (ID, CREATION_DATE, LAST_UPDATE_DATE, VERSION, LOCALE, UTTERANCE, OWNER_INTENT_ID, ACTIVE, END_DATE, START_DATE) VALUES (3554, '2019-03-23 14:02:17.523000', '2019-03-23 14:02:17.523000', 1, 'en', 'resolve signin problems', 3547, null, null, null);
INSERT INTO INTENT_UTTERANCE (ID, CREATION_DATE, LAST_UPDATE_DATE, VERSION, LOCALE, UTTERANCE, OWNER_INTENT_ID, ACTIVE, END_DATE, START_DATE) VALUES (3555, '2019-03-23 14:02:17.524000', '2019-03-23 14:02:17.524000', 1, 'en', 'cannot log in', 3547, null, null, null);
INSERT INTO INTENT_UTTERANCE (ID, CREATION_DATE, LAST_UPDATE_DATE, VERSION, LOCALE, UTTERANCE, OWNER_INTENT_ID, ACTIVE, END_DATE, START_DATE) VALUES (3556, '2019-03-23 14:02:17.525000', '2019-03-23 14:02:17.525000', 1, 'en', 'am having problems log in', 3547, null, null, null);
INSERT INTO INTENT_UTTERANCE (ID, CREATION_DATE, LAST_UPDATE_DATE, VERSION, LOCALE, UTTERANCE, OWNER_INTENT_ID, ACTIVE, END_DATE, START_DATE) VALUES (3557, '2019-03-23 14:02:17.525000', '2019-03-23 14:02:17.525000', 1, 'en', 'resolve login problems', 3547, null, null, null);
INSERT INTO INTENT_UTTERANCE (ID, CREATION_DATE, LAST_UPDATE_DATE, VERSION, LOCALE, UTTERANCE, OWNER_INTENT_ID, ACTIVE, END_DATE, START_DATE) VALUES (3558, '2019-03-23 14:02:17.525000', '2019-03-23 14:02:17.525000', 1, 'en', 'resolve sign in problems', 3547, null, null, null);
INSERT INTO INTENT_UTTERANCE (ID, CREATION_DATE, LAST_UPDATE_DATE, VERSION, LOCALE, UTTERANCE, OWNER_INTENT_ID, ACTIVE, END_DATE, START_DATE) VALUES (3559, '2019-03-23 14:02:17.525000', '2019-03-23 14:02:17.525000', 1, 'en', 'resolve signin issues', 3547, null, null, null);
INSERT INTO INTENT_UTTERANCE (ID, CREATION_DATE, LAST_UPDATE_DATE, VERSION, LOCALE, UTTERANCE, OWNER_INTENT_ID, ACTIVE, END_DATE, START_DATE) VALUES (3560, '2019-03-23 14:02:17.525000', '2019-03-23 14:02:17.525000', 1, 'en', 'have troubles during log in', 3547, null, null, null);
INSERT INTO INTENT_UTTERANCE (ID, CREATION_DATE, LAST_UPDATE_DATE, VERSION, LOCALE, UTTERANCE, OWNER_INTENT_ID, ACTIVE, END_DATE, START_DATE) VALUES (3561, '2019-03-23 14:02:17.525000', '2019-03-23 14:02:17.525000', 1, 'en', 'not able to log in', 3547, null, null, null);
INSERT INTO INTENT_UTTERANCE (ID, CREATION_DATE, LAST_UPDATE_DATE, VERSION, LOCALE, UTTERANCE, OWNER_INTENT_ID, ACTIVE, END_DATE, START_DATE) VALUES (3562, '2019-03-23 14:02:17.526000', '2019-03-23 14:02:17.526000', 1, 'en', 'resolve log in problems', 3547, null, null, null);
INSERT INTO INTENT_UTTERANCE (ID, CREATION_DATE, LAST_UPDATE_DATE, VERSION, LOCALE, UTTERANCE, OWNER_INTENT_ID, ACTIVE, END_DATE, START_DATE) VALUES (3563, '2019-03-23 14:02:17.526000', '2019-03-23 14:02:17.526000', 1, 'en', 'have login issues', 3547, null, null, null);
INSERT INTO INTENT_UTTERANCE (ID, CREATION_DATE, LAST_UPDATE_DATE, VERSION, LOCALE, UTTERANCE, OWNER_INTENT_ID, ACTIVE, END_DATE, START_DATE) VALUES (3564, '2019-03-23 14:02:17.526000', '2019-03-23 14:02:17.526000', 1, 'en', 'resolve login issues', 3547, null, null, null);
INSERT INTO INTENT_UTTERANCE (ID, CREATION_DATE, LAST_UPDATE_DATE, VERSION, LOCALE, UTTERANCE, OWNER_INTENT_ID, ACTIVE, END_DATE, START_DATE) VALUES (3565, '2019-03-23 14:02:17.526000', '2019-03-23 14:02:17.526000', 1, 'en', 'resolve log in issues', 3547, null, null, null);
INSERT INTO INTENT_UTTERANCE (ID, CREATION_DATE, LAST_UPDATE_DATE, VERSION, LOCALE, UTTERANCE, OWNER_INTENT_ID, ACTIVE, END_DATE, START_DATE) VALUES (3566, '2019-03-23 14:02:17.527000', '2019-03-23 14:02:17.527000', 1, 'en', 'fix sign in problems', 3547, null, null, null);
INSERT INTO INTENT_UTTERANCE (ID, CREATION_DATE, LAST_UPDATE_DATE, VERSION, LOCALE, UTTERANCE, OWNER_INTENT_ID, ACTIVE, END_DATE, START_DATE) VALUES (3567, '2019-03-23 14:02:17.527000', '2019-03-23 14:02:17.527000', 1, 'en', 'fix signin issues', 3547, null, null, null);
INSERT INTO INTENT_UTTERANCE (ID, CREATION_DATE, LAST_UPDATE_DATE, VERSION, LOCALE, UTTERANCE, OWNER_INTENT_ID, ACTIVE, END_DATE, START_DATE) VALUES (3568, '2019-03-23 14:02:17.527000', '2019-03-23 14:02:17.527000', 1, 'en', 'have problems log in', 3547, null, null, null);
INSERT INTO INTENT_UTTERANCE (ID, CREATION_DATE, LAST_UPDATE_DATE, VERSION, LOCALE, UTTERANCE, OWNER_INTENT_ID, ACTIVE, END_DATE, START_DATE) VALUES (3569, '2019-03-23 14:02:17.527000', '2019-03-23 14:02:17.527000', 1, 'en', 'fix log in issues', 3547, null, null, null);
INSERT INTO INTENT_UTTERANCE (ID, CREATION_DATE, LAST_UPDATE_DATE, VERSION, LOCALE, UTTERANCE, OWNER_INTENT_ID, ACTIVE, END_DATE, START_DATE) VALUES (3570, '2019-03-23 14:02:17.527000', '2019-03-23 14:02:17.527000', 1, 'en', 'not able to login', 3547, null, null, null);
INSERT INTO INTENT_UTTERANCE (ID, CREATION_DATE, LAST_UPDATE_DATE, VERSION, LOCALE, UTTERANCE, OWNER_INTENT_ID, ACTIVE, END_DATE, START_DATE) VALUES (3571, '2019-03-23 14:02:17.527000', '2019-03-23 14:02:17.527000', 1, 'en', 'resolve sign in issues', 3547, null, null, null);
INSERT INTO INTENT_UTTERANCE (ID, CREATION_DATE, LAST_UPDATE_DATE, VERSION, LOCALE, UTTERANCE, OWNER_INTENT_ID, ACTIVE, END_DATE, START_DATE) VALUES (3572, '2019-03-23 14:02:17.528000', '2019-03-23 14:02:17.528000', 1, 'en', 'am having problems signin', 3547, null, null, null);
INSERT INTO INTENT_UTTERANCE (ID, CREATION_DATE, LAST_UPDATE_DATE, VERSION, LOCALE, UTTERANCE, OWNER_INTENT_ID, ACTIVE, END_DATE, START_DATE) VALUES (3573, '2019-03-23 14:02:17.528000', '2019-03-23 14:02:17.528000', 1, 'en', 'have log in issues', 3547, null, null, null);
INSERT INTO INTENT_UTTERANCE (ID, CREATION_DATE, LAST_UPDATE_DATE, VERSION, LOCALE, UTTERANCE, OWNER_INTENT_ID, ACTIVE, END_DATE, START_DATE) VALUES (3574, '2019-03-23 14:02:17.528000', '2019-03-23 14:02:17.528000', 1, 'en', 'having login problems', 3547, null, null, null);
INSERT INTO INTENT_UTTERANCE (ID, CREATION_DATE, LAST_UPDATE_DATE, VERSION, LOCALE, UTTERANCE, OWNER_INTENT_ID, ACTIVE, END_DATE, START_DATE) VALUES (3575, '2019-03-23 14:02:17.528000', '2019-03-23 14:02:17.528000', 1, 'en', 'not able to sign in', 3547, null, null, null);
INSERT INTO INTENT_UTTERANCE (ID, CREATION_DATE, LAST_UPDATE_DATE, VERSION, LOCALE, UTTERANCE, OWNER_INTENT_ID, ACTIVE, END_DATE, START_DATE) VALUES (3576, '2019-03-23 14:02:17.528000', '2019-03-23 14:02:17.528000', 1, 'en', 'cannot access my account', 3547, null, null, null);
INSERT INTO INTENT_UTTERANCE (ID, CREATION_DATE, LAST_UPDATE_DATE, VERSION, LOCALE, UTTERANCE, OWNER_INTENT_ID, ACTIVE, END_DATE, START_DATE) VALUES (3579, '2019-03-23 14:02:17.529000', '2019-03-23 14:02:17.529000', 1, 'en', 'that helps', 3577, null, null, null);
INSERT INTO INTENT_UTTERANCE (ID, CREATION_DATE, LAST_UPDATE_DATE, VERSION, LOCALE, UTTERANCE, OWNER_INTENT_ID, ACTIVE, END_DATE, START_DATE) VALUES (3580, '2019-03-23 14:02:17.529000', '2019-03-23 14:02:17.529000', 1, 'en', 'thank you', 3577, null, null, null);
INSERT INTO INTENT_UTTERANCE (ID, CREATION_DATE, LAST_UPDATE_DATE, VERSION, LOCALE, UTTERANCE, OWNER_INTENT_ID, ACTIVE, END_DATE, START_DATE) VALUES (3581, '2019-03-23 14:02:17.529000', '2019-03-23 14:02:17.529000', 1, 'en', 'helpful', 3577, null, null, null);
INSERT INTO INTENT_UTTERANCE (ID, CREATION_DATE, LAST_UPDATE_DATE, VERSION, LOCALE, UTTERANCE, OWNER_INTENT_ID, ACTIVE, END_DATE, START_DATE) VALUES (3582, '2019-03-23 14:02:17.529000', '2019-03-23 14:02:17.529000', 1, 'en', 'thanks', 3577, null, null, null);
INSERT INTO INTENT_UTTERANCE (ID, CREATION_DATE, LAST_UPDATE_DATE, VERSION, LOCALE, UTTERANCE, OWNER_INTENT_ID, ACTIVE, END_DATE, START_DATE) VALUES (3585, '2019-03-23 14:02:17.530000', '2019-03-23 14:02:17.530000', 1, 'en', 'event delete complete', 3583, null, null, null);
INSERT INTO INTENT_UTTERANCE (ID, CREATION_DATE, LAST_UPDATE_DATE, VERSION, LOCALE, UTTERANCE, OWNER_INTENT_ID, ACTIVE, END_DATE, START_DATE) VALUES (3588, '2019-03-23 14:02:17.534000', '2019-03-23 14:02:17.534000', 1, 'en', 'event', 3586, null, null, null);
INSERT INTO INTENT_UTTERANCE (ID, CREATION_DATE, LAST_UPDATE_DATE, VERSION, LOCALE, UTTERANCE, OWNER_INTENT_ID, ACTIVE, END_DATE, START_DATE) VALUES (3589, '2019-03-23 14:02:17.534000', '2019-03-23 14:02:17.534000', 1, 'en', 'please help me search for event', 3586, null, null, null);
INSERT INTO INTENT_UTTERANCE (ID, CREATION_DATE, LAST_UPDATE_DATE, VERSION, LOCALE, UTTERANCE, OWNER_INTENT_ID, ACTIVE, END_DATE, START_DATE) VALUES (3590, '2019-03-23 14:02:17.535000', '2019-03-23 14:02:17.535000', 1, 'en', 'hello I want to search for event', 3586, null, null, null);
INSERT INTO INTENT_UTTERANCE (ID, CREATION_DATE, LAST_UPDATE_DATE, VERSION, LOCALE, UTTERANCE, OWNER_INTENT_ID, ACTIVE, END_DATE, START_DATE) VALUES (3591, '2019-03-23 14:02:17.536000', '2019-03-23 14:02:17.536000', 1, 'en', 'I want to search for event', 3586, null, null, null);
INSERT INTO INTENT_UTTERANCE (ID, CREATION_DATE, LAST_UPDATE_DATE, VERSION, LOCALE, UTTERANCE, OWNER_INTENT_ID, ACTIVE, END_DATE, START_DATE) VALUES (3592, '2019-03-23 14:02:17.537000', '2019-03-23 14:02:17.537000', 1, 'en', 'where are my events', 3586, null, null, null);
INSERT INTO INTENT_UTTERANCE (ID, CREATION_DATE, LAST_UPDATE_DATE, VERSION, LOCALE, UTTERANCE, OWNER_INTENT_ID, ACTIVE, END_DATE, START_DATE) VALUES (3593, '2019-03-23 14:02:17.537000', '2019-03-23 14:02:17.537000', 1, 'en', 'hello help me search for event', 3586, null, null, null);
INSERT INTO INTENT_UTTERANCE (ID, CREATION_DATE, LAST_UPDATE_DATE, VERSION, LOCALE, UTTERANCE, OWNER_INTENT_ID, ACTIVE, END_DATE, START_DATE) VALUES (3594, '2019-03-23 14:02:17.538000', '2019-03-23 14:02:17.538000', 1, 'en', 'lookup events', 3586, null, null, null);
INSERT INTO INTENT_UTTERANCE (ID, CREATION_DATE, LAST_UPDATE_DATE, VERSION, LOCALE, UTTERANCE, OWNER_INTENT_ID, ACTIVE, END_DATE, START_DATE) VALUES (3595, '2019-03-23 14:02:17.542000', '2019-03-23 14:02:17.542000', 1, 'en', 'find event', 3586, null, null, null);
INSERT INTO INTENT_UTTERANCE (ID, CREATION_DATE, LAST_UPDATE_DATE, VERSION, LOCALE, UTTERANCE, OWNER_INTENT_ID, ACTIVE, END_DATE, START_DATE) VALUES (3596, '2019-03-23 14:02:17.542000', '2019-03-23 14:02:17.542000', 1, 'en', 'hello please help me search for events', 3586, null, null, null);
INSERT INTO INTENT_UTTERANCE (ID, CREATION_DATE, LAST_UPDATE_DATE, VERSION, LOCALE, UTTERANCE, OWNER_INTENT_ID, ACTIVE, END_DATE, START_DATE) VALUES (3597, '2019-03-23 14:02:17.543000', '2019-03-23 14:02:17.543000', 1, 'en', 'hello are there any events', 3586, null, null, null);
INSERT INTO INTENT_UTTERANCE (ID, CREATION_DATE, LAST_UPDATE_DATE, VERSION, LOCALE, UTTERANCE, OWNER_INTENT_ID, ACTIVE, END_DATE, START_DATE) VALUES (3598, '2019-03-23 14:02:17.543000', '2019-03-23 14:02:17.543000', 1, 'en', 'is there an event', 3586, null, null, null);
INSERT INTO INTENT_UTTERANCE (ID, CREATION_DATE, LAST_UPDATE_DATE, VERSION, LOCALE, UTTERANCE, OWNER_INTENT_ID, ACTIVE, END_DATE, START_DATE) VALUES (3599, '2019-03-23 14:02:17.543000', '2019-03-23 14:02:17.543000', 1, 'en', 'lookup event', 3586, null, null, null);
INSERT INTO INTENT_UTTERANCE (ID, CREATION_DATE, LAST_UPDATE_DATE, VERSION, LOCALE, UTTERANCE, OWNER_INTENT_ID, ACTIVE, END_DATE, START_DATE) VALUES (3600, '2019-03-23 14:02:17.547000', '2019-03-23 14:02:17.547000', 1, 'en', 'show me events', 3586, null, null, null);
INSERT INTO INTENT_UTTERANCE (ID, CREATION_DATE, LAST_UPDATE_DATE, VERSION, LOCALE, UTTERANCE, OWNER_INTENT_ID, ACTIVE, END_DATE, START_DATE) VALUES (3601, '2019-03-23 14:02:17.547000', '2019-03-23 14:02:17.547000', 1, 'en', 'can you search for events', 3586, null, null, null);
INSERT INTO INTENT_UTTERANCE (ID, CREATION_DATE, LAST_UPDATE_DATE, VERSION, LOCALE, UTTERANCE, OWNER_INTENT_ID, ACTIVE, END_DATE, START_DATE) VALUES (3602, '2019-03-23 14:02:17.547000', '2019-03-23 14:02:17.547000', 1, 'en', 'can you search for event', 3586, null, null, null);
INSERT INTO INTENT_UTTERANCE (ID, CREATION_DATE, LAST_UPDATE_DATE, VERSION, LOCALE, UTTERANCE, OWNER_INTENT_ID, ACTIVE, END_DATE, START_DATE) VALUES (3603, '2019-03-23 14:02:17.548000', '2019-03-23 14:02:17.548000', 1, 'en', 'hello is there an event', 3586, null, null, null);
INSERT INTO INTENT_UTTERANCE (ID, CREATION_DATE, LAST_UPDATE_DATE, VERSION, LOCALE, UTTERANCE, OWNER_INTENT_ID, ACTIVE, END_DATE, START_DATE) VALUES (3604, '2019-03-23 14:02:17.548000', '2019-03-23 14:02:17.548000', 1, 'en', 'hello search for events', 3586, null, null, null);
INSERT INTO INTENT_UTTERANCE (ID, CREATION_DATE, LAST_UPDATE_DATE, VERSION, LOCALE, UTTERANCE, OWNER_INTENT_ID, ACTIVE, END_DATE, START_DATE) VALUES (3605, '2019-03-23 14:02:17.548000', '2019-03-23 14:02:17.548000', 1, 'en', 'look for events', 3586, null, null, null);
INSERT INTO INTENT_UTTERANCE (ID, CREATION_DATE, LAST_UPDATE_DATE, VERSION, LOCALE, UTTERANCE, OWNER_INTENT_ID, ACTIVE, END_DATE, START_DATE) VALUES (3606, '2019-03-23 14:02:17.548000', '2019-03-23 14:02:17.548000', 1, 'en', 'hello look for events', 3586, null, null, null);
INSERT INTO INTENT_UTTERANCE (ID, CREATION_DATE, LAST_UPDATE_DATE, VERSION, LOCALE, UTTERANCE, OWNER_INTENT_ID, ACTIVE, END_DATE, START_DATE) VALUES (3607, '2019-03-23 14:02:17.549000', '2019-03-23 14:02:17.549000', 1, 'en', 'I want to search for events', 3586, null, null, null);
INSERT INTO INTENT_UTTERANCE (ID, CREATION_DATE, LAST_UPDATE_DATE, VERSION, LOCALE, UTTERANCE, OWNER_INTENT_ID, ACTIVE, END_DATE, START_DATE) VALUES (3608, '2019-03-23 14:02:17.549000', '2019-03-23 14:02:17.549000', 1, 'en', 'search event', 3586, null, null, null);
INSERT INTO INTENT_UTTERANCE (ID, CREATION_DATE, LAST_UPDATE_DATE, VERSION, LOCALE, UTTERANCE, OWNER_INTENT_ID, ACTIVE, END_DATE, START_DATE) VALUES (3609, '2019-03-23 14:02:17.549000', '2019-03-23 14:02:17.549000', 1, 'en', 'search for events', 3586, null, null, null);
INSERT INTO INTENT_UTTERANCE (ID, CREATION_DATE, LAST_UPDATE_DATE, VERSION, LOCALE, UTTERANCE, OWNER_INTENT_ID, ACTIVE, END_DATE, START_DATE) VALUES (3610, '2019-03-23 14:02:17.550000', '2019-03-23 14:02:17.550000', 1, 'en', 'are there any events', 3586, null, null, null);
INSERT INTO INTENT_UTTERANCE (ID, CREATION_DATE, LAST_UPDATE_DATE, VERSION, LOCALE, UTTERANCE, OWNER_INTENT_ID, ACTIVE, END_DATE, START_DATE) VALUES (3611, '2019-03-23 14:02:17.551000', '2019-03-23 14:02:17.551000', 1, 'en', 'show me my events', 3586, null, null, null);
INSERT INTO INTENT_UTTERANCE (ID, CREATION_DATE, LAST_UPDATE_DATE, VERSION, LOCALE, UTTERANCE, OWNER_INTENT_ID, ACTIVE, END_DATE, START_DATE) VALUES (3612, '2019-03-23 14:02:17.552000', '2019-03-23 14:02:17.552000', 1, 'en', 'hello can you search for events', 3586, null, null, null);
INSERT INTO INTENT_UTTERANCE (ID, CREATION_DATE, LAST_UPDATE_DATE, VERSION, LOCALE, UTTERANCE, OWNER_INTENT_ID, ACTIVE, END_DATE, START_DATE) VALUES (3613, '2019-03-23 14:02:17.552000', '2019-03-23 14:02:17.552000', 1, 'en', 'hello can you search for event', 3586, null, null, null);
INSERT INTO INTENT_UTTERANCE (ID, CREATION_DATE, LAST_UPDATE_DATE, VERSION, LOCALE, UTTERANCE, OWNER_INTENT_ID, ACTIVE, END_DATE, START_DATE) VALUES (3614, '2019-03-23 14:02:17.552000', '2019-03-23 14:02:17.552000', 1, 'en', 'please help me search for events', 3586, null, null, null);
INSERT INTO INTENT_UTTERANCE (ID, CREATION_DATE, LAST_UPDATE_DATE, VERSION, LOCALE, UTTERANCE, OWNER_INTENT_ID, ACTIVE, END_DATE, START_DATE) VALUES (3615, '2019-03-23 14:02:17.553000', '2019-03-23 14:02:17.553000', 1, 'en', 'find events', 3586, null, null, null);
INSERT INTO INTENT_UTTERANCE (ID, CREATION_DATE, LAST_UPDATE_DATE, VERSION, LOCALE, UTTERANCE, OWNER_INTENT_ID, ACTIVE, END_DATE, START_DATE) VALUES (3616, '2019-03-23 14:02:17.553000', '2019-03-23 14:02:17.553000', 1, 'en', 'events', 3586, null, null, null);
INSERT INTO INTENT_UTTERANCE (ID, CREATION_DATE, LAST_UPDATE_DATE, VERSION, LOCALE, UTTERANCE, OWNER_INTENT_ID, ACTIVE, END_DATE, START_DATE) VALUES (3617, '2019-03-23 14:02:17.553000', '2019-03-23 14:02:17.553000', 1, 'en', 'hello I want to search for events', 3586, null, null, null);
INSERT INTO INTENT_UTTERANCE (ID, CREATION_DATE, LAST_UPDATE_DATE, VERSION, LOCALE, UTTERANCE, OWNER_INTENT_ID, ACTIVE, END_DATE, START_DATE) VALUES (3618, '2019-03-23 14:02:17.553000', '2019-03-23 14:02:17.553000', 1, 'en', 'hello please help me search for event', 3586, null, null, null);
INSERT INTO INTENT_UTTERANCE (ID, CREATION_DATE, LAST_UPDATE_DATE, VERSION, LOCALE, UTTERANCE, OWNER_INTENT_ID, ACTIVE, END_DATE, START_DATE) VALUES (3619, '2019-03-23 14:02:17.554000', '2019-03-23 14:02:17.554000', 1, 'en', 'search events', 3586, null, null, null);
INSERT INTO INTENT_UTTERANCE (ID, CREATION_DATE, LAST_UPDATE_DATE, VERSION, LOCALE, UTTERANCE, OWNER_INTENT_ID, ACTIVE, END_DATE, START_DATE) VALUES (3620, '2019-03-23 14:02:17.554000', '2019-03-23 14:02:17.554000', 1, 'en', 'help me search for event', 3586, null, null, null);
INSERT INTO INTENT_UTTERANCE (ID, CREATION_DATE, LAST_UPDATE_DATE, VERSION, LOCALE, UTTERANCE, OWNER_INTENT_ID, ACTIVE, END_DATE, START_DATE) VALUES (3623, '2019-03-23 14:02:17.561000', '2019-03-23 14:02:17.561000', 1, 'en', 'what are events near', 3621, null, null, null);
INSERT INTO INTENT_UTTERANCE (ID, CREATION_DATE, LAST_UPDATE_DATE, VERSION, LOCALE, UTTERANCE, OWNER_INTENT_ID, ACTIVE, END_DATE, START_DATE) VALUES (3624, '2019-03-23 14:02:17.561000', '2019-03-23 14:02:17.561000', 1, 'en', 'hello I want to search event in', 3621, null, null, null);
INSERT INTO INTENT_UTTERANCE (ID, CREATION_DATE, LAST_UPDATE_DATE, VERSION, LOCALE, UTTERANCE, OWNER_INTENT_ID, ACTIVE, END_DATE, START_DATE) VALUES (3625, '2019-03-23 14:02:17.561000', '2019-03-23 14:02:17.561000', 1, 'en', 'get search events in', 3621, null, null, null);
INSERT INTO INTENT_UTTERANCE (ID, CREATION_DATE, LAST_UPDATE_DATE, VERSION, LOCALE, UTTERANCE, OWNER_INTENT_ID, ACTIVE, END_DATE, START_DATE) VALUES (3626, '2019-03-23 14:02:17.562000', '2019-03-23 14:02:17.562000', 1, 'en', 'I want to search event near', 3621, null, null, null);
INSERT INTO INTENT_UTTERANCE (ID, CREATION_DATE, LAST_UPDATE_DATE, VERSION, LOCALE, UTTERANCE, OWNER_INTENT_ID, ACTIVE, END_DATE, START_DATE) VALUES (3627, '2019-03-23 14:02:17.562000', '2019-03-23 14:02:17.562000', 1, 'en', 'search events close to', 3621, null, null, null);
INSERT INTO INTENT_UTTERANCE (ID, CREATION_DATE, LAST_UPDATE_DATE, VERSION, LOCALE, UTTERANCE, OWNER_INTENT_ID, ACTIVE, END_DATE, START_DATE) VALUES (3628, '2019-03-23 14:02:17.563000', '2019-03-23 14:02:17.563000', 1, 'en', 'hello what are events near', 3621, null, null, null);
INSERT INTO INTENT_UTTERANCE (ID, CREATION_DATE, LAST_UPDATE_DATE, VERSION, LOCALE, UTTERANCE, OWNER_INTENT_ID, ACTIVE, END_DATE, START_DATE) VALUES (3629, '2019-03-23 14:02:17.563000', '2019-03-23 14:02:17.563000', 1, 'en', 'hello what is event near', 3621, null, null, null);
INSERT INTO INTENT_UTTERANCE (ID, CREATION_DATE, LAST_UPDATE_DATE, VERSION, LOCALE, UTTERANCE, OWNER_INTENT_ID, ACTIVE, END_DATE, START_DATE) VALUES (3630, '2019-03-23 14:02:17.564000', '2019-03-23 14:02:17.564000', 1, 'en', 'hello search event in', 3621, null, null, null);
INSERT INTO INTENT_UTTERANCE (ID, CREATION_DATE, LAST_UPDATE_DATE, VERSION, LOCALE, UTTERANCE, OWNER_INTENT_ID, ACTIVE, END_DATE, START_DATE) VALUES (3631, '2019-03-23 14:02:17.564000', '2019-03-23 14:02:17.564000', 1, 'en', 'I want to search events near', 3621, null, null, null);
INSERT INTO INTENT_UTTERANCE (ID, CREATION_DATE, LAST_UPDATE_DATE, VERSION, LOCALE, UTTERANCE, OWNER_INTENT_ID, ACTIVE, END_DATE, START_DATE) VALUES (3632, '2019-03-23 14:02:17.564000', '2019-03-23 14:02:17.564000', 1, 'en', 'are there events near', 3621, null, null, null);
INSERT INTO INTENT_UTTERANCE (ID, CREATION_DATE, LAST_UPDATE_DATE, VERSION, LOCALE, UTTERANCE, OWNER_INTENT_ID, ACTIVE, END_DATE, START_DATE) VALUES (3633, '2019-03-23 14:02:17.564000', '2019-03-23 14:02:17.564000', 1, 'en', 'search for event in', 3621, null, null, null);
INSERT INTO INTENT_UTTERANCE (ID, CREATION_DATE, LAST_UPDATE_DATE, VERSION, LOCALE, UTTERANCE, OWNER_INTENT_ID, ACTIVE, END_DATE, START_DATE) VALUES (3634, '2019-03-23 14:02:17.565000', '2019-03-23 14:02:17.565000', 1, 'en', 'hello can you search event in', 3621, null, null, null);
INSERT INTO INTENT_UTTERANCE (ID, CREATION_DATE, LAST_UPDATE_DATE, VERSION, LOCALE, UTTERANCE, OWNER_INTENT_ID, ACTIVE, END_DATE, START_DATE) VALUES (3635, '2019-03-23 14:02:17.565000', '2019-03-23 14:02:17.565000', 1, 'en', 'search event near', 3621, null, null, null);
INSERT INTO INTENT_UTTERANCE (ID, CREATION_DATE, LAST_UPDATE_DATE, VERSION, LOCALE, UTTERANCE, OWNER_INTENT_ID, ACTIVE, END_DATE, START_DATE) VALUES (3636, '2019-03-23 14:02:17.565000', '2019-03-23 14:02:17.565000', 1, 'en', 'search event in', 3621, null, null, null);
INSERT INTO INTENT_UTTERANCE (ID, CREATION_DATE, LAST_UPDATE_DATE, VERSION, LOCALE, UTTERANCE, OWNER_INTENT_ID, ACTIVE, END_DATE, START_DATE) VALUES (3637, '2019-03-23 14:02:17.565000', '2019-03-23 14:02:17.565000', 1, 'en', 'search for events near', 3621, null, null, null);
INSERT INTO INTENT_UTTERANCE (ID, CREATION_DATE, LAST_UPDATE_DATE, VERSION, LOCALE, UTTERANCE, OWNER_INTENT_ID, ACTIVE, END_DATE, START_DATE) VALUES (3638, '2019-03-23 14:02:17.565000', '2019-03-23 14:02:17.565000', 1, 'en', 'hello what are events in', 3621, null, null, null);
INSERT INTO INTENT_UTTERANCE (ID, CREATION_DATE, LAST_UPDATE_DATE, VERSION, LOCALE, UTTERANCE, OWNER_INTENT_ID, ACTIVE, END_DATE, START_DATE) VALUES (3639, '2019-03-23 14:02:17.566000', '2019-03-23 14:02:17.566000', 1, 'en', 'hello search for event near', 3621, null, null, null);
INSERT INTO INTENT_UTTERANCE (ID, CREATION_DATE, LAST_UPDATE_DATE, VERSION, LOCALE, UTTERANCE, OWNER_INTENT_ID, ACTIVE, END_DATE, START_DATE) VALUES (3640, '2019-03-23 14:02:17.566000', '2019-03-23 14:02:17.566000', 1, 'en', 'hello what events are near', 3621, null, null, null);
INSERT INTO INTENT_UTTERANCE (ID, CREATION_DATE, LAST_UPDATE_DATE, VERSION, LOCALE, UTTERANCE, OWNER_INTENT_ID, ACTIVE, END_DATE, START_DATE) VALUES (3641, '2019-03-23 14:02:17.566000', '2019-03-23 14:02:17.566000', 1, 'en', 'hello can you search event near', 3621, null, null, null);
INSERT INTO INTENT_UTTERANCE (ID, CREATION_DATE, LAST_UPDATE_DATE, VERSION, LOCALE, UTTERANCE, OWNER_INTENT_ID, ACTIVE, END_DATE, START_DATE) VALUES (3642, '2019-03-23 14:02:17.567000', '2019-03-23 14:02:17.567000', 1, 'en', 'get search events near', 3621, null, null, null);
INSERT INTO INTENT_UTTERANCE (ID, CREATION_DATE, LAST_UPDATE_DATE, VERSION, LOCALE, UTTERANCE, OWNER_INTENT_ID, ACTIVE, END_DATE, START_DATE) VALUES (3643, '2019-03-23 14:02:17.567000', '2019-03-23 14:02:17.567000', 1, 'en', 'what events are near', 3621, null, null, null);
INSERT INTO INTENT_UTTERANCE (ID, CREATION_DATE, LAST_UPDATE_DATE, VERSION, LOCALE, UTTERANCE, OWNER_INTENT_ID, ACTIVE, END_DATE, START_DATE) VALUES (3644, '2019-03-23 14:02:17.568000', '2019-03-23 14:02:17.568000', 1, 'en', 'hello search event close to', 3621, null, null, null);
INSERT INTO INTENT_UTTERANCE (ID, CREATION_DATE, LAST_UPDATE_DATE, VERSION, LOCALE, UTTERANCE, OWNER_INTENT_ID, ACTIVE, END_DATE, START_DATE) VALUES (3645, '2019-03-23 14:02:17.568000', '2019-03-23 14:02:17.568000', 1, 'en', 'hello can you search events near', 3621, null, null, null);
INSERT INTO INTENT_UTTERANCE (ID, CREATION_DATE, LAST_UPDATE_DATE, VERSION, LOCALE, UTTERANCE, OWNER_INTENT_ID, ACTIVE, END_DATE, START_DATE) VALUES (3646, '2019-03-23 14:02:17.568000', '2019-03-23 14:02:17.568000', 1, 'en', 'look for event near', 3621, null, null, null);
INSERT INTO INTENT_UTTERANCE (ID, CREATION_DATE, LAST_UPDATE_DATE, VERSION, LOCALE, UTTERANCE, OWNER_INTENT_ID, ACTIVE, END_DATE, START_DATE) VALUES (3647, '2019-03-23 14:02:17.570000', '2019-03-23 14:02:17.570000', 1, 'en', 'can you search event near', 3621, null, null, null);
INSERT INTO INTENT_UTTERANCE (ID, CREATION_DATE, LAST_UPDATE_DATE, VERSION, LOCALE, UTTERANCE, OWNER_INTENT_ID, ACTIVE, END_DATE, START_DATE) VALUES (3648, '2019-03-23 14:02:17.570000', '2019-03-23 14:02:17.570000', 1, 'en', 'can you search event in', 3621, null, null, null);
INSERT INTO INTENT_UTTERANCE (ID, CREATION_DATE, LAST_UPDATE_DATE, VERSION, LOCALE, UTTERANCE, OWNER_INTENT_ID, ACTIVE, END_DATE, START_DATE) VALUES (3649, '2019-03-23 14:02:17.571000', '2019-03-23 14:02:17.571000', 1, 'en', 'hello look for event near', 3621, null, null, null);
INSERT INTO INTENT_UTTERANCE (ID, CREATION_DATE, LAST_UPDATE_DATE, VERSION, LOCALE, UTTERANCE, OWNER_INTENT_ID, ACTIVE, END_DATE, START_DATE) VALUES (3650, '2019-03-23 14:02:17.572000', '2019-03-23 14:02:17.572000', 1, 'en', 'look for event in', 3621, null, null, null);
INSERT INTO INTENT_UTTERANCE (ID, CREATION_DATE, LAST_UPDATE_DATE, VERSION, LOCALE, UTTERANCE, OWNER_INTENT_ID, ACTIVE, END_DATE, START_DATE) VALUES (3651, '2019-03-23 14:02:17.572000', '2019-03-23 14:02:17.572000', 1, 'en', 'what events are in', 3621, null, null, null);
INSERT INTO INTENT_UTTERANCE (ID, CREATION_DATE, LAST_UPDATE_DATE, VERSION, LOCALE, UTTERANCE, OWNER_INTENT_ID, ACTIVE, END_DATE, START_DATE) VALUES (3652, '2019-03-23 14:02:17.573000', '2019-03-23 14:02:17.573000', 1, 'en', 'hello search for events near', 3621, null, null, null);
INSERT INTO INTENT_UTTERANCE (ID, CREATION_DATE, LAST_UPDATE_DATE, VERSION, LOCALE, UTTERANCE, OWNER_INTENT_ID, ACTIVE, END_DATE, START_DATE) VALUES (3653, '2019-03-23 14:02:17.573000', '2019-03-23 14:02:17.573000', 1, 'en', 'search for event near', 3621, null, null, null);
INSERT INTO INTENT_UTTERANCE (ID, CREATION_DATE, LAST_UPDATE_DATE, VERSION, LOCALE, UTTERANCE, OWNER_INTENT_ID, ACTIVE, END_DATE, START_DATE) VALUES (3654, '2019-03-23 14:02:17.573000', '2019-03-23 14:02:17.573000', 1, 'en', 'search event close to', 3621, null, null, null);
INSERT INTO INTENT_UTTERANCE (ID, CREATION_DATE, LAST_UPDATE_DATE, VERSION, LOCALE, UTTERANCE, OWNER_INTENT_ID, ACTIVE, END_DATE, START_DATE) VALUES (3655, '2019-03-23 14:02:17.574000', '2019-03-23 14:02:17.574000', 1, 'en', 'hello what is event in', 3621, null, null, null);
INSERT INTO INTENT_UTTERANCE (ID, CREATION_DATE, LAST_UPDATE_DATE, VERSION, LOCALE, UTTERANCE, OWNER_INTENT_ID, ACTIVE, END_DATE, START_DATE) VALUES (3656, '2019-03-23 14:02:17.574000', '2019-03-23 14:02:17.574000', 1, 'en', 'are there events in', 3621, null, null, null);
INSERT INTO INTENT_UTTERANCE (ID, CREATION_DATE, LAST_UPDATE_DATE, VERSION, LOCALE, UTTERANCE, OWNER_INTENT_ID, ACTIVE, END_DATE, START_DATE) VALUES (3657, '2019-03-23 14:02:17.574000', '2019-03-23 14:02:17.574000', 1, 'en', 'search for events in', 3621, null, null, null);
INSERT INTO INTENT_UTTERANCE (ID, CREATION_DATE, LAST_UPDATE_DATE, VERSION, LOCALE, UTTERANCE, OWNER_INTENT_ID, ACTIVE, END_DATE, START_DATE) VALUES (3658, '2019-03-23 14:02:17.575000', '2019-03-23 14:02:17.575000', 1, 'en', 'search events near', 3621, null, null, null);
INSERT INTO INTENT_UTTERANCE (ID, CREATION_DATE, LAST_UPDATE_DATE, VERSION, LOCALE, UTTERANCE, OWNER_INTENT_ID, ACTIVE, END_DATE, START_DATE) VALUES (3659, '2019-03-23 14:02:17.575000', '2019-03-23 14:02:17.575000', 1, 'en', 'hello look for event in', 3621, null, null, null);
INSERT INTO INTENT_UTTERANCE (ID, CREATION_DATE, LAST_UPDATE_DATE, VERSION, LOCALE, UTTERANCE, OWNER_INTENT_ID, ACTIVE, END_DATE, START_DATE) VALUES (3660, '2019-03-23 14:02:17.576000', '2019-03-23 14:02:17.576000', 1, 'en', 'I want to search event in', 3621, null, null, null);
INSERT INTO INTENT_UTTERANCE (ID, CREATION_DATE, LAST_UPDATE_DATE, VERSION, LOCALE, UTTERANCE, OWNER_INTENT_ID, ACTIVE, END_DATE, START_DATE) VALUES (3661, '2019-03-23 14:02:17.576000', '2019-03-23 14:02:17.576000', 1, 'en', 'can you search events near', 3621, null, null, null);
INSERT INTO INTENT_UTTERANCE (ID, CREATION_DATE, LAST_UPDATE_DATE, VERSION, LOCALE, UTTERANCE, OWNER_INTENT_ID, ACTIVE, END_DATE, START_DATE) VALUES (3662, '2019-03-23 14:02:17.576000', '2019-03-23 14:02:17.576000', 1, 'en', 'hello search events close to', 3621, null, null, null);
INSERT INTO INTENT_UTTERANCE (ID, CREATION_DATE, LAST_UPDATE_DATE, VERSION, LOCALE, UTTERANCE, OWNER_INTENT_ID, ACTIVE, END_DATE, START_DATE) VALUES (3663, '2019-03-23 14:02:17.577000', '2019-03-23 14:02:17.577000', 1, 'en', 'hello search event near', 3621, null, null, null);
INSERT INTO INTENT_UTTERANCE (ID, CREATION_DATE, LAST_UPDATE_DATE, VERSION, LOCALE, UTTERANCE, OWNER_INTENT_ID, ACTIVE, END_DATE, START_DATE) VALUES (3664, '2019-03-23 14:02:17.577000', '2019-03-23 14:02:17.577000', 1, 'en', 'hello search for events in', 3621, null, null, null);
INSERT INTO INTENT_UTTERANCE (ID, CREATION_DATE, LAST_UPDATE_DATE, VERSION, LOCALE, UTTERANCE, OWNER_INTENT_ID, ACTIVE, END_DATE, START_DATE) VALUES (3665, '2019-03-23 14:02:17.578000', '2019-03-23 14:02:17.578000', 1, 'en', 'hello get search events in', 3621, null, null, null);
INSERT INTO INTENT_UTTERANCE (ID, CREATION_DATE, LAST_UPDATE_DATE, VERSION, LOCALE, UTTERANCE, OWNER_INTENT_ID, ACTIVE, END_DATE, START_DATE) VALUES (3666, '2019-03-23 14:02:17.579000', '2019-03-23 14:02:17.579000', 1, 'en', 'look for events near', 3621, null, null, null);
INSERT INTO INTENT_UTTERANCE (ID, CREATION_DATE, LAST_UPDATE_DATE, VERSION, LOCALE, UTTERANCE, OWNER_INTENT_ID, ACTIVE, END_DATE, START_DATE) VALUES (3667, '2019-03-23 14:02:17.579000', '2019-03-23 14:02:17.579000', 1, 'en', 'hello look for events near', 3621, null, null, null);
INSERT INTO INTENT_UTTERANCE (ID, CREATION_DATE, LAST_UPDATE_DATE, VERSION, LOCALE, UTTERANCE, OWNER_INTENT_ID, ACTIVE, END_DATE, START_DATE) VALUES (3668, '2019-03-23 14:02:17.579000', '2019-03-23 14:02:17.579000', 1, 'en', 'is there event in', 3621, null, null, null);
INSERT INTO INTENT_UTTERANCE (ID, CREATION_DATE, LAST_UPDATE_DATE, VERSION, LOCALE, UTTERANCE, OWNER_INTENT_ID, ACTIVE, END_DATE, START_DATE) VALUES (3669, '2019-03-23 14:02:17.579000', '2019-03-23 14:02:17.579000', 1, 'en', 'hello I want to search events near', 3621, null, null, null);
INSERT INTO INTENT_UTTERANCE (ID, CREATION_DATE, LAST_UPDATE_DATE, VERSION, LOCALE, UTTERANCE, OWNER_INTENT_ID, ACTIVE, END_DATE, START_DATE) VALUES (3670, '2019-03-23 14:02:17.580000', '2019-03-23 14:02:17.580000', 1, 'en', 'look for events in', 3621, null, null, null);
INSERT INTO INTENT_UTTERANCE (ID, CREATION_DATE, LAST_UPDATE_DATE, VERSION, LOCALE, UTTERANCE, OWNER_INTENT_ID, ACTIVE, END_DATE, START_DATE) VALUES (3671, '2019-03-23 14:02:17.580000', '2019-03-23 14:02:17.580000', 1, 'en', 'what is event near', 3621, null, null, null);
INSERT INTO INTENT_UTTERANCE (ID, CREATION_DATE, LAST_UPDATE_DATE, VERSION, LOCALE, UTTERANCE, OWNER_INTENT_ID, ACTIVE, END_DATE, START_DATE) VALUES (3672, '2019-03-23 14:02:17.580000', '2019-03-23 14:02:17.580000', 1, 'en', 'hello what events are in', 3621, null, null, null);
INSERT INTO INTENT_UTTERANCE (ID, CREATION_DATE, LAST_UPDATE_DATE, VERSION, LOCALE, UTTERANCE, OWNER_INTENT_ID, ACTIVE, END_DATE, START_DATE) VALUES (3673, '2019-03-23 14:02:17.580000', '2019-03-23 14:02:17.580000', 1, 'en', 'what are events in', 3621, null, null, null);
INSERT INTO INTENT_UTTERANCE (ID, CREATION_DATE, LAST_UPDATE_DATE, VERSION, LOCALE, UTTERANCE, OWNER_INTENT_ID, ACTIVE, END_DATE, START_DATE) VALUES (3674, '2019-03-23 14:02:17.581000', '2019-03-23 14:02:17.581000', 1, 'en', 'is there event near', 3621, null, null, null);
INSERT INTO INTENT_UTTERANCE (ID, CREATION_DATE, LAST_UPDATE_DATE, VERSION, LOCALE, UTTERANCE, OWNER_INTENT_ID, ACTIVE, END_DATE, START_DATE) VALUES (3675, '2019-03-23 14:02:17.581000', '2019-03-23 14:02:17.581000', 1, 'en', 'hello can you search events in', 3621, null, null, null);
INSERT INTO INTENT_UTTERANCE (ID, CREATION_DATE, LAST_UPDATE_DATE, VERSION, LOCALE, UTTERANCE, OWNER_INTENT_ID, ACTIVE, END_DATE, START_DATE) VALUES (3676, '2019-03-23 14:02:17.581000', '2019-03-23 14:02:17.581000', 1, 'en', 'can you search events in', 3621, null, null, null);
INSERT INTO INTENT_UTTERANCE (ID, CREATION_DATE, LAST_UPDATE_DATE, VERSION, LOCALE, UTTERANCE, OWNER_INTENT_ID, ACTIVE, END_DATE, START_DATE) VALUES (3677, '2019-03-23 14:02:17.581000', '2019-03-23 14:02:17.581000', 1, 'en', 'I want to search events in', 3621, null, null, null);
INSERT INTO INTENT_UTTERANCE (ID, CREATION_DATE, LAST_UPDATE_DATE, VERSION, LOCALE, UTTERANCE, OWNER_INTENT_ID, ACTIVE, END_DATE, START_DATE) VALUES (3678, '2019-03-23 14:02:17.581000', '2019-03-23 14:02:17.581000', 1, 'en', 'hello search events near', 3621, null, null, null);
INSERT INTO INTENT_UTTERANCE (ID, CREATION_DATE, LAST_UPDATE_DATE, VERSION, LOCALE, UTTERANCE, OWNER_INTENT_ID, ACTIVE, END_DATE, START_DATE) VALUES (3679, '2019-03-23 14:02:17.581000', '2019-03-23 14:02:17.581000', 1, 'en', 'what is event in', 3621, null, null, null);
INSERT INTO INTENT_UTTERANCE (ID, CREATION_DATE, LAST_UPDATE_DATE, VERSION, LOCALE, UTTERANCE, OWNER_INTENT_ID, ACTIVE, END_DATE, START_DATE) VALUES (3680, '2019-03-23 14:02:17.582000', '2019-03-23 14:02:17.582000', 1, 'en', 'hello I want to search event near', 3621, null, null, null);
INSERT INTO INTENT_UTTERANCE (ID, CREATION_DATE, LAST_UPDATE_DATE, VERSION, LOCALE, UTTERANCE, OWNER_INTENT_ID, ACTIVE, END_DATE, START_DATE) VALUES (3681, '2019-03-23 14:02:17.582000', '2019-03-23 14:02:17.582000', 1, 'en', 'hello get search events near', 3621, null, null, null);
INSERT INTO INTENT_UTTERANCE (ID, CREATION_DATE, LAST_UPDATE_DATE, VERSION, LOCALE, UTTERANCE, OWNER_INTENT_ID, ACTIVE, END_DATE, START_DATE) VALUES (3682, '2019-03-23 14:02:17.582000', '2019-03-23 14:02:17.582000', 1, 'en', 'hello search events in', 3621, null, null, null);
INSERT INTO INTENT_UTTERANCE (ID, CREATION_DATE, LAST_UPDATE_DATE, VERSION, LOCALE, UTTERANCE, OWNER_INTENT_ID, ACTIVE, END_DATE, START_DATE) VALUES (3683, '2019-03-23 14:02:17.582000', '2019-03-23 14:02:17.582000', 1, 'en', 'search events in', 3621, null, null, null);
INSERT INTO INTENT_UTTERANCE (ID, CREATION_DATE, LAST_UPDATE_DATE, VERSION, LOCALE, UTTERANCE, OWNER_INTENT_ID, ACTIVE, END_DATE, START_DATE) VALUES (3684, '2019-03-23 14:02:17.582000', '2019-03-23 14:02:17.582000', 1, 'en', 'hello look for events in', 3621, null, null, null);
INSERT INTO INTENT_UTTERANCE (ID, CREATION_DATE, LAST_UPDATE_DATE, VERSION, LOCALE, UTTERANCE, OWNER_INTENT_ID, ACTIVE, END_DATE, START_DATE) VALUES (3685, '2019-03-23 14:02:17.585000', '2019-03-23 14:02:17.585000', 1, 'en', 'hello search for event in', 3621, null, null, null);
INSERT INTO INTENT_UTTERANCE (ID, CREATION_DATE, LAST_UPDATE_DATE, VERSION, LOCALE, UTTERANCE, OWNER_INTENT_ID, ACTIVE, END_DATE, START_DATE) VALUES (3686, '2019-03-23 14:02:17.585000', '2019-03-23 14:02:17.585000', 1, 'en', 'hello I want to search events in', 3621, null, null, null);
INSERT INTO INTENT_UTTERANCE (ID, CREATION_DATE, LAST_UPDATE_DATE, VERSION, LOCALE, UTTERANCE, OWNER_INTENT_ID, ACTIVE, END_DATE, START_DATE) VALUES (3689, '2019-03-23 14:02:17.586000', '2019-03-23 14:02:17.586000', 1, 'en', 'create roles', 3687, null, null, null);
INSERT INTO INTENT_UTTERANCE (ID, CREATION_DATE, LAST_UPDATE_DATE, VERSION, LOCALE, UTTERANCE, OWNER_INTENT_ID, ACTIVE, END_DATE, START_DATE) VALUES (3690, '2019-03-23 14:02:17.591000', '2019-03-23 14:02:17.591000', 1, 'en', 'roles create', 3687, null, null, null);
INSERT INTO INTENT_UTTERANCE (ID, CREATION_DATE, LAST_UPDATE_DATE, VERSION, LOCALE, UTTERANCE, OWNER_INTENT_ID, ACTIVE, END_DATE, START_DATE) VALUES (3691, '2019-03-23 14:02:17.591000', '2019-03-23 14:02:17.591000', 1, 'en', 'add roles', 3687, null, null, null);
INSERT INTO INTENT_UTTERANCE (ID, CREATION_DATE, LAST_UPDATE_DATE, VERSION, LOCALE, UTTERANCE, OWNER_INTENT_ID, ACTIVE, END_DATE, START_DATE) VALUES (3692, '2019-03-23 14:02:17.591000', '2019-03-23 14:02:17.591000', 1, 'en', 'roles created', 3687, null, null, null);
INSERT INTO INTENT_UTTERANCE (ID, CREATION_DATE, LAST_UPDATE_DATE, VERSION, LOCALE, UTTERANCE, OWNER_INTENT_ID, ACTIVE, END_DATE, START_DATE) VALUES (3695, '2019-03-23 14:02:17.593000', '2019-03-23 14:02:17.593000', 1, 'en', 'great and you', 3693, null, null, null);
INSERT INTO INTENT_UTTERANCE (ID, CREATION_DATE, LAST_UPDATE_DATE, VERSION, LOCALE, UTTERANCE, OWNER_INTENT_ID, ACTIVE, END_DATE, START_DATE) VALUES (3696, '2019-03-23 14:02:17.593000', '2019-03-23 14:02:17.593000', 1, 'en', 'good and you', 3693, null, null, null);
INSERT INTO INTENT_UTTERANCE (ID, CREATION_DATE, LAST_UPDATE_DATE, VERSION, LOCALE, UTTERANCE, OWNER_INTENT_ID, ACTIVE, END_DATE, START_DATE) VALUES (3697, '2019-03-23 14:02:17.593000', '2019-03-23 14:02:17.593000', 1, 'en', 'good', 3693, null, null, null);
INSERT INTO INTENT_UTTERANCE (ID, CREATION_DATE, LAST_UPDATE_DATE, VERSION, LOCALE, UTTERANCE, OWNER_INTENT_ID, ACTIVE, END_DATE, START_DATE) VALUES (3700, '2019-03-23 14:02:17.595000', '2019-03-23 14:02:17.595000', 1, 'en', 'cancel delete event', 3698, null, null, null);
INSERT INTO INTENT_UTTERANCE (ID, CREATION_DATE, LAST_UPDATE_DATE, VERSION, LOCALE, UTTERANCE, OWNER_INTENT_ID, ACTIVE, END_DATE, START_DATE) VALUES (3703, '2019-03-23 14:02:17.596000', '2019-03-23 14:02:17.596000', 1, 'en', 'delete event', 3701, null, null, null);
INSERT INTO INTENT_UTTERANCE (ID, CREATION_DATE, LAST_UPDATE_DATE, VERSION, LOCALE, UTTERANCE, OWNER_INTENT_ID, ACTIVE, END_DATE, START_DATE) VALUES (3704, '2019-03-23 14:02:17.596000', '2019-03-23 14:02:17.596000', 1, 'en', 'delete events', 3701, null, null, null);
INSERT INTO INTENT_UTTERANCE (ID, CREATION_DATE, LAST_UPDATE_DATE, VERSION, LOCALE, UTTERANCE, OWNER_INTENT_ID, ACTIVE, END_DATE, START_DATE) VALUES (3707, '2019-03-23 14:02:17.597000', '2019-03-23 14:02:17.597000', 1, 'en', 'look for roles', 3705, null, null, null);
INSERT INTO INTENT_UTTERANCE (ID, CREATION_DATE, LAST_UPDATE_DATE, VERSION, LOCALE, UTTERANCE, OWNER_INTENT_ID, ACTIVE, END_DATE, START_DATE) VALUES (3708, '2019-03-23 14:02:17.597000', '2019-03-23 14:02:17.597000', 1, 'en', 'I want to search for roles', 3705, null, null, null);
INSERT INTO INTENT_UTTERANCE (ID, CREATION_DATE, LAST_UPDATE_DATE, VERSION, LOCALE, UTTERANCE, OWNER_INTENT_ID, ACTIVE, END_DATE, START_DATE) VALUES (3709, '2019-03-23 14:02:17.597000', '2019-03-23 14:02:17.597000', 1, 'en', 'hello can you search for role', 3705, null, null, null);
INSERT INTO INTENT_UTTERANCE (ID, CREATION_DATE, LAST_UPDATE_DATE, VERSION, LOCALE, UTTERANCE, OWNER_INTENT_ID, ACTIVE, END_DATE, START_DATE) VALUES (3710, '2019-03-23 14:02:17.597000', '2019-03-23 14:02:17.597000', 1, 'en', 'hello search for role', 3705, null, null, null);
INSERT INTO INTENT_UTTERANCE (ID, CREATION_DATE, LAST_UPDATE_DATE, VERSION, LOCALE, UTTERANCE, OWNER_INTENT_ID, ACTIVE, END_DATE, START_DATE) VALUES (3711, '2019-03-23 14:02:17.598000', '2019-03-23 14:02:17.598000', 1, 'en', 'search role', 3705, null, null, null);
INSERT INTO INTENT_UTTERANCE (ID, CREATION_DATE, LAST_UPDATE_DATE, VERSION, LOCALE, UTTERANCE, OWNER_INTENT_ID, ACTIVE, END_DATE, START_DATE) VALUES (3712, '2019-03-23 14:02:17.598000', '2019-03-23 14:02:17.598000', 1, 'en', 'search for roles', 3705, null, null, null);
INSERT INTO INTENT_UTTERANCE (ID, CREATION_DATE, LAST_UPDATE_DATE, VERSION, LOCALE, UTTERANCE, OWNER_INTENT_ID, ACTIVE, END_DATE, START_DATE) VALUES (3713, '2019-03-23 14:02:17.598000', '2019-03-23 14:02:17.598000', 1, 'en', 'can you search for role', 3705, null, null, null);
INSERT INTO INTENT_UTTERANCE (ID, CREATION_DATE, LAST_UPDATE_DATE, VERSION, LOCALE, UTTERANCE, OWNER_INTENT_ID, ACTIVE, END_DATE, START_DATE) VALUES (3714, '2019-03-23 14:02:17.598000', '2019-03-23 14:02:17.598000', 1, 'en', 'are there any roles', 3705, null, null, null);
INSERT INTO INTENT_UTTERANCE (ID, CREATION_DATE, LAST_UPDATE_DATE, VERSION, LOCALE, UTTERANCE, OWNER_INTENT_ID, ACTIVE, END_DATE, START_DATE) VALUES (3715, '2019-03-23 14:02:17.598000', '2019-03-23 14:02:17.598000', 1, 'en', 'hello look for roles', 3705, null, null, null);
INSERT INTO INTENT_UTTERANCE (ID, CREATION_DATE, LAST_UPDATE_DATE, VERSION, LOCALE, UTTERANCE, OWNER_INTENT_ID, ACTIVE, END_DATE, START_DATE) VALUES (3716, '2019-03-23 14:02:17.599000', '2019-03-23 14:02:17.599000', 1, 'en', 'look roles', 3705, null, null, null);
INSERT INTO INTENT_UTTERANCE (ID, CREATION_DATE, LAST_UPDATE_DATE, VERSION, LOCALE, UTTERANCE, OWNER_INTENT_ID, ACTIVE, END_DATE, START_DATE) VALUES (3717, '2019-03-23 14:02:17.599000', '2019-03-23 14:02:17.599000', 1, 'en', 'I want to search for role', 3705, null, null, null);
INSERT INTO INTENT_UTTERANCE (ID, CREATION_DATE, LAST_UPDATE_DATE, VERSION, LOCALE, UTTERANCE, OWNER_INTENT_ID, ACTIVE, END_DATE, START_DATE) VALUES (3718, '2019-03-23 14:02:17.599000', '2019-03-23 14:02:17.599000', 1, 'en', 'hello help me search for role', 3705, null, null, null);
INSERT INTO INTENT_UTTERANCE (ID, CREATION_DATE, LAST_UPDATE_DATE, VERSION, LOCALE, UTTERANCE, OWNER_INTENT_ID, ACTIVE, END_DATE, START_DATE) VALUES (3719, '2019-03-23 14:02:17.599000', '2019-03-23 14:02:17.599000', 1, 'en', 'is there any role', 3705, null, null, null);
INSERT INTO INTENT_UTTERANCE (ID, CREATION_DATE, LAST_UPDATE_DATE, VERSION, LOCALE, UTTERANCE, OWNER_INTENT_ID, ACTIVE, END_DATE, START_DATE) VALUES (3720, '2019-03-23 14:02:17.599000', '2019-03-23 14:02:17.599000', 1, 'en', 'hello can you search for roles', 3705, null, null, null);
INSERT INTO INTENT_UTTERANCE (ID, CREATION_DATE, LAST_UPDATE_DATE, VERSION, LOCALE, UTTERANCE, OWNER_INTENT_ID, ACTIVE, END_DATE, START_DATE) VALUES (3721, '2019-03-23 14:02:17.601000', '2019-03-23 14:02:17.601000', 1, 'en', 'search roles', 3705, null, null, null);
INSERT INTO INTENT_UTTERANCE (ID, CREATION_DATE, LAST_UPDATE_DATE, VERSION, LOCALE, UTTERANCE, OWNER_INTENT_ID, ACTIVE, END_DATE, START_DATE) VALUES (3722, '2019-03-23 14:02:17.604000', '2019-03-23 14:02:17.604000', 1, 'en', 'hello I want to search for roles', 3705, null, null, null);
INSERT INTO INTENT_UTTERANCE (ID, CREATION_DATE, LAST_UPDATE_DATE, VERSION, LOCALE, UTTERANCE, OWNER_INTENT_ID, ACTIVE, END_DATE, START_DATE) VALUES (3723, '2019-03-23 14:02:17.607000', '2019-03-23 14:02:17.607000', 1, 'en', 'please help me search for roles', 3705, null, null, null);
INSERT INTO INTENT_UTTERANCE (ID, CREATION_DATE, LAST_UPDATE_DATE, VERSION, LOCALE, UTTERANCE, OWNER_INTENT_ID, ACTIVE, END_DATE, START_DATE) VALUES (3724, '2019-03-23 14:02:17.607000', '2019-03-23 14:02:17.607000', 1, 'en', 'hello search for roles', 3705, null, null, null);
INSERT INTO INTENT_UTTERANCE (ID, CREATION_DATE, LAST_UPDATE_DATE, VERSION, LOCALE, UTTERANCE, OWNER_INTENT_ID, ACTIVE, END_DATE, START_DATE) VALUES (3725, '2019-03-23 14:02:17.608000', '2019-03-23 14:02:17.608000', 1, 'en', 'hello please help me search for role', 3705, null, null, null);
INSERT INTO INTENT_UTTERANCE (ID, CREATION_DATE, LAST_UPDATE_DATE, VERSION, LOCALE, UTTERANCE, OWNER_INTENT_ID, ACTIVE, END_DATE, START_DATE) VALUES (3726, '2019-03-23 14:02:17.608000', '2019-03-23 14:02:17.608000', 1, 'en', 'hello is there any role', 3705, null, null, null);
INSERT INTO INTENT_UTTERANCE (ID, CREATION_DATE, LAST_UPDATE_DATE, VERSION, LOCALE, UTTERANCE, OWNER_INTENT_ID, ACTIVE, END_DATE, START_DATE) VALUES (3727, '2019-03-23 14:02:17.608000', '2019-03-23 14:02:17.608000', 1, 'en', 'help me search for role', 3705, null, null, null);
INSERT INTO INTENT_UTTERANCE (ID, CREATION_DATE, LAST_UPDATE_DATE, VERSION, LOCALE, UTTERANCE, OWNER_INTENT_ID, ACTIVE, END_DATE, START_DATE) VALUES (3728, '2019-03-23 14:02:17.608000', '2019-03-23 14:02:17.608000', 1, 'en', 'please help me search for role', 3705, null, null, null);
INSERT INTO INTENT_UTTERANCE (ID, CREATION_DATE, LAST_UPDATE_DATE, VERSION, LOCALE, UTTERANCE, OWNER_INTENT_ID, ACTIVE, END_DATE, START_DATE) VALUES (3729, '2019-03-23 14:02:17.608000', '2019-03-23 14:02:17.608000', 1, 'en', 'hello I want to search for role', 3705, null, null, null);
INSERT INTO INTENT_UTTERANCE (ID, CREATION_DATE, LAST_UPDATE_DATE, VERSION, LOCALE, UTTERANCE, OWNER_INTENT_ID, ACTIVE, END_DATE, START_DATE) VALUES (3730, '2019-03-23 14:02:17.609000', '2019-03-23 14:02:17.609000', 1, 'en', 'hello are there any roles', 3705, null, null, null);
INSERT INTO INTENT_UTTERANCE (ID, CREATION_DATE, LAST_UPDATE_DATE, VERSION, LOCALE, UTTERANCE, OWNER_INTENT_ID, ACTIVE, END_DATE, START_DATE) VALUES (3731, '2019-03-23 14:02:17.609000', '2019-03-23 14:02:17.609000', 1, 'en', 'hello look for role', 3705, null, null, null);
INSERT INTO INTENT_UTTERANCE (ID, CREATION_DATE, LAST_UPDATE_DATE, VERSION, LOCALE, UTTERANCE, OWNER_INTENT_ID, ACTIVE, END_DATE, START_DATE) VALUES (3732, '2019-03-23 14:02:17.609000', '2019-03-23 14:02:17.609000', 1, 'en', 'can you search for roles', 3705, null, null, null);
INSERT INTO INTENT_UTTERANCE (ID, CREATION_DATE, LAST_UPDATE_DATE, VERSION, LOCALE, UTTERANCE, OWNER_INTENT_ID, ACTIVE, END_DATE, START_DATE) VALUES (3733, '2019-03-23 14:02:17.609000', '2019-03-23 14:02:17.609000', 1, 'en', 'hello please help me search for roles', 3705, null, null, null);
INSERT INTO INTENT_UTTERANCE (ID, CREATION_DATE, LAST_UPDATE_DATE, VERSION, LOCALE, UTTERANCE, OWNER_INTENT_ID, ACTIVE, END_DATE, START_DATE) VALUES (3734, '2019-03-23 14:02:17.609000', '2019-03-23 14:02:17.609000', 1, 'en', 'find roles', 3705, null, null, null);
INSERT INTO INTENT_UTTERANCE (ID, CREATION_DATE, LAST_UPDATE_DATE, VERSION, LOCALE, UTTERANCE, OWNER_INTENT_ID, ACTIVE, END_DATE, START_DATE) VALUES (3737, '2019-03-23 14:02:45.252000', '2019-12-20 01:44:43.269000', 1, 'en', 'howdy', 3735, null, null, null);
INSERT INTO INTENT_UTTERANCE (ID, CREATION_DATE, LAST_UPDATE_DATE, VERSION, LOCALE, UTTERANCE, OWNER_INTENT_ID, ACTIVE, END_DATE, START_DATE) VALUES (3738, '2019-03-23 14:02:45.252000', '2019-12-20 01:44:43.269000', 1, 'en', 'hope you are doing good', 3735, null, null, null);
INSERT INTO INTENT_UTTERANCE (ID, CREATION_DATE, LAST_UPDATE_DATE, VERSION, LOCALE, UTTERANCE, OWNER_INTENT_ID, ACTIVE, END_DATE, START_DATE) VALUES (3739, '2019-03-23 14:02:45.252000', '2019-12-20 01:44:43.269000', 1, 'en', 'how are you doing', 3735, null, null, null);
INSERT INTO INTENT_UTTERANCE (ID, CREATION_DATE, LAST_UPDATE_DATE, VERSION, LOCALE, UTTERANCE, OWNER_INTENT_ID, ACTIVE, END_DATE, START_DATE) VALUES (3740, '2019-03-23 14:02:45.252000', '2019-12-20 01:44:43.269000', 1, 'en', 'Ola', 3735, null, null, null);
INSERT INTO INTENT_UTTERANCE (ID, CREATION_DATE, LAST_UPDATE_DATE, VERSION, LOCALE, UTTERANCE, OWNER_INTENT_ID, ACTIVE, END_DATE, START_DATE) VALUES (3741, '2019-03-23 14:02:45.252000', '2019-12-20 01:44:43.269000', 1, 'en', 'how are you', 3735, null, null, null);
INSERT INTO INTENT_UTTERANCE (ID, CREATION_DATE, LAST_UPDATE_DATE, VERSION, LOCALE, UTTERANCE, OWNER_INTENT_ID, ACTIVE, END_DATE, START_DATE) VALUES (3742, '2019-03-23 14:02:45.252000', '2019-12-20 01:44:43.269000', 1, 'en', 'hello', 3735, null, null, null);
INSERT INTO INTENT_UTTERANCE (ID, CREATION_DATE, LAST_UPDATE_DATE, VERSION, LOCALE, UTTERANCE, OWNER_INTENT_ID, ACTIVE, END_DATE, START_DATE) VALUES (3743, '2019-03-23 14:02:45.253000', '2019-12-20 01:44:43.269000', 1, 'en', 'hi', 3735, null, null, null);
INSERT INTO INTENT_UTTERANCE (ID, CREATION_DATE, LAST_UPDATE_DATE, VERSION, LOCALE, UTTERANCE, OWNER_INTENT_ID, ACTIVE, END_DATE, START_DATE) VALUES (3744, '2019-03-23 14:02:45.253000', '2019-12-20 01:44:43.269000', 1, 'en', 'are you ok', 3735, null, null, null);
INSERT INTO INTENT_UTTERANCE (ID, CREATION_DATE, LAST_UPDATE_DATE, VERSION, LOCALE, UTTERANCE, OWNER_INTENT_ID, ACTIVE, END_DATE, START_DATE) VALUES (3747, '2019-03-23 14:02:45.253000', '2019-06-15 07:50:13.059000', 1, 'en', 'how do you work', 3745, null, null, null);
INSERT INTO INTENT_UTTERANCE (ID, CREATION_DATE, LAST_UPDATE_DATE, VERSION, LOCALE, UTTERANCE, OWNER_INTENT_ID, ACTIVE, END_DATE, START_DATE) VALUES (3748, '2019-03-23 14:02:45.253000', '2019-06-15 07:50:13.059000', 1, 'en', 'help', 3745, null, null, null);
INSERT INTO INTENT_UTTERANCE (ID, CREATION_DATE, LAST_UPDATE_DATE, VERSION, LOCALE, UTTERANCE, OWNER_INTENT_ID, ACTIVE, END_DATE, START_DATE) VALUES (3749, '2019-03-23 14:02:45.253000', '2019-06-15 07:50:13.059000', 1, 'en', 'help me', 3745, null, null, null);
INSERT INTO INTENT_UTTERANCE (ID, CREATION_DATE, LAST_UPDATE_DATE, VERSION, LOCALE, UTTERANCE, OWNER_INTENT_ID, ACTIVE, END_DATE, START_DATE) VALUES (3752, '2019-03-23 14:02:45.254000', '2019-08-14 20:04:43.748000', 1, 'en', 'perform event delete', 3750, null, null, null);
INSERT INTO INTENT_UTTERANCE (ID, CREATION_DATE, LAST_UPDATE_DATE, VERSION, LOCALE, UTTERANCE, OWNER_INTENT_ID, ACTIVE, END_DATE, START_DATE) VALUES (3755, '2019-03-23 14:02:45.255000', '2019-06-12 17:02:46.576000', 1, 'en', 'resolve log in issues', 3753, null, null, null);
INSERT INTO INTENT_UTTERANCE (ID, CREATION_DATE, LAST_UPDATE_DATE, VERSION, LOCALE, UTTERANCE, OWNER_INTENT_ID, ACTIVE, END_DATE, START_DATE) VALUES (3756, '2019-03-23 14:02:45.255000', '2019-06-12 17:02:46.576000', 1, 'en', 'resolve login problems', 3753, null, null, null);
INSERT INTO INTENT_UTTERANCE (ID, CREATION_DATE, LAST_UPDATE_DATE, VERSION, LOCALE, UTTERANCE, OWNER_INTENT_ID, ACTIVE, END_DATE, START_DATE) VALUES (3757, '2019-03-23 14:02:45.255000', '2019-06-12 17:02:46.576000', 1, 'en', 'have problems log in', 3753, null, null, null);
INSERT INTO INTENT_UTTERANCE (ID, CREATION_DATE, LAST_UPDATE_DATE, VERSION, LOCALE, UTTERANCE, OWNER_INTENT_ID, ACTIVE, END_DATE, START_DATE) VALUES (3758, '2019-03-23 14:02:45.255000', '2019-06-12 17:02:46.576000', 1, 'en', 'not able to signin', 3753, null, null, null);
INSERT INTO INTENT_UTTERANCE (ID, CREATION_DATE, LAST_UPDATE_DATE, VERSION, LOCALE, UTTERANCE, OWNER_INTENT_ID, ACTIVE, END_DATE, START_DATE) VALUES (3759, '2019-03-23 14:02:45.255000', '2019-06-12 17:02:46.575000', 1, 'en', 'fix login problems', 3753, null, null, null);
INSERT INTO INTENT_UTTERANCE (ID, CREATION_DATE, LAST_UPDATE_DATE, VERSION, LOCALE, UTTERANCE, OWNER_INTENT_ID, ACTIVE, END_DATE, START_DATE) VALUES (3760, '2019-03-23 14:02:45.255000', '2019-06-12 17:02:46.575000', 1, 'en', 'resolve sign in problems', 3753, null, null, null);
INSERT INTO INTENT_UTTERANCE (ID, CREATION_DATE, LAST_UPDATE_DATE, VERSION, LOCALE, UTTERANCE, OWNER_INTENT_ID, ACTIVE, END_DATE, START_DATE) VALUES (3761, '2019-03-23 14:02:45.255000', '2019-06-12 17:02:46.575000', 1, 'en', 'resolve sign in issues', 3753, null, null, null);
INSERT INTO INTENT_UTTERANCE (ID, CREATION_DATE, LAST_UPDATE_DATE, VERSION, LOCALE, UTTERANCE, OWNER_INTENT_ID, ACTIVE, END_DATE, START_DATE) VALUES (3762, '2019-03-23 14:02:45.256000', '2019-06-12 17:02:46.576000', 1, 'en', 'need help sign in', 3753, null, null, null);
INSERT INTO INTENT_UTTERANCE (ID, CREATION_DATE, LAST_UPDATE_DATE, VERSION, LOCALE, UTTERANCE, OWNER_INTENT_ID, ACTIVE, END_DATE, START_DATE) VALUES (3763, '2019-03-23 14:02:45.256000', '2019-06-12 17:02:46.576000', 1, 'en', 'resolve log in problems', 3753, null, null, null);
INSERT INTO INTENT_UTTERANCE (ID, CREATION_DATE, LAST_UPDATE_DATE, VERSION, LOCALE, UTTERANCE, OWNER_INTENT_ID, ACTIVE, END_DATE, START_DATE) VALUES (3764, '2019-03-23 14:02:45.256000', '2019-06-12 17:02:46.576000', 1, 'en', 'not able to login', 3753, null, null, null);
INSERT INTO INTENT_UTTERANCE (ID, CREATION_DATE, LAST_UPDATE_DATE, VERSION, LOCALE, UTTERANCE, OWNER_INTENT_ID, ACTIVE, END_DATE, START_DATE) VALUES (3765, '2019-03-23 14:02:45.256000', '2019-06-12 17:02:46.575000', 1, 'en', 'resolve signin problems', 3753, null, null, null);
INSERT INTO INTENT_UTTERANCE (ID, CREATION_DATE, LAST_UPDATE_DATE, VERSION, LOCALE, UTTERANCE, OWNER_INTENT_ID, ACTIVE, END_DATE, START_DATE) VALUES (3766, '2019-03-23 14:02:45.256000', '2019-06-12 17:02:46.575000', 1, 'en', 'cannot access my account', 3753, null, null, null);
INSERT INTO INTENT_UTTERANCE (ID, CREATION_DATE, LAST_UPDATE_DATE, VERSION, LOCALE, UTTERANCE, OWNER_INTENT_ID, ACTIVE, END_DATE, START_DATE) VALUES (3767, '2019-03-23 14:02:45.256000', '2019-06-12 17:02:46.575000', 1, 'en', 'have log in issues', 3753, null, null, null);
INSERT INTO INTENT_UTTERANCE (ID, CREATION_DATE, LAST_UPDATE_DATE, VERSION, LOCALE, UTTERANCE, OWNER_INTENT_ID, ACTIVE, END_DATE, START_DATE) VALUES (3768, '2019-03-23 14:02:45.256000', '2019-06-12 17:02:46.575000', 1, 'en', 'fix sign in problems', 3753, null, null, null);
INSERT INTO INTENT_UTTERANCE (ID, CREATION_DATE, LAST_UPDATE_DATE, VERSION, LOCALE, UTTERANCE, OWNER_INTENT_ID, ACTIVE, END_DATE, START_DATE) VALUES (3769, '2019-03-23 14:02:45.256000', '2019-06-12 17:02:46.575000', 1, 'en', 'fix log in problems', 3753, null, null, null);
INSERT INTO INTENT_UTTERANCE (ID, CREATION_DATE, LAST_UPDATE_DATE, VERSION, LOCALE, UTTERANCE, OWNER_INTENT_ID, ACTIVE, END_DATE, START_DATE) VALUES (3770, '2019-03-23 14:02:45.256000', '2019-06-12 17:02:46.575000', 1, 'en', 'am having problems login', 3753, null, null, null);
INSERT INTO INTENT_UTTERANCE (ID, CREATION_DATE, LAST_UPDATE_DATE, VERSION, LOCALE, UTTERANCE, OWNER_INTENT_ID, ACTIVE, END_DATE, START_DATE) VALUES (3771, '2019-03-23 14:02:45.256000', '2019-06-12 17:02:46.575000', 1, 'en', 'not able to sign in', 3753, null, null, null);
INSERT INTO INTENT_UTTERANCE (ID, CREATION_DATE, LAST_UPDATE_DATE, VERSION, LOCALE, UTTERANCE, OWNER_INTENT_ID, ACTIVE, END_DATE, START_DATE) VALUES (3772, '2019-03-23 14:02:45.257000', '2019-06-12 17:02:46.576000', 1, 'en', 'resolve login issues', 3753, null, null, null);
INSERT INTO INTENT_UTTERANCE (ID, CREATION_DATE, LAST_UPDATE_DATE, VERSION, LOCALE, UTTERANCE, OWNER_INTENT_ID, ACTIVE, END_DATE, START_DATE) VALUES (3773, '2019-03-23 14:02:45.257000', '2019-06-12 17:02:46.576000', 1, 'en', 'have login issues', 3753, null, null, null);
INSERT INTO INTENT_UTTERANCE (ID, CREATION_DATE, LAST_UPDATE_DATE, VERSION, LOCALE, UTTERANCE, OWNER_INTENT_ID, ACTIVE, END_DATE, START_DATE) VALUES (3774, '2019-03-23 14:02:45.257000', '2019-06-12 17:02:46.575000', 1, 'en', 'have troubles during log in', 3753, null, null, null);
INSERT INTO INTENT_UTTERANCE (ID, CREATION_DATE, LAST_UPDATE_DATE, VERSION, LOCALE, UTTERANCE, OWNER_INTENT_ID, ACTIVE, END_DATE, START_DATE) VALUES (3775, '2019-03-23 14:02:45.257000', '2019-06-12 17:02:46.576000', 1, 'en', 'fix log in issues', 3753, null, null, null);
INSERT INTO INTENT_UTTERANCE (ID, CREATION_DATE, LAST_UPDATE_DATE, VERSION, LOCALE, UTTERANCE, OWNER_INTENT_ID, ACTIVE, END_DATE, START_DATE) VALUES (3776, '2019-03-23 14:02:45.257000', '2019-06-12 17:02:46.575000', 1, 'en', 'having login problems', 3753, null, null, null);
INSERT INTO INTENT_UTTERANCE (ID, CREATION_DATE, LAST_UPDATE_DATE, VERSION, LOCALE, UTTERANCE, OWNER_INTENT_ID, ACTIVE, END_DATE, START_DATE) VALUES (3777, '2019-03-23 14:02:45.257000', '2019-06-12 17:02:46.575000', 1, 'en', 'cannot log in', 3753, null, null, null);
INSERT INTO INTENT_UTTERANCE (ID, CREATION_DATE, LAST_UPDATE_DATE, VERSION, LOCALE, UTTERANCE, OWNER_INTENT_ID, ACTIVE, END_DATE, START_DATE) VALUES (3778, '2019-03-23 14:02:45.257000', '2019-06-12 17:02:46.575000', 1, 'en', 'fix signin issues', 3753, null, null, null);
INSERT INTO INTENT_UTTERANCE (ID, CREATION_DATE, LAST_UPDATE_DATE, VERSION, LOCALE, UTTERANCE, OWNER_INTENT_ID, ACTIVE, END_DATE, START_DATE) VALUES (3779, '2019-03-23 14:02:45.257000', '2019-06-12 17:02:46.575000', 1, 'en', 'am having problems signin', 3753, null, null, null);
INSERT INTO INTENT_UTTERANCE (ID, CREATION_DATE, LAST_UPDATE_DATE, VERSION, LOCALE, UTTERANCE, OWNER_INTENT_ID, ACTIVE, END_DATE, START_DATE) VALUES (3780, '2019-03-23 14:02:45.257000', '2019-06-12 17:02:46.576000', 1, 'en', 'resolve signin issues', 3753, null, null, null);
INSERT INTO INTENT_UTTERANCE (ID, CREATION_DATE, LAST_UPDATE_DATE, VERSION, LOCALE, UTTERANCE, OWNER_INTENT_ID, ACTIVE, END_DATE, START_DATE) VALUES (3781, '2019-03-23 14:02:45.257000', '2019-06-12 17:02:46.575000', 1, 'en', 'am having problems log in', 3753, null, null, null);
INSERT INTO INTENT_UTTERANCE (ID, CREATION_DATE, LAST_UPDATE_DATE, VERSION, LOCALE, UTTERANCE, OWNER_INTENT_ID, ACTIVE, END_DATE, START_DATE) VALUES (3782, '2019-03-23 14:02:45.257000', '2019-06-12 17:02:46.575000', 1, 'en', 'not able to log in', 3753, null, null, null);
INSERT INTO INTENT_UTTERANCE (ID, CREATION_DATE, LAST_UPDATE_DATE, VERSION, LOCALE, UTTERANCE, OWNER_INTENT_ID, ACTIVE, END_DATE, START_DATE) VALUES (3785, '2019-03-23 14:02:45.258000', '2019-03-23 14:02:45.258000', 1, 'en', 'helpful', 3783, null, null, null);
INSERT INTO INTENT_UTTERANCE (ID, CREATION_DATE, LAST_UPDATE_DATE, VERSION, LOCALE, UTTERANCE, OWNER_INTENT_ID, ACTIVE, END_DATE, START_DATE) VALUES (3786, '2019-03-23 14:02:45.259000', '2019-03-23 14:02:45.259000', 1, 'en', 'thanks', 3783, null, null, null);
INSERT INTO INTENT_UTTERANCE (ID, CREATION_DATE, LAST_UPDATE_DATE, VERSION, LOCALE, UTTERANCE, OWNER_INTENT_ID, ACTIVE, END_DATE, START_DATE) VALUES (3787, '2019-03-23 14:02:45.259000', '2019-03-23 14:02:45.259000', 1, 'en', 'that helps', 3783, null, null, null);
INSERT INTO INTENT_UTTERANCE (ID, CREATION_DATE, LAST_UPDATE_DATE, VERSION, LOCALE, UTTERANCE, OWNER_INTENT_ID, ACTIVE, END_DATE, START_DATE) VALUES (3788, '2019-03-23 14:02:45.259000', '2019-03-23 14:02:45.259000', 1, 'en', 'thank you', 3783, null, null, null);
INSERT INTO INTENT_UTTERANCE (ID, CREATION_DATE, LAST_UPDATE_DATE, VERSION, LOCALE, UTTERANCE, OWNER_INTENT_ID, ACTIVE, END_DATE, START_DATE) VALUES (3791, '2019-03-23 14:02:45.260000', '2019-06-15 07:44:05.885000', 1, 'en', 'event delete complete', 3789, null, null, null);
INSERT INTO INTENT_UTTERANCE (ID, CREATION_DATE, LAST_UPDATE_DATE, VERSION, LOCALE, UTTERANCE, OWNER_INTENT_ID, ACTIVE, END_DATE, START_DATE) VALUES (3794, '2019-03-23 14:02:45.260000', '2019-05-30 21:01:18.767000', 1, 'en', 'event', 3792, null, null, null);
INSERT INTO INTENT_UTTERANCE (ID, CREATION_DATE, LAST_UPDATE_DATE, VERSION, LOCALE, UTTERANCE, OWNER_INTENT_ID, ACTIVE, END_DATE, START_DATE) VALUES (3795, '2019-03-23 14:02:45.260000', '2019-05-30 21:01:18.767000', 1, 'en', 'hello can you search for event', 3792, null, null, null);
INSERT INTO INTENT_UTTERANCE (ID, CREATION_DATE, LAST_UPDATE_DATE, VERSION, LOCALE, UTTERANCE, OWNER_INTENT_ID, ACTIVE, END_DATE, START_DATE) VALUES (3796, '2019-03-23 14:02:45.260000', '2019-05-30 21:01:18.767000', 1, 'en', 'please help me search for event', 3792, null, null, null);
INSERT INTO INTENT_UTTERANCE (ID, CREATION_DATE, LAST_UPDATE_DATE, VERSION, LOCALE, UTTERANCE, OWNER_INTENT_ID, ACTIVE, END_DATE, START_DATE) VALUES (3797, '2019-03-23 14:02:45.261000', '2019-05-30 21:01:18.767000', 1, 'en', 'hello search for events', 3792, null, null, null);
INSERT INTO INTENT_UTTERANCE (ID, CREATION_DATE, LAST_UPDATE_DATE, VERSION, LOCALE, UTTERANCE, OWNER_INTENT_ID, ACTIVE, END_DATE, START_DATE) VALUES (3798, '2019-03-23 14:02:45.261000', '2019-05-30 21:01:18.767000', 1, 'en', 'hello can you search for events', 3792, null, null, null);
INSERT INTO INTENT_UTTERANCE (ID, CREATION_DATE, LAST_UPDATE_DATE, VERSION, LOCALE, UTTERANCE, OWNER_INTENT_ID, ACTIVE, END_DATE, START_DATE) VALUES (3799, '2019-03-23 14:02:45.261000', '2019-05-30 21:01:18.767000', 1, 'en', 'hello look for events', 3792, null, null, null);
INSERT INTO INTENT_UTTERANCE (ID, CREATION_DATE, LAST_UPDATE_DATE, VERSION, LOCALE, UTTERANCE, OWNER_INTENT_ID, ACTIVE, END_DATE, START_DATE) VALUES (3800, '2019-03-23 14:02:45.261000', '2019-05-30 21:01:18.767000', 1, 'en', 'search for events', 3792, null, null, null);
INSERT INTO INTENT_UTTERANCE (ID, CREATION_DATE, LAST_UPDATE_DATE, VERSION, LOCALE, UTTERANCE, OWNER_INTENT_ID, ACTIVE, END_DATE, START_DATE) VALUES (3801, '2019-03-23 14:02:45.261000', '2019-05-30 21:01:18.767000', 1, 'en', 'lookup event', 3792, null, null, null);
INSERT INTO INTENT_UTTERANCE (ID, CREATION_DATE, LAST_UPDATE_DATE, VERSION, LOCALE, UTTERANCE, OWNER_INTENT_ID, ACTIVE, END_DATE, START_DATE) VALUES (3802, '2019-03-23 14:02:45.261000', '2019-05-30 21:01:18.767000', 1, 'en', 'I want to search for event', 3792, null, null, null);
INSERT INTO INTENT_UTTERANCE (ID, CREATION_DATE, LAST_UPDATE_DATE, VERSION, LOCALE, UTTERANCE, OWNER_INTENT_ID, ACTIVE, END_DATE, START_DATE) VALUES (3803, '2019-03-23 14:02:45.261000', '2019-05-30 21:01:18.767000', 1, 'en', 'show me events', 3792, null, null, null);
INSERT INTO INTENT_UTTERANCE (ID, CREATION_DATE, LAST_UPDATE_DATE, VERSION, LOCALE, UTTERANCE, OWNER_INTENT_ID, ACTIVE, END_DATE, START_DATE) VALUES (3804, '2019-03-23 14:02:45.261000', '2019-05-30 21:01:18.767000', 1, 'en', 'events', 3792, null, null, null);
INSERT INTO INTENT_UTTERANCE (ID, CREATION_DATE, LAST_UPDATE_DATE, VERSION, LOCALE, UTTERANCE, OWNER_INTENT_ID, ACTIVE, END_DATE, START_DATE) VALUES (3805, '2019-03-23 14:02:45.261000', '2019-05-30 21:01:18.767000', 1, 'en', 'I want to search for events', 3792, null, null, null);
INSERT INTO INTENT_UTTERANCE (ID, CREATION_DATE, LAST_UPDATE_DATE, VERSION, LOCALE, UTTERANCE, OWNER_INTENT_ID, ACTIVE, END_DATE, START_DATE) VALUES (3806, '2019-03-23 14:02:45.261000', '2019-05-30 21:01:18.767000', 1, 'en', 'can you search for event', 3792, null, null, null);
INSERT INTO INTENT_UTTERANCE (ID, CREATION_DATE, LAST_UPDATE_DATE, VERSION, LOCALE, UTTERANCE, OWNER_INTENT_ID, ACTIVE, END_DATE, START_DATE) VALUES (3807, '2019-03-23 14:02:45.261000', '2019-05-30 21:01:18.767000', 1, 'en', 'find event', 3792, null, null, null);
INSERT INTO INTENT_UTTERANCE (ID, CREATION_DATE, LAST_UPDATE_DATE, VERSION, LOCALE, UTTERANCE, OWNER_INTENT_ID, ACTIVE, END_DATE, START_DATE) VALUES (3808, '2019-03-23 14:02:45.262000', '2019-05-30 21:01:18.767000', 1, 'en', 'is there an event', 3792, null, null, null);
INSERT INTO INTENT_UTTERANCE (ID, CREATION_DATE, LAST_UPDATE_DATE, VERSION, LOCALE, UTTERANCE, OWNER_INTENT_ID, ACTIVE, END_DATE, START_DATE) VALUES (3809, '2019-03-23 14:02:45.262000', '2019-05-30 21:01:18.767000', 1, 'en', 'please help me search for events', 3792, null, null, null);
INSERT INTO INTENT_UTTERANCE (ID, CREATION_DATE, LAST_UPDATE_DATE, VERSION, LOCALE, UTTERANCE, OWNER_INTENT_ID, ACTIVE, END_DATE, START_DATE) VALUES (3810, '2019-03-23 14:02:45.262000', '2019-05-30 21:01:18.767000', 1, 'en', 'hello are there any events', 3792, null, null, null);
INSERT INTO INTENT_UTTERANCE (ID, CREATION_DATE, LAST_UPDATE_DATE, VERSION, LOCALE, UTTERANCE, OWNER_INTENT_ID, ACTIVE, END_DATE, START_DATE) VALUES (3811, '2019-03-23 14:02:45.262000', '2019-05-30 21:01:18.767000', 1, 'en', 'hello please help me search for events', 3792, null, null, null);
INSERT INTO INTENT_UTTERANCE (ID, CREATION_DATE, LAST_UPDATE_DATE, VERSION, LOCALE, UTTERANCE, OWNER_INTENT_ID, ACTIVE, END_DATE, START_DATE) VALUES (3812, '2019-03-23 14:02:45.262000', '2019-05-30 21:01:18.767000', 1, 'en', 'where are my events', 3792, null, null, null);
INSERT INTO INTENT_UTTERANCE (ID, CREATION_DATE, LAST_UPDATE_DATE, VERSION, LOCALE, UTTERANCE, OWNER_INTENT_ID, ACTIVE, END_DATE, START_DATE) VALUES (3813, '2019-03-23 14:02:45.262000', '2019-05-30 21:01:18.767000', 1, 'en', 'are there any events', 3792, null, null, null);
INSERT INTO INTENT_UTTERANCE (ID, CREATION_DATE, LAST_UPDATE_DATE, VERSION, LOCALE, UTTERANCE, OWNER_INTENT_ID, ACTIVE, END_DATE, START_DATE) VALUES (3814, '2019-03-23 14:02:45.262000', '2019-05-30 21:01:18.767000', 1, 'en', 'lookup events', 3792, null, null, null);
INSERT INTO INTENT_UTTERANCE (ID, CREATION_DATE, LAST_UPDATE_DATE, VERSION, LOCALE, UTTERANCE, OWNER_INTENT_ID, ACTIVE, END_DATE, START_DATE) VALUES (3815, '2019-03-23 14:02:45.262000', '2019-05-30 21:01:18.767000', 1, 'en', 'help me search for event', 3792, null, null, null);
INSERT INTO INTENT_UTTERANCE (ID, CREATION_DATE, LAST_UPDATE_DATE, VERSION, LOCALE, UTTERANCE, OWNER_INTENT_ID, ACTIVE, END_DATE, START_DATE) VALUES (3816, '2019-03-23 14:02:45.262000', '2019-05-30 21:01:18.767000', 1, 'en', 'hello I want to search for event', 3792, null, null, null);
INSERT INTO INTENT_UTTERANCE (ID, CREATION_DATE, LAST_UPDATE_DATE, VERSION, LOCALE, UTTERANCE, OWNER_INTENT_ID, ACTIVE, END_DATE, START_DATE) VALUES (3817, '2019-03-23 14:02:45.263000', '2019-05-30 21:01:18.767000', 1, 'en', 'hello I want to search for events', 3792, null, null, null);
INSERT INTO INTENT_UTTERANCE (ID, CREATION_DATE, LAST_UPDATE_DATE, VERSION, LOCALE, UTTERANCE, OWNER_INTENT_ID, ACTIVE, END_DATE, START_DATE) VALUES (3818, '2019-03-23 14:02:45.263000', '2019-05-30 21:01:18.767000', 1, 'en', 'search event', 3792, null, null, null);
INSERT INTO INTENT_UTTERANCE (ID, CREATION_DATE, LAST_UPDATE_DATE, VERSION, LOCALE, UTTERANCE, OWNER_INTENT_ID, ACTIVE, END_DATE, START_DATE) VALUES (3819, '2019-03-23 14:02:45.263000', '2019-05-30 21:01:18.767000', 1, 'en', 'find events', 3792, null, null, null);
INSERT INTO INTENT_UTTERANCE (ID, CREATION_DATE, LAST_UPDATE_DATE, VERSION, LOCALE, UTTERANCE, OWNER_INTENT_ID, ACTIVE, END_DATE, START_DATE) VALUES (3820, '2019-03-23 14:02:45.263000', '2019-05-30 21:01:18.767000', 1, 'en', 'search events', 3792, null, null, null);
INSERT INTO INTENT_UTTERANCE (ID, CREATION_DATE, LAST_UPDATE_DATE, VERSION, LOCALE, UTTERANCE, OWNER_INTENT_ID, ACTIVE, END_DATE, START_DATE) VALUES (3821, '2019-03-23 14:02:45.264000', '2019-05-30 21:01:18.767000', 1, 'en', 'hello please help me search for event', 3792, null, null, null);
INSERT INTO INTENT_UTTERANCE (ID, CREATION_DATE, LAST_UPDATE_DATE, VERSION, LOCALE, UTTERANCE, OWNER_INTENT_ID, ACTIVE, END_DATE, START_DATE) VALUES (3822, '2019-03-23 14:02:45.264000', '2019-05-30 21:01:18.767000', 1, 'en', 'hello is there an event', 3792, null, null, null);
INSERT INTO INTENT_UTTERANCE (ID, CREATION_DATE, LAST_UPDATE_DATE, VERSION, LOCALE, UTTERANCE, OWNER_INTENT_ID, ACTIVE, END_DATE, START_DATE) VALUES (3823, '2019-03-23 14:02:45.264000', '2019-05-30 21:01:18.767000', 1, 'en', 'show me my events', 3792, null, null, null);
INSERT INTO INTENT_UTTERANCE (ID, CREATION_DATE, LAST_UPDATE_DATE, VERSION, LOCALE, UTTERANCE, OWNER_INTENT_ID, ACTIVE, END_DATE, START_DATE) VALUES (3824, '2019-03-23 14:02:45.264000', '2019-05-30 21:01:18.767000', 1, 'en', 'can you search for events', 3792, null, null, null);
INSERT INTO INTENT_UTTERANCE (ID, CREATION_DATE, LAST_UPDATE_DATE, VERSION, LOCALE, UTTERANCE, OWNER_INTENT_ID, ACTIVE, END_DATE, START_DATE) VALUES (3825, '2019-03-23 14:02:45.264000', '2019-05-30 21:01:18.767000', 1, 'en', 'hello help me search for event', 3792, null, null, null);
INSERT INTO INTENT_UTTERANCE (ID, CREATION_DATE, LAST_UPDATE_DATE, VERSION, LOCALE, UTTERANCE, OWNER_INTENT_ID, ACTIVE, END_DATE, START_DATE) VALUES (3826, '2019-03-23 14:02:45.264000', '2019-05-30 21:01:18.767000', 1, 'en', 'look for events', 3792, null, null, null);
INSERT INTO INTENT_UTTERANCE (ID, CREATION_DATE, LAST_UPDATE_DATE, VERSION, LOCALE, UTTERANCE, OWNER_INTENT_ID, ACTIVE, END_DATE, START_DATE) VALUES (3829, '2019-03-23 14:02:45.265000', '2019-05-30 20:23:51.886000', 1, 'en', 'is there event near', 3827, null, null, null);
INSERT INTO INTENT_UTTERANCE (ID, CREATION_DATE, LAST_UPDATE_DATE, VERSION, LOCALE, UTTERANCE, OWNER_INTENT_ID, ACTIVE, END_DATE, START_DATE) VALUES (3830, '2019-03-23 14:02:45.265000', '2019-05-30 20:23:51.885000', 1, 'en', 'can you search event near', 3827, null, null, null);
INSERT INTO INTENT_UTTERANCE (ID, CREATION_DATE, LAST_UPDATE_DATE, VERSION, LOCALE, UTTERANCE, OWNER_INTENT_ID, ACTIVE, END_DATE, START_DATE) VALUES (3831, '2019-03-23 14:02:45.265000', '2019-05-30 20:23:51.886000', 1, 'en', 'hello can you search events near', 3827, null, null, null);
INSERT INTO INTENT_UTTERANCE (ID, CREATION_DATE, LAST_UPDATE_DATE, VERSION, LOCALE, UTTERANCE, OWNER_INTENT_ID, ACTIVE, END_DATE, START_DATE) VALUES (3832, '2019-03-23 14:02:45.266000', '2019-05-30 20:23:51.887000', 1, 'en', 'hello what is event near', 3827, null, null, null);
INSERT INTO INTENT_UTTERANCE (ID, CREATION_DATE, LAST_UPDATE_DATE, VERSION, LOCALE, UTTERANCE, OWNER_INTENT_ID, ACTIVE, END_DATE, START_DATE) VALUES (3833, '2019-03-23 14:02:45.266000', '2019-05-30 20:23:51.885000', 1, 'en', 'hello I want to search event near', 3827, null, null, null);
INSERT INTO INTENT_UTTERANCE (ID, CREATION_DATE, LAST_UPDATE_DATE, VERSION, LOCALE, UTTERANCE, OWNER_INTENT_ID, ACTIVE, END_DATE, START_DATE) VALUES (3834, '2019-03-23 14:02:45.266000', '2019-05-30 20:23:51.887000', 1, 'en', 'I want to search events near', 3827, null, null, null);
INSERT INTO INTENT_UTTERANCE (ID, CREATION_DATE, LAST_UPDATE_DATE, VERSION, LOCALE, UTTERANCE, OWNER_INTENT_ID, ACTIVE, END_DATE, START_DATE) VALUES (3835, '2019-03-23 14:02:45.266000', '2019-05-30 20:23:51.885000', 1, 'en', 'search events in', 3827, null, null, null);
INSERT INTO INTENT_UTTERANCE (ID, CREATION_DATE, LAST_UPDATE_DATE, VERSION, LOCALE, UTTERANCE, OWNER_INTENT_ID, ACTIVE, END_DATE, START_DATE) VALUES (3836, '2019-03-23 14:02:45.266000', '2019-05-30 20:23:51.887000', 1, 'en', 'what is event in', 3827, null, null, null);
INSERT INTO INTENT_UTTERANCE (ID, CREATION_DATE, LAST_UPDATE_DATE, VERSION, LOCALE, UTTERANCE, OWNER_INTENT_ID, ACTIVE, END_DATE, START_DATE) VALUES (3837, '2019-03-23 14:02:45.267000', '2019-05-30 20:23:51.885000', 1, 'en', 'hello search for events near', 3827, null, null, null);
INSERT INTO INTENT_UTTERANCE (ID, CREATION_DATE, LAST_UPDATE_DATE, VERSION, LOCALE, UTTERANCE, OWNER_INTENT_ID, ACTIVE, END_DATE, START_DATE) VALUES (3838, '2019-03-23 14:02:45.267000', '2019-05-30 20:23:51.887000', 1, 'en', 'hello what are events in', 3827, null, null, null);
INSERT INTO INTENT_UTTERANCE (ID, CREATION_DATE, LAST_UPDATE_DATE, VERSION, LOCALE, UTTERANCE, OWNER_INTENT_ID, ACTIVE, END_DATE, START_DATE) VALUES (3839, '2019-03-23 14:02:45.267000', '2019-05-30 20:23:51.886000', 1, 'en', 'look for events in', 3827, null, null, null);
INSERT INTO INTENT_UTTERANCE (ID, CREATION_DATE, LAST_UPDATE_DATE, VERSION, LOCALE, UTTERANCE, OWNER_INTENT_ID, ACTIVE, END_DATE, START_DATE) VALUES (3840, '2019-03-23 14:02:45.267000', '2019-05-30 20:23:51.886000', 1, 'en', 'hello search event in', 3827, null, null, null);
INSERT INTO INTENT_UTTERANCE (ID, CREATION_DATE, LAST_UPDATE_DATE, VERSION, LOCALE, UTTERANCE, OWNER_INTENT_ID, ACTIVE, END_DATE, START_DATE) VALUES (3841, '2019-03-23 14:02:45.267000', '2019-05-30 20:23:51.887000', 1, 'en', 'hello look for events in', 3827, null, null, null);
INSERT INTO INTENT_UTTERANCE (ID, CREATION_DATE, LAST_UPDATE_DATE, VERSION, LOCALE, UTTERANCE, OWNER_INTENT_ID, ACTIVE, END_DATE, START_DATE) VALUES (3842, '2019-03-23 14:02:45.267000', '2019-05-30 20:23:51.886000', 1, 'en', 'search events near', 3827, null, null, null);
INSERT INTO INTENT_UTTERANCE (ID, CREATION_DATE, LAST_UPDATE_DATE, VERSION, LOCALE, UTTERANCE, OWNER_INTENT_ID, ACTIVE, END_DATE, START_DATE) VALUES (3843, '2019-03-23 14:02:45.268000', '2019-05-30 20:23:51.886000', 1, 'en', 'search for event in', 3827, null, null, null);
INSERT INTO INTENT_UTTERANCE (ID, CREATION_DATE, LAST_UPDATE_DATE, VERSION, LOCALE, UTTERANCE, OWNER_INTENT_ID, ACTIVE, END_DATE, START_DATE) VALUES (3844, '2019-03-23 14:02:45.268000', '2019-05-30 20:23:51.885000', 1, 'en', 'hello search for events in', 3827, null, null, null);
INSERT INTO INTENT_UTTERANCE (ID, CREATION_DATE, LAST_UPDATE_DATE, VERSION, LOCALE, UTTERANCE, OWNER_INTENT_ID, ACTIVE, END_DATE, START_DATE) VALUES (3845, '2019-03-23 14:02:45.269000', '2019-05-30 20:23:51.886000', 1, 'en', 'what events are in', 3827, null, null, null);
INSERT INTO INTENT_UTTERANCE (ID, CREATION_DATE, LAST_UPDATE_DATE, VERSION, LOCALE, UTTERANCE, OWNER_INTENT_ID, ACTIVE, END_DATE, START_DATE) VALUES (3846, '2019-03-23 14:02:45.269000', '2019-05-30 20:23:51.886000', 1, 'en', 'hello search event close to', 3827, null, null, null);
INSERT INTO INTENT_UTTERANCE (ID, CREATION_DATE, LAST_UPDATE_DATE, VERSION, LOCALE, UTTERANCE, OWNER_INTENT_ID, ACTIVE, END_DATE, START_DATE) VALUES (3847, '2019-03-23 14:02:45.269000', '2019-05-30 20:23:51.886000', 1, 'en', 'search event near', 3827, null, null, null);
INSERT INTO INTENT_UTTERANCE (ID, CREATION_DATE, LAST_UPDATE_DATE, VERSION, LOCALE, UTTERANCE, OWNER_INTENT_ID, ACTIVE, END_DATE, START_DATE) VALUES (3848, '2019-03-23 14:02:45.269000', '2019-05-30 20:23:51.886000', 1, 'en', 'hello what events are near', 3827, null, null, null);
INSERT INTO INTENT_UTTERANCE (ID, CREATION_DATE, LAST_UPDATE_DATE, VERSION, LOCALE, UTTERANCE, OWNER_INTENT_ID, ACTIVE, END_DATE, START_DATE) VALUES (3849, '2019-03-23 14:02:45.270000', '2019-05-30 20:23:51.885000', 1, 'en', 'hello get search events near', 3827, null, null, null);
INSERT INTO INTENT_UTTERANCE (ID, CREATION_DATE, LAST_UPDATE_DATE, VERSION, LOCALE, UTTERANCE, OWNER_INTENT_ID, ACTIVE, END_DATE, START_DATE) VALUES (3850, '2019-03-23 14:02:45.270000', '2019-05-30 20:23:51.885000', 1, 'en', 'search event in', 3827, null, null, null);
INSERT INTO INTENT_UTTERANCE (ID, CREATION_DATE, LAST_UPDATE_DATE, VERSION, LOCALE, UTTERANCE, OWNER_INTENT_ID, ACTIVE, END_DATE, START_DATE) VALUES (3851, '2019-03-23 14:02:45.270000', '2019-05-30 20:23:51.886000', 1, 'en', 'what is event near', 3827, null, null, null);
INSERT INTO INTENT_UTTERANCE (ID, CREATION_DATE, LAST_UPDATE_DATE, VERSION, LOCALE, UTTERANCE, OWNER_INTENT_ID, ACTIVE, END_DATE, START_DATE) VALUES (3852, '2019-03-23 14:02:45.270000', '2019-05-30 20:23:51.886000', 1, 'en', 'search for event near', 3827, null, null, null);
INSERT INTO INTENT_UTTERANCE (ID, CREATION_DATE, LAST_UPDATE_DATE, VERSION, LOCALE, UTTERANCE, OWNER_INTENT_ID, ACTIVE, END_DATE, START_DATE) VALUES (3853, '2019-03-23 14:02:45.270000', '2019-05-30 20:23:51.886000', 1, 'en', 'I want to search events in', 3827, null, null, null);
INSERT INTO INTENT_UTTERANCE (ID, CREATION_DATE, LAST_UPDATE_DATE, VERSION, LOCALE, UTTERANCE, OWNER_INTENT_ID, ACTIVE, END_DATE, START_DATE) VALUES (3854, '2019-03-23 14:02:45.270000', '2019-05-30 20:23:51.887000', 1, 'en', 'are there events in', 3827, null, null, null);
INSERT INTO INTENT_UTTERANCE (ID, CREATION_DATE, LAST_UPDATE_DATE, VERSION, LOCALE, UTTERANCE, OWNER_INTENT_ID, ACTIVE, END_DATE, START_DATE) VALUES (3855, '2019-03-23 14:02:45.271000', '2019-05-30 20:23:51.886000', 1, 'en', 'hello can you search event in', 3827, null, null, null);
INSERT INTO INTENT_UTTERANCE (ID, CREATION_DATE, LAST_UPDATE_DATE, VERSION, LOCALE, UTTERANCE, OWNER_INTENT_ID, ACTIVE, END_DATE, START_DATE) VALUES (3856, '2019-03-23 14:02:45.271000', '2019-05-30 20:23:51.887000', 1, 'en', 'hello I want to search events near', 3827, null, null, null);
INSERT INTO INTENT_UTTERANCE (ID, CREATION_DATE, LAST_UPDATE_DATE, VERSION, LOCALE, UTTERANCE, OWNER_INTENT_ID, ACTIVE, END_DATE, START_DATE) VALUES (3857, '2019-03-23 14:02:45.271000', '2019-05-30 20:23:51.887000', 1, 'en', 'hello search for event near', 3827, null, null, null);
INSERT INTO INTENT_UTTERANCE (ID, CREATION_DATE, LAST_UPDATE_DATE, VERSION, LOCALE, UTTERANCE, OWNER_INTENT_ID, ACTIVE, END_DATE, START_DATE) VALUES (3858, '2019-03-23 14:02:45.271000', '2019-05-30 20:23:51.887000', 1, 'en', 'get search events in', 3827, null, null, null);
INSERT INTO INTENT_UTTERANCE (ID, CREATION_DATE, LAST_UPDATE_DATE, VERSION, LOCALE, UTTERANCE, OWNER_INTENT_ID, ACTIVE, END_DATE, START_DATE) VALUES (3859, '2019-03-23 14:02:45.271000', '2019-05-30 20:23:51.887000', 1, 'en', 'look for events near', 3827, null, null, null);
INSERT INTO INTENT_UTTERANCE (ID, CREATION_DATE, LAST_UPDATE_DATE, VERSION, LOCALE, UTTERANCE, OWNER_INTENT_ID, ACTIVE, END_DATE, START_DATE) VALUES (3860, '2019-03-23 14:02:45.271000', '2019-05-30 20:23:51.887000', 1, 'en', 'I want to search event in', 3827, null, null, null);
INSERT INTO INTENT_UTTERANCE (ID, CREATION_DATE, LAST_UPDATE_DATE, VERSION, LOCALE, UTTERANCE, OWNER_INTENT_ID, ACTIVE, END_DATE, START_DATE) VALUES (3861, '2019-03-23 14:02:45.271000', '2019-05-30 20:23:51.887000', 1, 'en', 'search for events near', 3827, null, null, null);
INSERT INTO INTENT_UTTERANCE (ID, CREATION_DATE, LAST_UPDATE_DATE, VERSION, LOCALE, UTTERANCE, OWNER_INTENT_ID, ACTIVE, END_DATE, START_DATE) VALUES (3862, '2019-03-23 14:02:45.271000', '2019-05-30 20:23:51.884000', 1, 'en', 'hello what events are in', 3827, null, null, null);
INSERT INTO INTENT_UTTERANCE (ID, CREATION_DATE, LAST_UPDATE_DATE, VERSION, LOCALE, UTTERANCE, OWNER_INTENT_ID, ACTIVE, END_DATE, START_DATE) VALUES (3863, '2019-03-23 14:02:45.271000', '2019-05-30 20:23:51.886000', 1, 'en', 'look for event in', 3827, null, null, null);
INSERT INTO INTENT_UTTERANCE (ID, CREATION_DATE, LAST_UPDATE_DATE, VERSION, LOCALE, UTTERANCE, OWNER_INTENT_ID, ACTIVE, END_DATE, START_DATE) VALUES (3864, '2019-03-23 14:02:45.272000', '2019-05-30 20:23:51.887000', 1, 'en', 'hello search events near', 3827, null, null, null);
INSERT INTO INTENT_UTTERANCE (ID, CREATION_DATE, LAST_UPDATE_DATE, VERSION, LOCALE, UTTERANCE, OWNER_INTENT_ID, ACTIVE, END_DATE, START_DATE) VALUES (3865, '2019-03-23 14:02:45.272000', '2019-05-30 20:23:51.886000', 1, 'en', 'are there events near', 3827, null, null, null);
INSERT INTO INTENT_UTTERANCE (ID, CREATION_DATE, LAST_UPDATE_DATE, VERSION, LOCALE, UTTERANCE, OWNER_INTENT_ID, ACTIVE, END_DATE, START_DATE) VALUES (3866, '2019-03-23 14:02:45.272000', '2019-05-30 20:23:51.886000', 1, 'en', 'hello I want to search events in', 3827, null, null, null);
INSERT INTO INTENT_UTTERANCE (ID, CREATION_DATE, LAST_UPDATE_DATE, VERSION, LOCALE, UTTERANCE, OWNER_INTENT_ID, ACTIVE, END_DATE, START_DATE) VALUES (3867, '2019-03-23 14:02:45.272000', '2019-05-30 20:23:51.886000', 1, 'en', 'what are events near', 3827, null, null, null);
INSERT INTO INTENT_UTTERANCE (ID, CREATION_DATE, LAST_UPDATE_DATE, VERSION, LOCALE, UTTERANCE, OWNER_INTENT_ID, ACTIVE, END_DATE, START_DATE) VALUES (3868, '2019-03-23 14:02:45.273000', '2019-05-30 20:23:51.885000', 1, 'en', 'what events are near', 3827, null, null, null);
INSERT INTO INTENT_UTTERANCE (ID, CREATION_DATE, LAST_UPDATE_DATE, VERSION, LOCALE, UTTERANCE, OWNER_INTENT_ID, ACTIVE, END_DATE, START_DATE) VALUES (3869, '2019-03-23 14:02:45.273000', '2019-05-30 20:23:51.886000', 1, 'en', 'search events close to', 3827, null, null, null);
INSERT INTO INTENT_UTTERANCE (ID, CREATION_DATE, LAST_UPDATE_DATE, VERSION, LOCALE, UTTERANCE, OWNER_INTENT_ID, ACTIVE, END_DATE, START_DATE) VALUES (3870, '2019-03-23 14:02:45.273000', '2019-05-30 20:23:51.885000', 1, 'en', 'what are events in', 3827, null, null, null);
INSERT INTO INTENT_UTTERANCE (ID, CREATION_DATE, LAST_UPDATE_DATE, VERSION, LOCALE, UTTERANCE, OWNER_INTENT_ID, ACTIVE, END_DATE, START_DATE) VALUES (3871, '2019-03-23 14:02:45.273000', '2019-05-30 20:23:51.886000', 1, 'en', 'hello what are events near', 3827, null, null, null);
INSERT INTO INTENT_UTTERANCE (ID, CREATION_DATE, LAST_UPDATE_DATE, VERSION, LOCALE, UTTERANCE, OWNER_INTENT_ID, ACTIVE, END_DATE, START_DATE) VALUES (3872, '2019-03-23 14:02:45.273000', '2019-05-30 20:23:51.887000', 1, 'en', 'search for events in', 3827, null, null, null);
INSERT INTO INTENT_UTTERANCE (ID, CREATION_DATE, LAST_UPDATE_DATE, VERSION, LOCALE, UTTERANCE, OWNER_INTENT_ID, ACTIVE, END_DATE, START_DATE) VALUES (3873, '2019-03-23 14:02:45.274000', '2019-05-30 20:23:51.886000', 1, 'en', 'can you search event in', 3827, null, null, null);
INSERT INTO INTENT_UTTERANCE (ID, CREATION_DATE, LAST_UPDATE_DATE, VERSION, LOCALE, UTTERANCE, OWNER_INTENT_ID, ACTIVE, END_DATE, START_DATE) VALUES (3874, '2019-03-23 14:02:45.274000', '2019-05-30 20:23:51.886000', 1, 'en', 'hello search event near', 3827, null, null, null);
INSERT INTO INTENT_UTTERANCE (ID, CREATION_DATE, LAST_UPDATE_DATE, VERSION, LOCALE, UTTERANCE, OWNER_INTENT_ID, ACTIVE, END_DATE, START_DATE) VALUES (3875, '2019-03-23 14:02:45.274000', '2019-05-30 20:23:51.885000', 1, 'en', 'hello can you search event near', 3827, null, null, null);
INSERT INTO INTENT_UTTERANCE (ID, CREATION_DATE, LAST_UPDATE_DATE, VERSION, LOCALE, UTTERANCE, OWNER_INTENT_ID, ACTIVE, END_DATE, START_DATE) VALUES (3876, '2019-03-23 14:02:45.274000', '2019-05-30 20:23:51.886000', 1, 'en', 'is there event in', 3827, null, null, null);
INSERT INTO INTENT_UTTERANCE (ID, CREATION_DATE, LAST_UPDATE_DATE, VERSION, LOCALE, UTTERANCE, OWNER_INTENT_ID, ACTIVE, END_DATE, START_DATE) VALUES (3877, '2019-03-23 14:02:45.274000', '2019-05-30 20:23:51.886000', 1, 'en', 'I want to search event near', 3827, null, null, null);
INSERT INTO INTENT_UTTERANCE (ID, CREATION_DATE, LAST_UPDATE_DATE, VERSION, LOCALE, UTTERANCE, OWNER_INTENT_ID, ACTIVE, END_DATE, START_DATE) VALUES (3878, '2019-03-23 14:02:45.274000', '2019-05-30 20:23:51.886000', 1, 'en', 'can you search events in', 3827, null, null, null);
INSERT INTO INTENT_UTTERANCE (ID, CREATION_DATE, LAST_UPDATE_DATE, VERSION, LOCALE, UTTERANCE, OWNER_INTENT_ID, ACTIVE, END_DATE, START_DATE) VALUES (3879, '2019-03-23 14:02:45.275000', '2019-05-30 20:23:51.886000', 1, 'en', 'can you search events near', 3827, null, null, null);
INSERT INTO INTENT_UTTERANCE (ID, CREATION_DATE, LAST_UPDATE_DATE, VERSION, LOCALE, UTTERANCE, OWNER_INTENT_ID, ACTIVE, END_DATE, START_DATE) VALUES (3880, '2019-03-23 14:02:45.276000', '2019-05-30 20:23:51.885000', 1, 'en', 'hello search events in', 3827, null, null, null);
INSERT INTO INTENT_UTTERANCE (ID, CREATION_DATE, LAST_UPDATE_DATE, VERSION, LOCALE, UTTERANCE, OWNER_INTENT_ID, ACTIVE, END_DATE, START_DATE) VALUES (3881, '2019-03-23 14:02:45.277000', '2019-05-30 20:23:51.886000', 1, 'en', 'search event close to', 3827, null, null, null);
INSERT INTO INTENT_UTTERANCE (ID, CREATION_DATE, LAST_UPDATE_DATE, VERSION, LOCALE, UTTERANCE, OWNER_INTENT_ID, ACTIVE, END_DATE, START_DATE) VALUES (3882, '2019-03-23 14:02:45.278000', '2019-05-30 20:23:51.886000', 1, 'en', 'look for event near', 3827, null, null, null);
INSERT INTO INTENT_UTTERANCE (ID, CREATION_DATE, LAST_UPDATE_DATE, VERSION, LOCALE, UTTERANCE, OWNER_INTENT_ID, ACTIVE, END_DATE, START_DATE) VALUES (3883, '2019-03-23 14:02:45.278000', '2019-05-30 20:23:51.885000', 1, 'en', 'hello can you search events in', 3827, null, null, null);
INSERT INTO INTENT_UTTERANCE (ID, CREATION_DATE, LAST_UPDATE_DATE, VERSION, LOCALE, UTTERANCE, OWNER_INTENT_ID, ACTIVE, END_DATE, START_DATE) VALUES (3884, '2019-03-23 14:02:45.279000', '2019-05-30 20:23:51.885000', 1, 'en', 'hello I want to search event in', 3827, null, null, null);
INSERT INTO INTENT_UTTERANCE (ID, CREATION_DATE, LAST_UPDATE_DATE, VERSION, LOCALE, UTTERANCE, OWNER_INTENT_ID, ACTIVE, END_DATE, START_DATE) VALUES (3885, '2019-03-23 14:02:45.279000', '2019-05-30 20:23:51.886000', 1, 'en', 'hello search for event in', 3827, null, null, null);
INSERT INTO INTENT_UTTERANCE (ID, CREATION_DATE, LAST_UPDATE_DATE, VERSION, LOCALE, UTTERANCE, OWNER_INTENT_ID, ACTIVE, END_DATE, START_DATE) VALUES (3886, '2019-03-23 14:02:45.279000', '2019-05-30 20:23:51.887000', 1, 'en', 'get search events near', 3827, null, null, null);
INSERT INTO INTENT_UTTERANCE (ID, CREATION_DATE, LAST_UPDATE_DATE, VERSION, LOCALE, UTTERANCE, OWNER_INTENT_ID, ACTIVE, END_DATE, START_DATE) VALUES (3887, '2019-03-23 14:02:45.279000', '2019-05-30 20:23:51.886000', 1, 'en', 'hello get search events in', 3827, null, null, null);
INSERT INTO INTENT_UTTERANCE (ID, CREATION_DATE, LAST_UPDATE_DATE, VERSION, LOCALE, UTTERANCE, OWNER_INTENT_ID, ACTIVE, END_DATE, START_DATE) VALUES (3888, '2019-03-23 14:02:45.279000', '2019-05-30 20:23:51.886000', 1, 'en', 'hello search events close to', 3827, null, null, null);
INSERT INTO INTENT_UTTERANCE (ID, CREATION_DATE, LAST_UPDATE_DATE, VERSION, LOCALE, UTTERANCE, OWNER_INTENT_ID, ACTIVE, END_DATE, START_DATE) VALUES (3889, '2019-03-23 14:02:45.280000', '2019-05-30 20:23:51.885000', 1, 'en', 'hello look for event near', 3827, null, null, null);
INSERT INTO INTENT_UTTERANCE (ID, CREATION_DATE, LAST_UPDATE_DATE, VERSION, LOCALE, UTTERANCE, OWNER_INTENT_ID, ACTIVE, END_DATE, START_DATE) VALUES (3890, '2019-03-23 14:02:45.280000', '2019-05-30 20:23:51.887000', 1, 'en', 'hello look for event in', 3827, null, null, null);
INSERT INTO INTENT_UTTERANCE (ID, CREATION_DATE, LAST_UPDATE_DATE, VERSION, LOCALE, UTTERANCE, OWNER_INTENT_ID, ACTIVE, END_DATE, START_DATE) VALUES (3891, '2019-03-23 14:02:45.280000', '2019-05-30 20:23:51.887000', 1, 'en', 'hello look for events near', 3827, null, null, null);
INSERT INTO INTENT_UTTERANCE (ID, CREATION_DATE, LAST_UPDATE_DATE, VERSION, LOCALE, UTTERANCE, OWNER_INTENT_ID, ACTIVE, END_DATE, START_DATE) VALUES (3892, '2019-03-23 14:02:45.280000', '2019-05-30 20:23:51.886000', 1, 'en', 'hello what is event in', 3827, null, null, null);
INSERT INTO INTENT_UTTERANCE (ID, CREATION_DATE, LAST_UPDATE_DATE, VERSION, LOCALE, UTTERANCE, OWNER_INTENT_ID, ACTIVE, END_DATE, START_DATE) VALUES (3895, '2019-03-23 14:02:45.281000', '2019-03-23 14:02:45.281000', 1, 'en', 'roles created', 3893, null, null, null);
INSERT INTO INTENT_UTTERANCE (ID, CREATION_DATE, LAST_UPDATE_DATE, VERSION, LOCALE, UTTERANCE, OWNER_INTENT_ID, ACTIVE, END_DATE, START_DATE) VALUES (3896, '2019-03-23 14:02:45.281000', '2019-03-23 14:02:45.281000', 1, 'en', 'create roles', 3893, null, null, null);
INSERT INTO INTENT_UTTERANCE (ID, CREATION_DATE, LAST_UPDATE_DATE, VERSION, LOCALE, UTTERANCE, OWNER_INTENT_ID, ACTIVE, END_DATE, START_DATE) VALUES (3897, '2019-03-23 14:02:45.281000', '2019-03-23 14:02:45.281000', 1, 'en', 'roles create', 3893, null, null, null);
INSERT INTO INTENT_UTTERANCE (ID, CREATION_DATE, LAST_UPDATE_DATE, VERSION, LOCALE, UTTERANCE, OWNER_INTENT_ID, ACTIVE, END_DATE, START_DATE) VALUES (3898, '2019-03-23 14:02:45.281000', '2019-03-23 14:02:45.281000', 1, 'en', 'add roles', 3893, null, null, null);
INSERT INTO INTENT_UTTERANCE (ID, CREATION_DATE, LAST_UPDATE_DATE, VERSION, LOCALE, UTTERANCE, OWNER_INTENT_ID, ACTIVE, END_DATE, START_DATE) VALUES (3901, '2019-03-23 14:02:45.282000', '2019-03-23 14:02:45.282000', 1, 'en', 'good', 3899, null, null, null);
INSERT INTO INTENT_UTTERANCE (ID, CREATION_DATE, LAST_UPDATE_DATE, VERSION, LOCALE, UTTERANCE, OWNER_INTENT_ID, ACTIVE, END_DATE, START_DATE) VALUES (3902, '2019-03-23 14:02:45.282000', '2019-03-23 14:02:45.282000', 1, 'en', 'good and you', 3899, null, null, null);
INSERT INTO INTENT_UTTERANCE (ID, CREATION_DATE, LAST_UPDATE_DATE, VERSION, LOCALE, UTTERANCE, OWNER_INTENT_ID, ACTIVE, END_DATE, START_DATE) VALUES (3903, '2019-03-23 14:02:45.282000', '2019-03-23 14:02:45.282000', 1, 'en', 'great and you', 3899, null, null, null);
INSERT INTO INTENT_UTTERANCE (ID, CREATION_DATE, LAST_UPDATE_DATE, VERSION, LOCALE, UTTERANCE, OWNER_INTENT_ID, ACTIVE, END_DATE, START_DATE) VALUES (3906, '2019-03-23 14:02:45.282000', '2019-03-23 14:02:45.282000', 1, 'en', 'cancel delete event', 3904, null, null, null);
INSERT INTO INTENT_UTTERANCE (ID, CREATION_DATE, LAST_UPDATE_DATE, VERSION, LOCALE, UTTERANCE, OWNER_INTENT_ID, ACTIVE, END_DATE, START_DATE) VALUES (3909, '2019-03-23 14:02:45.283000', '2019-03-23 14:02:45.283000', 1, 'en', 'delete events', 3907, null, null, null);
INSERT INTO INTENT_UTTERANCE (ID, CREATION_DATE, LAST_UPDATE_DATE, VERSION, LOCALE, UTTERANCE, OWNER_INTENT_ID, ACTIVE, END_DATE, START_DATE) VALUES (3910, '2019-03-23 14:02:45.283000', '2019-03-23 14:02:45.283000', 1, 'en', 'delete event', 3907, null, null, null);
INSERT INTO INTENT_UTTERANCE (ID, CREATION_DATE, LAST_UPDATE_DATE, VERSION, LOCALE, UTTERANCE, OWNER_INTENT_ID, ACTIVE, END_DATE, START_DATE) VALUES (3913, '2019-03-23 14:02:45.284000', '2019-03-23 14:02:45.284000', 1, 'en', 'hello help me search for role', 3911, null, null, null);
INSERT INTO INTENT_UTTERANCE (ID, CREATION_DATE, LAST_UPDATE_DATE, VERSION, LOCALE, UTTERANCE, OWNER_INTENT_ID, ACTIVE, END_DATE, START_DATE) VALUES (3914, '2019-03-23 14:02:45.284000', '2019-03-23 14:02:45.284000', 1, 'en', 'hello search for role', 3911, null, null, null);
INSERT INTO INTENT_UTTERANCE (ID, CREATION_DATE, LAST_UPDATE_DATE, VERSION, LOCALE, UTTERANCE, OWNER_INTENT_ID, ACTIVE, END_DATE, START_DATE) VALUES (3915, '2019-03-23 14:02:45.284000', '2019-03-23 14:02:45.284000', 1, 'en', 'search for roles', 3911, null, null, null);
INSERT INTO INTENT_UTTERANCE (ID, CREATION_DATE, LAST_UPDATE_DATE, VERSION, LOCALE, UTTERANCE, OWNER_INTENT_ID, ACTIVE, END_DATE, START_DATE) VALUES (3916, '2019-03-23 14:02:45.284000', '2019-03-23 14:02:45.284000', 1, 'en', 'hello can you search for role', 3911, null, null, null);
INSERT INTO INTENT_UTTERANCE (ID, CREATION_DATE, LAST_UPDATE_DATE, VERSION, LOCALE, UTTERANCE, OWNER_INTENT_ID, ACTIVE, END_DATE, START_DATE) VALUES (3917, '2019-03-23 14:02:45.284000', '2019-03-23 14:02:45.284000', 1, 'en', 'hello look for role', 3911, null, null, null);
INSERT INTO INTENT_UTTERANCE (ID, CREATION_DATE, LAST_UPDATE_DATE, VERSION, LOCALE, UTTERANCE, OWNER_INTENT_ID, ACTIVE, END_DATE, START_DATE) VALUES (3918, '2019-03-23 14:02:45.284000', '2019-03-23 14:02:45.284000', 1, 'en', 'hello can you search for roles', 3911, null, null, null);
INSERT INTO INTENT_UTTERANCE (ID, CREATION_DATE, LAST_UPDATE_DATE, VERSION, LOCALE, UTTERANCE, OWNER_INTENT_ID, ACTIVE, END_DATE, START_DATE) VALUES (3919, '2019-03-23 14:02:45.285000', '2019-03-23 14:02:45.285000', 1, 'en', 'hello look for roles', 3911, null, null, null);
INSERT INTO INTENT_UTTERANCE (ID, CREATION_DATE, LAST_UPDATE_DATE, VERSION, LOCALE, UTTERANCE, OWNER_INTENT_ID, ACTIVE, END_DATE, START_DATE) VALUES (3920, '2019-03-23 14:02:45.285000', '2019-03-23 14:02:45.285000', 1, 'en', 'I want to search for role', 3911, null, null, null);
INSERT INTO INTENT_UTTERANCE (ID, CREATION_DATE, LAST_UPDATE_DATE, VERSION, LOCALE, UTTERANCE, OWNER_INTENT_ID, ACTIVE, END_DATE, START_DATE) VALUES (3921, '2019-03-23 14:02:45.285000', '2019-03-23 14:02:45.285000', 1, 'en', 'are there any roles', 3911, null, null, null);
INSERT INTO INTENT_UTTERANCE (ID, CREATION_DATE, LAST_UPDATE_DATE, VERSION, LOCALE, UTTERANCE, OWNER_INTENT_ID, ACTIVE, END_DATE, START_DATE) VALUES (3922, '2019-03-23 14:02:45.285000', '2019-03-23 14:02:45.285000', 1, 'en', 'is there any role', 3911, null, null, null);
INSERT INTO INTENT_UTTERANCE (ID, CREATION_DATE, LAST_UPDATE_DATE, VERSION, LOCALE, UTTERANCE, OWNER_INTENT_ID, ACTIVE, END_DATE, START_DATE) VALUES (3923, '2019-03-23 14:02:45.285000', '2019-03-23 14:02:45.285000', 1, 'en', 'can you search for role', 3911, null, null, null);
INSERT INTO INTENT_UTTERANCE (ID, CREATION_DATE, LAST_UPDATE_DATE, VERSION, LOCALE, UTTERANCE, OWNER_INTENT_ID, ACTIVE, END_DATE, START_DATE) VALUES (3924, '2019-03-23 14:02:45.285000', '2019-03-23 14:02:45.285000', 1, 'en', 'search roles', 3911, null, null, null);
INSERT INTO INTENT_UTTERANCE (ID, CREATION_DATE, LAST_UPDATE_DATE, VERSION, LOCALE, UTTERANCE, OWNER_INTENT_ID, ACTIVE, END_DATE, START_DATE) VALUES (3925, '2019-03-23 14:02:45.285000', '2019-03-23 14:02:45.285000', 1, 'en', 'look for roles', 3911, null, null, null);
INSERT INTO INTENT_UTTERANCE (ID, CREATION_DATE, LAST_UPDATE_DATE, VERSION, LOCALE, UTTERANCE, OWNER_INTENT_ID, ACTIVE, END_DATE, START_DATE) VALUES (3926, '2019-03-23 14:02:45.285000', '2019-03-23 14:02:45.285000', 1, 'en', 'hello I want to search for roles', 3911, null, null, null);
INSERT INTO INTENT_UTTERANCE (ID, CREATION_DATE, LAST_UPDATE_DATE, VERSION, LOCALE, UTTERANCE, OWNER_INTENT_ID, ACTIVE, END_DATE, START_DATE) VALUES (3927, '2019-03-23 14:02:45.286000', '2019-03-23 14:02:45.286000', 1, 'en', 'hello is there any role', 3911, null, null, null);
INSERT INTO INTENT_UTTERANCE (ID, CREATION_DATE, LAST_UPDATE_DATE, VERSION, LOCALE, UTTERANCE, OWNER_INTENT_ID, ACTIVE, END_DATE, START_DATE) VALUES (3928, '2019-03-23 14:02:45.286000', '2019-03-23 14:02:45.286000', 1, 'en', 'hello please help me search for roles', 3911, null, null, null);
INSERT INTO INTENT_UTTERANCE (ID, CREATION_DATE, LAST_UPDATE_DATE, VERSION, LOCALE, UTTERANCE, OWNER_INTENT_ID, ACTIVE, END_DATE, START_DATE) VALUES (3929, '2019-03-23 14:02:45.286000', '2019-03-23 14:02:45.286000', 1, 'en', 'can you search for roles', 3911, null, null, null);
INSERT INTO INTENT_UTTERANCE (ID, CREATION_DATE, LAST_UPDATE_DATE, VERSION, LOCALE, UTTERANCE, OWNER_INTENT_ID, ACTIVE, END_DATE, START_DATE) VALUES (3930, '2019-03-23 14:02:45.286000', '2019-03-23 14:02:45.286000', 1, 'en', 'help me search for role', 3911, null, null, null);
INSERT INTO INTENT_UTTERANCE (ID, CREATION_DATE, LAST_UPDATE_DATE, VERSION, LOCALE, UTTERANCE, OWNER_INTENT_ID, ACTIVE, END_DATE, START_DATE) VALUES (3931, '2019-03-23 14:02:45.286000', '2019-03-23 14:02:45.286000', 1, 'en', 'hello please help me search for role', 3911, null, null, null);
INSERT INTO INTENT_UTTERANCE (ID, CREATION_DATE, LAST_UPDATE_DATE, VERSION, LOCALE, UTTERANCE, OWNER_INTENT_ID, ACTIVE, END_DATE, START_DATE) VALUES (3932, '2019-03-23 14:02:45.286000', '2019-03-23 14:02:45.286000', 1, 'en', 'find roles', 3911, null, null, null);
INSERT INTO INTENT_UTTERANCE (ID, CREATION_DATE, LAST_UPDATE_DATE, VERSION, LOCALE, UTTERANCE, OWNER_INTENT_ID, ACTIVE, END_DATE, START_DATE) VALUES (3933, '2019-03-23 14:02:45.286000', '2019-03-23 14:02:45.286000', 1, 'en', 'please help me search for roles', 3911, null, null, null);
INSERT INTO INTENT_UTTERANCE (ID, CREATION_DATE, LAST_UPDATE_DATE, VERSION, LOCALE, UTTERANCE, OWNER_INTENT_ID, ACTIVE, END_DATE, START_DATE) VALUES (3934, '2019-03-23 14:02:45.286000', '2019-03-23 14:02:45.286000', 1, 'en', 'hello search for roles', 3911, null, null, null);
INSERT INTO INTENT_UTTERANCE (ID, CREATION_DATE, LAST_UPDATE_DATE, VERSION, LOCALE, UTTERANCE, OWNER_INTENT_ID, ACTIVE, END_DATE, START_DATE) VALUES (3935, '2019-03-23 14:02:45.286000', '2019-03-23 14:02:45.286000', 1, 'en', 'I want to search for roles', 3911, null, null, null);
INSERT INTO INTENT_UTTERANCE (ID, CREATION_DATE, LAST_UPDATE_DATE, VERSION, LOCALE, UTTERANCE, OWNER_INTENT_ID, ACTIVE, END_DATE, START_DATE) VALUES (3936, '2019-03-23 14:02:45.286000', '2019-03-23 14:02:45.286000', 1, 'en', 'look roles', 3911, null, null, null);
INSERT INTO INTENT_UTTERANCE (ID, CREATION_DATE, LAST_UPDATE_DATE, VERSION, LOCALE, UTTERANCE, OWNER_INTENT_ID, ACTIVE, END_DATE, START_DATE) VALUES (3937, '2019-03-23 14:02:45.287000', '2019-03-23 14:02:45.287000', 1, 'en', 'search role', 3911, null, null, null);
INSERT INTO INTENT_UTTERANCE (ID, CREATION_DATE, LAST_UPDATE_DATE, VERSION, LOCALE, UTTERANCE, OWNER_INTENT_ID, ACTIVE, END_DATE, START_DATE) VALUES (3938, '2019-03-23 14:02:45.287000', '2019-03-23 14:02:45.287000', 1, 'en', 'hello I want to search for role', 3911, null, null, null);
INSERT INTO INTENT_UTTERANCE (ID, CREATION_DATE, LAST_UPDATE_DATE, VERSION, LOCALE, UTTERANCE, OWNER_INTENT_ID, ACTIVE, END_DATE, START_DATE) VALUES (3939, '2019-03-23 14:02:45.287000', '2019-03-23 14:02:45.287000', 1, 'en', 'hello are there any roles', 3911, null, null, null);
INSERT INTO INTENT_UTTERANCE (ID, CREATION_DATE, LAST_UPDATE_DATE, VERSION, LOCALE, UTTERANCE, OWNER_INTENT_ID, ACTIVE, END_DATE, START_DATE) VALUES (3940, '2019-03-23 14:02:45.287000', '2019-03-23 14:02:45.287000', 1, 'en', 'please help me search for role', 3911, null, null, null);
INSERT INTO INTENT_UTTERANCE (ID, CREATION_DATE, LAST_UPDATE_DATE, VERSION, LOCALE, UTTERANCE, OWNER_INTENT_ID, ACTIVE, END_DATE, START_DATE) VALUES (3945, '2019-03-28 13:06:51.529000', '2019-08-14 20:06:53.035000', 1, 'en_US', 'DoNotUnderstandIntent', 3943, null, null, null);
INSERT INTO INTENT_UTTERANCE (ID, CREATION_DATE, LAST_UPDATE_DATE, VERSION, LOCALE, UTTERANCE, OWNER_INTENT_ID, ACTIVE, END_DATE, START_DATE) VALUES (3948, '2019-03-28 20:46:37.771000', '2019-06-12 17:02:46.575000', 1, 'en_US', 'MaybeHaveLogInIssues', 3946, null, null, null);
INSERT INTO INTENT_UTTERANCE (ID, CREATION_DATE, LAST_UPDATE_DATE, VERSION, LOCALE, UTTERANCE, OWNER_INTENT_ID, ACTIVE, END_DATE, START_DATE) VALUES (4075, '2019-05-31 22:19:06.767000', '2019-11-15 17:58:15.599000', 1, 'en', 'initiate', 4073, null, null, null);
INSERT INTO INTENT_UTTERANCE (ID, CREATION_DATE, LAST_UPDATE_DATE, VERSION, LOCALE, UTTERANCE, OWNER_INTENT_ID, ACTIVE, END_DATE, START_DATE) VALUES (4078, '2019-06-03 21:20:04.142000', '2019-11-15 17:58:15.599000', 1, 'en', 'start', 4073, null, null, null);
INSERT INTO INTENT_UTTERANCE (ID, CREATION_DATE, LAST_UPDATE_DATE, VERSION, LOCALE, UTTERANCE, OWNER_INTENT_ID, ACTIVE, END_DATE, START_DATE) VALUES (4079, '2019-06-03 21:20:04.143000', '2019-11-15 17:58:15.599000', 1, 'en', 'welcome', 4073, null, null, null);
INSERT INTO INTENT_UTTERANCE (ID, CREATION_DATE, LAST_UPDATE_DATE, VERSION, LOCALE, UTTERANCE, OWNER_INTENT_ID, ACTIVE, END_DATE, START_DATE) VALUES (4082, '2019-06-04 21:06:34.422000', '2019-06-11 12:18:53.559000', 1, 'en', 'do you sell ticket', 4080, null, null, null);
INSERT INTO INTENT_UTTERANCE (ID, CREATION_DATE, LAST_UPDATE_DATE, VERSION, LOCALE, UTTERANCE, OWNER_INTENT_ID, ACTIVE, END_DATE, START_DATE) VALUES (4083, '2019-06-04 21:06:34.422000', '2019-06-11 12:18:53.559000', 1, 'en', 'buy tickets', 4080, null, null, null);
INSERT INTO INTENT_UTTERANCE (ID, CREATION_DATE, LAST_UPDATE_DATE, VERSION, LOCALE, UTTERANCE, OWNER_INTENT_ID, ACTIVE, END_DATE, START_DATE) VALUES (4084, '2019-06-04 21:06:34.422000', '2019-06-11 12:18:53.559000', 1, 'en', 'where are tickets sold', 4080, null, null, null);
INSERT INTO INTENT_UTTERANCE (ID, CREATION_DATE, LAST_UPDATE_DATE, VERSION, LOCALE, UTTERANCE, OWNER_INTENT_ID, ACTIVE, END_DATE, START_DATE) VALUES (4085, '2019-06-04 21:06:34.422000', '2019-06-11 12:18:53.559000', 1, 'en', 'where can I buy tickets', 4080, null, null, null);
INSERT INTO INTENT_UTTERANCE (ID, CREATION_DATE, LAST_UPDATE_DATE, VERSION, LOCALE, UTTERANCE, OWNER_INTENT_ID, ACTIVE, END_DATE, START_DATE) VALUES (4086, '2019-06-04 21:06:34.422000', '2019-06-11 12:18:53.559000', 1, 'en', 'I want to buy tickets', 4080, null, null, null);
INSERT INTO INTENT_UTTERANCE (ID, CREATION_DATE, LAST_UPDATE_DATE, VERSION, LOCALE, UTTERANCE, OWNER_INTENT_ID, ACTIVE, END_DATE, START_DATE) VALUES (4087, '2019-06-04 21:06:34.422000', '2019-06-11 12:18:53.559000', 1, 'en', 'need ticket', 4080, null, null, null);
INSERT INTO INTENT_UTTERANCE (ID, CREATION_DATE, LAST_UPDATE_DATE, VERSION, LOCALE, UTTERANCE, OWNER_INTENT_ID, ACTIVE, END_DATE, START_DATE) VALUES (4088, '2019-06-04 21:06:34.422000', '2019-06-11 12:18:53.559000', 1, 'en', 'I want tickets', 4080, null, null, null);
INSERT INTO INTENT_UTTERANCE (ID, CREATION_DATE, LAST_UPDATE_DATE, VERSION, LOCALE, UTTERANCE, OWNER_INTENT_ID, ACTIVE, END_DATE, START_DATE) VALUES (4090, '2019-06-04 21:10:53.151000', '2019-06-11 12:18:53.563000', 1, 'en', 'sell tickets', 4080, null, null, null);
INSERT INTO INTENT_UTTERANCE (ID, CREATION_DATE, LAST_UPDATE_DATE, VERSION, LOCALE, UTTERANCE, OWNER_INTENT_ID, ACTIVE, END_DATE, START_DATE) VALUES (4091, '2019-06-04 21:10:53.154000', '2019-06-11 12:18:53.559000', 1, 'en', 'where do you sell tickets', 4080, null, null, null);
INSERT INTO INTENT_UTTERANCE (ID, CREATION_DATE, LAST_UPDATE_DATE, VERSION, LOCALE, UTTERANCE, OWNER_INTENT_ID, ACTIVE, END_DATE, START_DATE) VALUES (4093, '2019-06-04 21:16:04.450000', '2019-06-11 12:18:53.559000', 1, 'en', 'please sell tickets', 4080, null, null, null);
INSERT INTO INTENT_UTTERANCE (ID, CREATION_DATE, LAST_UPDATE_DATE, VERSION, LOCALE, UTTERANCE, OWNER_INTENT_ID, ACTIVE, END_DATE, START_DATE) VALUES (4094, '2019-06-04 21:16:04.451000', '2019-06-11 12:18:53.559000', 1, 'en', 'do you also sell tickets', 4080, null, null, null);
INSERT INTO INTENT_UTTERANCE (ID, CREATION_DATE, LAST_UPDATE_DATE, VERSION, LOCALE, UTTERANCE, OWNER_INTENT_ID, ACTIVE, END_DATE, START_DATE) VALUES (4095, '2019-06-04 21:16:04.452000', '2019-06-11 12:18:53.559000', 1, 'en', 'where do you see tickets for events', 4080, null, null, null);
INSERT INTO INTENT_UTTERANCE (ID, CREATION_DATE, LAST_UPDATE_DATE, VERSION, LOCALE, UTTERANCE, OWNER_INTENT_ID, ACTIVE, END_DATE, START_DATE) VALUES (4097, '2019-06-04 21:21:32.207000', '2019-06-11 12:18:53.559000', 1, 'en', 'tickets on website', 4080, null, null, null);
INSERT INTO INTENT_UTTERANCE (ID, CREATION_DATE, LAST_UPDATE_DATE, VERSION, LOCALE, UTTERANCE, OWNER_INTENT_ID, ACTIVE, END_DATE, START_DATE) VALUES (4098, '2019-06-04 21:21:32.210000', '2019-06-11 12:18:53.559000', 1, 'en', 'tickets for events', 4080, null, null, null);
INSERT INTO INTENT_UTTERANCE (ID, CREATION_DATE, LAST_UPDATE_DATE, VERSION, LOCALE, UTTERANCE, OWNER_INTENT_ID, ACTIVE, END_DATE, START_DATE) VALUES (4101, '2019-06-04 21:25:02.307000', '2019-06-11 12:18:53.559000', 1, 'en', 'MaybeBuyTicket', 4099, null, null, null);
INSERT INTO INTENT_UTTERANCE (ID, CREATION_DATE, LAST_UPDATE_DATE, VERSION, LOCALE, UTTERANCE, OWNER_INTENT_ID, ACTIVE, END_DATE, START_DATE) VALUES (4210, '2019-08-24 14:58:29.430000', '2019-08-25 11:16:15.933000', 1, 'en', 'what are the featured recipes', 4206, null, null, null);
INSERT INTO INTENT_UTTERANCE (ID, CREATION_DATE, LAST_UPDATE_DATE, VERSION, LOCALE, UTTERANCE, OWNER_INTENT_ID, ACTIVE, END_DATE, START_DATE) VALUES (4211, '2019-08-24 21:37:02.443000', '2019-08-25 11:16:15.933000', 1, 'en', 'featured recipes', 4206, null, null, null);
INSERT INTO INTENT_UTTERANCE (ID, CREATION_DATE, LAST_UPDATE_DATE, VERSION, LOCALE, UTTERANCE, OWNER_INTENT_ID, ACTIVE, END_DATE, START_DATE) VALUES (4212, '2019-08-24 21:37:02.488000', '2019-08-25 11:16:15.933000', 1, 'en', 'whats on the plate', 4206, null, null, null);
INSERT INTO INTENT_UTTERANCE (ID, CREATION_DATE, LAST_UPDATE_DATE, VERSION, LOCALE, UTTERANCE, OWNER_INTENT_ID, ACTIVE, END_DATE, START_DATE) VALUES (4213, '2019-08-24 21:37:02.492000', '2019-08-25 11:16:15.933000', 1, 'en', 'featured recipe', 4206, null, null, null);
INSERT INTO INTENT_UTTERANCE (ID, CREATION_DATE, LAST_UPDATE_DATE, VERSION, LOCALE, UTTERANCE, OWNER_INTENT_ID, ACTIVE, END_DATE, START_DATE) VALUES (4214, '2019-08-25 00:57:35.330000', '2019-08-25 11:16:15.933000', 1, 'en', 'show me some featured foods', 4206, null, null, null);
INSERT INTO INTENT_UTTERANCE (ID, CREATION_DATE, LAST_UPDATE_DATE, VERSION, LOCALE, UTTERANCE, OWNER_INTENT_ID, ACTIVE, END_DATE, START_DATE) VALUES (4215, '2019-08-25 00:57:35.343000', '2019-08-25 11:16:15.933000', 1, 'en', 'what are the trending foods', 4206, null, null, null);
INSERT INTO INTENT_UTTERANCE (ID, CREATION_DATE, LAST_UPDATE_DATE, VERSION, LOCALE, UTTERANCE, OWNER_INTENT_ID, ACTIVE, END_DATE, START_DATE) VALUES (4265, '2019-09-17 00:53:43.700000', '2019-09-17 00:53:43.700000', 1, 'en', 'need info on services you provide', 4261, null, null, null);
INSERT INTO INTENT_UTTERANCE (ID, CREATION_DATE, LAST_UPDATE_DATE, VERSION, LOCALE, UTTERANCE, OWNER_INTENT_ID, ACTIVE, END_DATE, START_DATE) VALUES (4268, '2019-12-25 00:10:11.555000', '2019-12-28 15:37:18.756000', 1, 'en', 'Hi', 4278, true, '9999-12-31 05:00:00.000000', '2019-12-25 00:10:11.555000');
INSERT INTO INTENT_UTTERANCE (ID, CREATION_DATE, LAST_UPDATE_DATE, VERSION, LOCALE, UTTERANCE, OWNER_INTENT_ID, ACTIVE, END_DATE, START_DATE) VALUES (4269, '2019-12-25 01:15:37.131000', '2019-12-28 15:37:18.756000', 1, 'en', 'Hello', 4278, true, '9999-12-31 05:00:00.000000', '2019-12-25 01:15:37.131000');
INSERT INTO INTENT_UTTERANCE (ID, CREATION_DATE, LAST_UPDATE_DATE, VERSION, LOCALE, UTTERANCE, OWNER_INTENT_ID, ACTIVE, END_DATE, START_DATE) VALUES (4270, '2019-12-25 01:15:37.156000', '2019-12-28 15:37:18.756000', 1, 'en', 'Ola', 4278, true, '9999-12-31 05:00:00.000000', '2019-12-25 01:15:37.156000');
INSERT INTO INTENT_UTTERANCE (ID, CREATION_DATE, LAST_UPDATE_DATE, VERSION, LOCALE, UTTERANCE, OWNER_INTENT_ID, ACTIVE, END_DATE, START_DATE) VALUES (4271, '2019-12-25 01:15:37.157000', '2019-12-28 15:37:18.756000', 1, 'en', 'Hiya', 4278, true, '9999-12-31 05:00:00.000000', '2019-12-25 01:15:37.157000');
INSERT INTO INTENT_UTTERANCE (ID, CREATION_DATE, LAST_UPDATE_DATE, VERSION, LOCALE, UTTERANCE, OWNER_INTENT_ID, ACTIVE, END_DATE, START_DATE) VALUES (4272, '2019-12-25 01:15:37.158000', '2019-12-28 15:37:18.756000', 1, 'en', 'Namaste', 4278, true, '9999-12-31 05:00:00.000000', '2019-12-25 01:15:37.158000');
INSERT INTO INTENT_UTTERANCE (ID, CREATION_DATE, LAST_UPDATE_DATE, VERSION, LOCALE, UTTERANCE, OWNER_INTENT_ID, ACTIVE, END_DATE, START_DATE) VALUES (4273, '2019-12-25 01:25:32.114000', '2019-12-25 01:25:32.114000', 1, 'en', 'Cant log in', 4280, true, '9999-12-31 05:00:00.000000', '2019-12-25 01:25:32.114000');
INSERT INTO INTENT_UTTERANCE (ID, CREATION_DATE, LAST_UPDATE_DATE, VERSION, LOCALE, UTTERANCE, OWNER_INTENT_ID, ACTIVE, END_DATE, START_DATE) VALUES (4274, '2019-12-25 01:25:32.117000', '2019-12-25 01:25:32.117000', 1, 'en', 'Not able to get into my account', 4280, true, '9999-12-31 05:00:00.000000', '2019-12-25 01:25:32.117000');
INSERT INTO INTENT_UTTERANCE (ID, CREATION_DATE, LAST_UPDATE_DATE, VERSION, LOCALE, UTTERANCE, OWNER_INTENT_ID, ACTIVE, END_DATE, START_DATE) VALUES (4275, '2019-12-25 01:25:32.118000', '2019-12-25 01:25:32.118000', 1, 'en', 'Cannot sign in', 4280, true, '9999-12-31 05:00:00.000000', '2019-12-25 01:25:32.118000');
INSERT INTO INTENT_UTTERANCE (ID, CREATION_DATE, LAST_UPDATE_DATE, VERSION, LOCALE, UTTERANCE, OWNER_INTENT_ID, ACTIVE, END_DATE, START_DATE) VALUES (4276, '2019-12-25 01:25:32.120000', '2019-12-25 01:25:32.120000', 1, 'en', 'Not able to access my account', 4280, true, '9999-12-31 05:00:00.000000', '2019-12-25 01:25:32.120000');
INSERT INTO INTENT_UTTERANCE (ID, CREATION_DATE, LAST_UPDATE_DATE, VERSION, LOCALE, UTTERANCE, OWNER_INTENT_ID, ACTIVE, END_DATE, START_DATE) VALUES (4277, '2019-12-25 01:25:32.121000', '2019-12-25 01:25:32.121000', 1, 'en', 'I am not able to log in', 4280, true, '9999-12-31 05:00:00.000000', '2019-12-25 01:25:32.121000');
INSERT INTO INTENT_UTTERANCE (ID, CREATION_DATE, LAST_UPDATE_DATE, VERSION, LOCALE, UTTERANCE, OWNER_INTENT_ID, ACTIVE, END_DATE, START_DATE) VALUES (4278, '2019-12-25 01:25:32.122000', '2019-12-25 01:25:32.122000', 1, 'en', 'Issues with login', 4280, true, '9999-12-31 05:00:00.000000', '2019-12-25 01:25:32.122000');
INSERT INTO INTENT_UTTERANCE (ID, CREATION_DATE, LAST_UPDATE_DATE, VERSION, LOCALE, UTTERANCE, OWNER_INTENT_ID, ACTIVE, END_DATE, START_DATE) VALUES (4279, '2019-12-25 01:25:32.123000', '2019-12-25 01:25:32.123000', 1, 'en', 'Cannot log in', 4280, true, '9999-12-31 05:00:00.000000', '2019-12-25 01:25:32.123000');
INSERT INTO INTENT_UTTERANCE (ID, CREATION_DATE, LAST_UPDATE_DATE, VERSION, LOCALE, UTTERANCE, OWNER_INTENT_ID, ACTIVE, END_DATE, START_DATE) VALUES (4280, '2019-12-25 01:25:32.125000', '2019-12-25 01:25:32.125000', 1, 'en', 'Problems with login', 4280, true, '9999-12-31 05:00:00.000000', '2019-12-25 01:25:32.125000');
INSERT INTO INTENT_UTTERANCE (ID, CREATION_DATE, LAST_UPDATE_DATE, VERSION, LOCALE, UTTERANCE, OWNER_INTENT_ID, ACTIVE, END_DATE, START_DATE) VALUES (4281, '2019-12-25 01:25:32.126000', '2019-12-25 01:25:32.126000', 1, 'en', 'Unable to sign in', 4280, true, '9999-12-31 05:00:00.000000', '2019-12-25 01:25:32.126000');
INSERT INTO INTENT_UTTERANCE (ID, CREATION_DATE, LAST_UPDATE_DATE, VERSION, LOCALE, UTTERANCE, OWNER_INTENT_ID, ACTIVE, END_DATE, START_DATE) VALUES (4282, '2019-12-25 16:34:15.749000', '2019-12-25 16:34:15.749000', 1, 'en', 'I need a reservation', 4282, true, '9999-12-31 05:00:00.000000', '2019-12-25 16:34:15.749000');
INSERT INTO INTENT_UTTERANCE (ID, CREATION_DATE, LAST_UPDATE_DATE, VERSION, LOCALE, UTTERANCE, OWNER_INTENT_ID, ACTIVE, END_DATE, START_DATE) VALUES (4283, '2019-12-25 19:13:21.591000', '2019-12-25 19:13:21.591000', 1, 'en', 'Health Score', 4284, true, '9999-12-31 05:00:00.000000', '2019-12-25 19:13:21.591000');
INSERT INTO INTENT_UTTERANCE (ID, CREATION_DATE, LAST_UPDATE_DATE, VERSION, LOCALE, UTTERANCE, OWNER_INTENT_ID, ACTIVE, END_DATE, START_DATE) VALUES (4284, '2019-12-25 19:13:21.593000', '2019-12-25 19:13:21.593000', 1, 'en', 'How healthy is your food', 4284, true, '9999-12-31 05:00:00.000000', '2019-12-25 19:13:21.593000');
INSERT INTO INTENT_UTTERANCE (ID, CREATION_DATE, LAST_UPDATE_DATE, VERSION, LOCALE, UTTERANCE, OWNER_INTENT_ID, ACTIVE, END_DATE, START_DATE) VALUES (4285, '2019-12-25 19:13:21.595000', '2019-12-25 19:13:21.595000', 1, 'en', 'How clean is your restaurant', 4284, true, '9999-12-31 05:00:00.000000', '2019-12-25 19:13:21.595000');
INSERT INTO INTENT_UTTERANCE (ID, CREATION_DATE, LAST_UPDATE_DATE, VERSION, LOCALE, UTTERANCE, OWNER_INTENT_ID, ACTIVE, END_DATE, START_DATE) VALUES (4286, '2019-12-25 19:16:12.676000', '2019-12-25 19:19:57.948000', 1, 'en', 'How can I reach your restaurant', 4286, true, '9999-12-31 05:00:00.000000', '2019-12-25 19:16:12.676000');
INSERT INTO INTENT_UTTERANCE (ID, CREATION_DATE, LAST_UPDATE_DATE, VERSION, LOCALE, UTTERANCE, OWNER_INTENT_ID, ACTIVE, END_DATE, START_DATE) VALUES (4287, '2019-12-25 19:19:57.929000', '2019-12-25 19:19:57.929000', 1, 'en', 'I am lost and I need to get to your restaurant', 4286, true, '9999-12-31 05:00:00.000000', '2019-12-25 19:19:57.929000');
INSERT INTO INTENT_UTTERANCE (ID, CREATION_DATE, LAST_UPDATE_DATE, VERSION, LOCALE, UTTERANCE, OWNER_INTENT_ID, ACTIVE, END_DATE, START_DATE) VALUES (4288, '2019-12-25 19:19:57.931000', '2019-12-25 19:19:57.931000', 1, 'en', 'Need directions', 4286, true, '9999-12-31 05:00:00.000000', '2019-12-25 19:19:57.931000');
INSERT INTO INTENT_UTTERANCE (ID, CREATION_DATE, LAST_UPDATE_DATE, VERSION, LOCALE, UTTERANCE, OWNER_INTENT_ID, ACTIVE, END_DATE, START_DATE) VALUES (4289, '2019-12-25 19:19:57.932000', '2019-12-25 19:19:57.932000', 1, 'en', 'whats the fastest way to get to get there', 4286, true, '9999-12-31 05:00:00.000000', '2019-12-25 19:19:57.932000');
INSERT INTO INTENT_UTTERANCE (ID, CREATION_DATE, LAST_UPDATE_DATE, VERSION, LOCALE, UTTERANCE, OWNER_INTENT_ID, ACTIVE, END_DATE, START_DATE) VALUES (4290, '2019-12-25 19:19:57.934000', '2019-12-25 19:19:57.934000', 1, 'en', 'How do I reach your restaurant', 4286, true, '9999-12-31 05:00:00.000000', '2019-12-25 19:19:57.934000');
INSERT INTO INTENT_UTTERANCE (ID, CREATION_DATE, LAST_UPDATE_DATE, VERSION, LOCALE, UTTERANCE, OWNER_INTENT_ID, ACTIVE, END_DATE, START_DATE) VALUES (4291, '2019-12-25 19:23:17.580000', '2019-12-25 19:25:49.659000', 1, 'en', 'What are todays specials', 4288, true, '9999-12-31 05:00:00.000000', '2019-12-25 19:23:17.580000');
INSERT INTO INTENT_UTTERANCE (ID, CREATION_DATE, LAST_UPDATE_DATE, VERSION, LOCALE, UTTERANCE, OWNER_INTENT_ID, ACTIVE, END_DATE, START_DATE) VALUES (4292, '2019-12-25 19:25:49.653000', '2019-12-25 19:25:49.653000', 1, 'en', 'What do you recommend', 4288, true, '9999-12-31 05:00:00.000000', '2019-12-25 19:25:49.653000');
INSERT INTO INTENT_UTTERANCE (ID, CREATION_DATE, LAST_UPDATE_DATE, VERSION, LOCALE, UTTERANCE, OWNER_INTENT_ID, ACTIVE, END_DATE, START_DATE) VALUES (4293, '2019-12-25 19:25:49.655000', '2019-12-25 19:25:49.655000', 1, 'en', 'what are the dinner specials', 4288, true, '9999-12-31 05:00:00.000000', '2019-12-25 19:25:49.655000');
INSERT INTO INTENT_UTTERANCE (ID, CREATION_DATE, LAST_UPDATE_DATE, VERSION, LOCALE, UTTERANCE, OWNER_INTENT_ID, ACTIVE, END_DATE, START_DATE) VALUES (4294, '2019-12-25 19:25:49.656000', '2019-12-25 19:25:49.656000', 1, 'en', 'What are lunch specials', 4288, true, '9999-12-31 05:00:00.000000', '2019-12-25 19:25:49.656000');
INSERT INTO INTENT_UTTERANCE (ID, CREATION_DATE, LAST_UPDATE_DATE, VERSION, LOCALE, UTTERANCE, OWNER_INTENT_ID, ACTIVE, END_DATE, START_DATE) VALUES (4295, '2019-12-25 20:08:48.337000', '2019-12-25 20:08:48.337000', 1, 'en', 'What are your reviews', 4290, true, '9999-12-31 05:00:00.000000', '2019-12-25 20:08:48.337000');
INSERT INTO INTENT_UTTERANCE (ID, CREATION_DATE, LAST_UPDATE_DATE, VERSION, LOCALE, UTTERANCE, OWNER_INTENT_ID, ACTIVE, END_DATE, START_DATE) VALUES (4296, '2019-12-25 20:12:28.377000', '2019-12-25 20:12:28.377000', 1, 'en', 'Cancel reservation', 4292, true, '9999-12-31 05:00:00.000000', '2019-12-25 20:12:28.377000');
INSERT INTO INTENT_UTTERANCE (ID, CREATION_DATE, LAST_UPDATE_DATE, VERSION, LOCALE, UTTERANCE, OWNER_INTENT_ID, ACTIVE, END_DATE, START_DATE) VALUES (4297, '2019-12-25 20:12:28.379000', '2019-12-25 20:12:28.379000', 1, 'en', 'I want to cancel reservation', 4292, true, '9999-12-31 05:00:00.000000', '2019-12-25 20:12:28.379000');
INSERT INTO INTENT_UTTERANCE (ID, CREATION_DATE, LAST_UPDATE_DATE, VERSION, LOCALE, UTTERANCE, OWNER_INTENT_ID, ACTIVE, END_DATE, START_DATE) VALUES (4298, '2019-12-25 20:12:28.381000', '2019-12-25 20:12:28.381000', 1, 'en', 'How can I cancel my reservations', 4292, true, '9999-12-31 05:00:00.000000', '2019-12-25 20:12:28.381000');
INSERT INTO INTENT_UTTERANCE (ID, CREATION_DATE, LAST_UPDATE_DATE, VERSION, LOCALE, UTTERANCE, OWNER_INTENT_ID, ACTIVE, END_DATE, START_DATE) VALUES (4299, '2019-12-25 20:12:28.383000', '2019-12-25 20:12:28.383000', 1, 'en', 'Can I cancel my reservation', 4292, true, '9999-12-31 05:00:00.000000', '2019-12-25 20:12:28.383000');
INSERT INTO INTENT_UTTERANCE (ID, CREATION_DATE, LAST_UPDATE_DATE, VERSION, LOCALE, UTTERANCE, OWNER_INTENT_ID, ACTIVE, END_DATE, START_DATE) VALUES (4300, '2019-12-26 00:09:04.383000', '2019-12-26 00:09:04.383000', 1, 'en', 'Can you deliver food', 4294, true, '9999-12-31 05:00:00.000000', '2019-12-26 00:09:04.383000');
INSERT INTO INTENT_UTTERANCE (ID, CREATION_DATE, LAST_UPDATE_DATE, VERSION, LOCALE, UTTERANCE, OWNER_INTENT_ID, ACTIVE, END_DATE, START_DATE) VALUES (4301, '2019-12-26 00:09:04.385000', '2019-12-26 00:09:04.385000', 1, 'en', 'How long do you take for delivery', 4294, true, '9999-12-31 05:00:00.000000', '2019-12-26 00:09:04.385000');
INSERT INTO INTENT_UTTERANCE (ID, CREATION_DATE, LAST_UPDATE_DATE, VERSION, LOCALE, UTTERANCE, OWNER_INTENT_ID, ACTIVE, END_DATE, START_DATE) VALUES (4302, '2019-12-26 00:09:04.385000', '2019-12-26 00:09:04.385000', 1, 'en', 'Please deliver food', 4294, true, '9999-12-31 05:00:00.000000', '2019-12-26 00:09:04.385000');
INSERT INTO INTENT_UTTERANCE (ID, CREATION_DATE, LAST_UPDATE_DATE, VERSION, LOCALE, UTTERANCE, OWNER_INTENT_ID, ACTIVE, END_DATE, START_DATE) VALUES (4303, '2019-12-26 00:09:04.386000', '2019-12-26 00:09:04.386000', 1, 'en', 'Do you deliver food', 4294, true, '9999-12-31 05:00:00.000000', '2019-12-26 00:09:04.386000');
INSERT INTO INTENT_UTTERANCE (ID, CREATION_DATE, LAST_UPDATE_DATE, VERSION, LOCALE, UTTERANCE, OWNER_INTENT_ID, ACTIVE, END_DATE, START_DATE) VALUES (4304, '2019-12-26 00:09:04.387000', '2019-12-26 00:09:04.387000', 1, 'en', 'I want food delivered', 4294, true, '9999-12-31 05:00:00.000000', '2019-12-26 00:09:04.387000');
INSERT INTO INTENT_UTTERANCE (ID, CREATION_DATE, LAST_UPDATE_DATE, VERSION, LOCALE, UTTERANCE, OWNER_INTENT_ID, ACTIVE, END_DATE, START_DATE) VALUES (4305, '2019-12-26 00:09:04.389000', '2019-12-26 00:09:04.389000', 1, 'en', 'calling in to get foo delivered', 4294, true, '9999-12-31 05:00:00.000000', '2019-12-26 00:09:04.389000');
INSERT INTO INTENT_UTTERANCE (ID, CREATION_DATE, LAST_UPDATE_DATE, VERSION, LOCALE, UTTERANCE, OWNER_INTENT_ID, ACTIVE, END_DATE, START_DATE) VALUES (4306, '2019-12-26 00:12:12.891000', '2019-12-26 00:12:12.891000', 1, 'en', 'Wanted to order takeout food', 4296, true, '9999-12-31 05:00:00.000000', '2019-12-26 00:12:12.891000');
INSERT INTO INTENT_UTTERANCE (ID, CREATION_DATE, LAST_UPDATE_DATE, VERSION, LOCALE, UTTERANCE, OWNER_INTENT_ID, ACTIVE, END_DATE, START_DATE) VALUES (4307, '2019-12-26 00:12:12.892000', '2019-12-26 00:12:12.892000', 1, 'en', 'I want to takeout food', 4296, true, '9999-12-31 05:00:00.000000', '2019-12-26 00:12:12.892000');
INSERT INTO INTENT_UTTERANCE (ID, CREATION_DATE, LAST_UPDATE_DATE, VERSION, LOCALE, UTTERANCE, OWNER_INTENT_ID, ACTIVE, END_DATE, START_DATE) VALUES (4308, '2019-12-26 00:12:12.894000', '2019-12-26 00:12:12.894000', 1, 'en', 'How can I carryout food', 4296, true, '9999-12-31 05:00:00.000000', '2019-12-26 00:12:12.894000');
INSERT INTO INTENT_UTTERANCE (ID, CREATION_DATE, LAST_UPDATE_DATE, VERSION, LOCALE, UTTERANCE, OWNER_INTENT_ID, ACTIVE, END_DATE, START_DATE) VALUES (4309, '2019-12-26 00:12:12.895000', '2019-12-26 00:12:12.895000', 1, 'en', 'I want to carryout food', 4296, true, '9999-12-31 05:00:00.000000', '2019-12-26 00:12:12.895000');
INSERT INTO INTENT_UTTERANCE (ID, CREATION_DATE, LAST_UPDATE_DATE, VERSION, LOCALE, UTTERANCE, OWNER_INTENT_ID, ACTIVE, END_DATE, START_DATE) VALUES (4310, '2019-12-26 00:15:25.938000', '2019-12-26 00:15:25.938000', 1, 'en', 'Can I order vegan food', 4298, true, '9999-12-31 05:00:00.000000', '2019-12-26 00:15:25.938000');
INSERT INTO INTENT_UTTERANCE (ID, CREATION_DATE, LAST_UPDATE_DATE, VERSION, LOCALE, UTTERANCE, OWNER_INTENT_ID, ACTIVE, END_DATE, START_DATE) VALUES (4311, '2019-12-26 00:15:25.939000', '2019-12-26 00:15:25.939000', 1, 'en', 'Do you serve vegan food', 4298, true, '9999-12-31 05:00:00.000000', '2019-12-26 00:15:25.939000');
INSERT INTO INTENT_UTTERANCE (ID, CREATION_DATE, LAST_UPDATE_DATE, VERSION, LOCALE, UTTERANCE, OWNER_INTENT_ID, ACTIVE, END_DATE, START_DATE) VALUES (4312, '2019-12-26 00:15:25.941000', '2019-12-26 00:15:25.941000', 1, 'en', 'Vegan food', 4298, true, '9999-12-31 05:00:00.000000', '2019-12-26 00:15:25.941000');
INSERT INTO INTENT_UTTERANCE (ID, CREATION_DATE, LAST_UPDATE_DATE, VERSION, LOCALE, UTTERANCE, OWNER_INTENT_ID, ACTIVE, END_DATE, START_DATE) VALUES (4313, '2019-12-26 00:15:25.943000', '2019-12-26 00:15:25.943000', 1, 'en', 'Menu for vegan food', 4298, true, '9999-12-31 05:00:00.000000', '2019-12-26 00:15:25.943000');
INSERT INTO INTENT_UTTERANCE (ID, CREATION_DATE, LAST_UPDATE_DATE, VERSION, LOCALE, UTTERANCE, OWNER_INTENT_ID, ACTIVE, END_DATE, START_DATE) VALUES (4314, '2019-12-26 00:26:42.124000', '2019-12-26 00:26:42.124000', 1, 'en', 'Nut free food menu', 4300, true, '9999-12-31 05:00:00.000000', '2019-12-26 00:26:42.124000');
INSERT INTO INTENT_UTTERANCE (ID, CREATION_DATE, LAST_UPDATE_DATE, VERSION, LOCALE, UTTERANCE, OWNER_INTENT_ID, ACTIVE, END_DATE, START_DATE) VALUES (4315, '2019-12-26 00:26:42.125000', '2019-12-26 00:26:42.125000', 1, 'en', 'Do you serve nut free food', 4300, true, '9999-12-31 05:00:00.000000', '2019-12-26 00:26:42.125000');
INSERT INTO INTENT_UTTERANCE (ID, CREATION_DATE, LAST_UPDATE_DATE, VERSION, LOCALE, UTTERANCE, OWNER_INTENT_ID, ACTIVE, END_DATE, START_DATE) VALUES (4316, '2019-12-26 00:26:42.127000', '2019-12-26 00:26:42.127000', 1, 'en', 'Order nut fee food', 4300, true, '9999-12-31 05:00:00.000000', '2019-12-26 00:26:42.127000');
INSERT INTO INTENT_UTTERANCE (ID, CREATION_DATE, LAST_UPDATE_DATE, VERSION, LOCALE, UTTERANCE, OWNER_INTENT_ID, ACTIVE, END_DATE, START_DATE) VALUES (4317, '2019-12-26 00:26:42.128000', '2019-12-26 00:26:42.128000', 1, 'en', 'I am allergic to nuts', 4300, true, '9999-12-31 05:00:00.000000', '2019-12-26 00:26:42.128000');
INSERT INTO INTENT_UTTERANCE (ID, CREATION_DATE, LAST_UPDATE_DATE, VERSION, LOCALE, UTTERANCE, OWNER_INTENT_ID, ACTIVE, END_DATE, START_DATE) VALUES (4318, '2019-12-26 00:26:42.129000', '2019-12-26 00:26:42.129000', 1, 'en', 'Nut allergies', 4300, true, '9999-12-31 05:00:00.000000', '2019-12-26 00:26:42.129000');
INSERT INTO INTENT_UTTERANCE (ID, CREATION_DATE, LAST_UPDATE_DATE, VERSION, LOCALE, UTTERANCE, OWNER_INTENT_ID, ACTIVE, END_DATE, START_DATE) VALUES (4319, '2019-12-26 00:31:40.735000', '2019-12-28 15:39:03.626000', 1, 'en', 'Initiate', 4302, true, '9999-12-31 05:00:00.000000', '2019-12-26 00:31:40.735000');
INSERT INTO INTENT_UTTERANCE (ID, CREATION_DATE, LAST_UPDATE_DATE, VERSION, LOCALE, UTTERANCE, OWNER_INTENT_ID, ACTIVE, END_DATE, START_DATE) VALUES (4552, '2019-12-27 02:15:30.899000', '2019-12-27 02:15:30.899000', 1, 'en', 'DoNotUnderstandIntent', 4362, true, '9999-12-31 05:00:00.000000', '2019-12-27 02:15:30.899000');
INSERT INTO INTENT_UTTERANCE (ID, CREATION_DATE, LAST_UPDATE_DATE, VERSION, LOCALE, UTTERANCE, OWNER_INTENT_ID, ACTIVE, END_DATE, START_DATE) VALUES (4711, '2019-12-28 15:40:14.470000', '2019-12-28 15:40:14.470000', 1, 'en', 'Hi', 4448, true, '9999-12-31 05:00:00.000000', '2019-12-28 15:40:14.470000');
INSERT INTO INTENT_UTTERANCE (ID, CREATION_DATE, LAST_UPDATE_DATE, VERSION, LOCALE, UTTERANCE, OWNER_INTENT_ID, ACTIVE, END_DATE, START_DATE) VALUES (4712, '2019-12-28 15:40:14.471000', '2019-12-28 15:40:14.471000', 1, 'en', 'Hiya', 4448, true, '9999-12-31 05:00:00.000000', '2019-12-28 15:40:14.471000');
INSERT INTO INTENT_UTTERANCE (ID, CREATION_DATE, LAST_UPDATE_DATE, VERSION, LOCALE, UTTERANCE, OWNER_INTENT_ID, ACTIVE, END_DATE, START_DATE) VALUES (4713, '2019-12-28 15:40:14.472000', '2019-12-28 15:40:14.472000', 1, 'en', 'Ola', 4448, true, '9999-12-31 05:00:00.000000', '2019-12-28 15:40:14.472000');
INSERT INTO INTENT_UTTERANCE (ID, CREATION_DATE, LAST_UPDATE_DATE, VERSION, LOCALE, UTTERANCE, OWNER_INTENT_ID, ACTIVE, END_DATE, START_DATE) VALUES (4714, '2019-12-28 15:40:14.473000', '2019-12-28 15:40:14.473000', 1, 'en', 'Namaste', 4448, true, '9999-12-31 05:00:00.000000', '2019-12-28 15:40:14.473000');
INSERT INTO INTENT_UTTERANCE (ID, CREATION_DATE, LAST_UPDATE_DATE, VERSION, LOCALE, UTTERANCE, OWNER_INTENT_ID, ACTIVE, END_DATE, START_DATE) VALUES (4715, '2019-12-28 15:40:14.473000', '2019-12-28 15:40:14.473000', 1, 'en', 'Hello', 4448, true, '9999-12-31 05:00:00.000000', '2019-12-28 15:40:14.473000');
INSERT INTO INTENT_UTTERANCE (ID, CREATION_DATE, LAST_UPDATE_DATE, VERSION, LOCALE, UTTERANCE, OWNER_INTENT_ID, ACTIVE, END_DATE, START_DATE) VALUES (4716, '2019-12-28 15:40:14.477000', '2019-12-28 15:40:14.477000', 1, 'en', 'I am not able to log in', 4450, true, '9999-12-31 05:00:00.000000', '2019-12-28 15:40:14.477000');
INSERT INTO INTENT_UTTERANCE (ID, CREATION_DATE, LAST_UPDATE_DATE, VERSION, LOCALE, UTTERANCE, OWNER_INTENT_ID, ACTIVE, END_DATE, START_DATE) VALUES (4717, '2019-12-28 15:40:14.478000', '2019-12-28 15:40:14.478000', 1, 'en', 'Problems with login', 4450, true, '9999-12-31 05:00:00.000000', '2019-12-28 15:40:14.478000');
INSERT INTO INTENT_UTTERANCE (ID, CREATION_DATE, LAST_UPDATE_DATE, VERSION, LOCALE, UTTERANCE, OWNER_INTENT_ID, ACTIVE, END_DATE, START_DATE) VALUES (4718, '2019-12-28 15:40:14.479000', '2019-12-28 15:40:14.479000', 1, 'en', 'Not able to get into my account', 4450, true, '9999-12-31 05:00:00.000000', '2019-12-28 15:40:14.479000');
INSERT INTO INTENT_UTTERANCE (ID, CREATION_DATE, LAST_UPDATE_DATE, VERSION, LOCALE, UTTERANCE, OWNER_INTENT_ID, ACTIVE, END_DATE, START_DATE) VALUES (4719, '2019-12-28 15:40:14.479000', '2019-12-28 15:40:14.479000', 1, 'en', 'Issues with login', 4450, true, '9999-12-31 05:00:00.000000', '2019-12-28 15:40:14.479000');
INSERT INTO INTENT_UTTERANCE (ID, CREATION_DATE, LAST_UPDATE_DATE, VERSION, LOCALE, UTTERANCE, OWNER_INTENT_ID, ACTIVE, END_DATE, START_DATE) VALUES (4720, '2019-12-28 15:40:14.480000', '2019-12-28 15:40:14.480000', 1, 'en', 'Cannot sign in', 4450, true, '9999-12-31 05:00:00.000000', '2019-12-28 15:40:14.480000');
INSERT INTO INTENT_UTTERANCE (ID, CREATION_DATE, LAST_UPDATE_DATE, VERSION, LOCALE, UTTERANCE, OWNER_INTENT_ID, ACTIVE, END_DATE, START_DATE) VALUES (4721, '2019-12-28 15:40:14.480000', '2019-12-28 15:40:14.480000', 1, 'en', 'Unable to sign in', 4450, true, '9999-12-31 05:00:00.000000', '2019-12-28 15:40:14.480000');
INSERT INTO INTENT_UTTERANCE (ID, CREATION_DATE, LAST_UPDATE_DATE, VERSION, LOCALE, UTTERANCE, OWNER_INTENT_ID, ACTIVE, END_DATE, START_DATE) VALUES (4722, '2019-12-28 15:40:14.481000', '2019-12-28 15:40:14.481000', 1, 'en', 'Cannot log in', 4450, true, '9999-12-31 05:00:00.000000', '2019-12-28 15:40:14.481000');
INSERT INTO INTENT_UTTERANCE (ID, CREATION_DATE, LAST_UPDATE_DATE, VERSION, LOCALE, UTTERANCE, OWNER_INTENT_ID, ACTIVE, END_DATE, START_DATE) VALUES (4723, '2019-12-28 15:40:14.482000', '2019-12-28 15:40:14.482000', 1, 'en', 'Cant log in', 4450, true, '9999-12-31 05:00:00.000000', '2019-12-28 15:40:14.482000');
INSERT INTO INTENT_UTTERANCE (ID, CREATION_DATE, LAST_UPDATE_DATE, VERSION, LOCALE, UTTERANCE, OWNER_INTENT_ID, ACTIVE, END_DATE, START_DATE) VALUES (4724, '2019-12-28 15:40:14.482000', '2019-12-28 15:40:14.482000', 1, 'en', 'Not able to access my account', 4450, true, '9999-12-31 05:00:00.000000', '2019-12-28 15:40:14.482000');
INSERT INTO INTENT_UTTERANCE (ID, CREATION_DATE, LAST_UPDATE_DATE, VERSION, LOCALE, UTTERANCE, OWNER_INTENT_ID, ACTIVE, END_DATE, START_DATE) VALUES (4725, '2019-12-28 15:40:14.486000', '2019-12-28 15:40:14.486000', 1, 'en', 'DoNotUnderstandIntent', 4452, true, '9999-12-31 05:00:00.000000', '2019-12-28 15:40:14.486000');
INSERT INTO INTENT_UTTERANCE (ID, CREATION_DATE, LAST_UPDATE_DATE, VERSION, LOCALE, UTTERANCE, OWNER_INTENT_ID, ACTIVE, END_DATE, START_DATE) VALUES (4726, '2019-12-28 15:40:14.489000', '2019-12-28 15:40:14.489000', 1, 'en', 'show me some featured foods', 4454, true, '9999-12-31 05:00:00.000000', '2019-12-28 15:40:14.489000');
INSERT INTO INTENT_UTTERANCE (ID, CREATION_DATE, LAST_UPDATE_DATE, VERSION, LOCALE, UTTERANCE, OWNER_INTENT_ID, ACTIVE, END_DATE, START_DATE) VALUES (4727, '2019-12-28 15:40:14.489000', '2019-12-28 15:40:14.489000', 1, 'en', 'featured recipe', 4454, true, '9999-12-31 05:00:00.000000', '2019-12-28 15:40:14.489000');
INSERT INTO INTENT_UTTERANCE (ID, CREATION_DATE, LAST_UPDATE_DATE, VERSION, LOCALE, UTTERANCE, OWNER_INTENT_ID, ACTIVE, END_DATE, START_DATE) VALUES (4728, '2019-12-28 15:40:14.490000', '2019-12-28 15:40:14.490000', 1, 'en', 'what are the trending foods', 4454, true, '9999-12-31 05:00:00.000000', '2019-12-28 15:40:14.490000');
INSERT INTO INTENT_UTTERANCE (ID, CREATION_DATE, LAST_UPDATE_DATE, VERSION, LOCALE, UTTERANCE, OWNER_INTENT_ID, ACTIVE, END_DATE, START_DATE) VALUES (4729, '2019-12-28 15:40:14.490000', '2019-12-28 15:40:14.490000', 1, 'en', 'featured recipes', 4454, true, '9999-12-31 05:00:00.000000', '2019-12-28 15:40:14.490000');
INSERT INTO INTENT_UTTERANCE (ID, CREATION_DATE, LAST_UPDATE_DATE, VERSION, LOCALE, UTTERANCE, OWNER_INTENT_ID, ACTIVE, END_DATE, START_DATE) VALUES (4730, '2019-12-28 15:40:14.491000', '2019-12-28 15:40:14.491000', 1, 'en', 'what are the featured recipes', 4454, true, '9999-12-31 05:00:00.000000', '2019-12-28 15:40:14.491000');
INSERT INTO INTENT_UTTERANCE (ID, CREATION_DATE, LAST_UPDATE_DATE, VERSION, LOCALE, UTTERANCE, OWNER_INTENT_ID, ACTIVE, END_DATE, START_DATE) VALUES (4731, '2019-12-28 15:40:14.491000', '2019-12-28 15:40:14.491000', 1, 'en', 'whats on the plate', 4454, true, '9999-12-31 05:00:00.000000', '2019-12-28 15:40:14.491000');
INSERT INTO INTENT_UTTERANCE (ID, CREATION_DATE, LAST_UPDATE_DATE, VERSION, LOCALE, UTTERANCE, OWNER_INTENT_ID, ACTIVE, END_DATE, START_DATE) VALUES (4732, '2019-12-28 15:40:14.496000', '2019-12-29 04:08:20.261000', 1, 'en', 'I need a reservation', 4456, true, '9999-12-31 05:00:00.000000', '2019-12-28 15:40:14.496000');
INSERT INTO INTENT_UTTERANCE (ID, CREATION_DATE, LAST_UPDATE_DATE, VERSION, LOCALE, UTTERANCE, OWNER_INTENT_ID, ACTIVE, END_DATE, START_DATE) VALUES (4733, '2019-12-28 15:40:14.499000', '2019-12-30 02:11:51.115000', 1, 'en', 'health score', 4458, true, '9999-12-31 05:00:00.000000', '2019-12-28 15:40:14.499000');
INSERT INTO INTENT_UTTERANCE (ID, CREATION_DATE, LAST_UPDATE_DATE, VERSION, LOCALE, UTTERANCE, OWNER_INTENT_ID, ACTIVE, END_DATE, START_DATE) VALUES (4734, '2019-12-28 15:40:14.500000', '2019-12-30 02:11:51.115000', 1, 'en', 'How healthy is your food', 4458, true, '9999-12-31 05:00:00.000000', '2019-12-28 15:40:14.500000');
INSERT INTO INTENT_UTTERANCE (ID, CREATION_DATE, LAST_UPDATE_DATE, VERSION, LOCALE, UTTERANCE, OWNER_INTENT_ID, ACTIVE, END_DATE, START_DATE) VALUES (4735, '2019-12-28 15:40:14.501000', '2019-12-30 02:11:51.115000', 1, 'en', 'How clean is your restaurant', 4458, true, '9999-12-31 05:00:00.000000', '2019-12-28 15:40:14.501000');
INSERT INTO INTENT_UTTERANCE (ID, CREATION_DATE, LAST_UPDATE_DATE, VERSION, LOCALE, UTTERANCE, OWNER_INTENT_ID, ACTIVE, END_DATE, START_DATE) VALUES (4736, '2019-12-28 15:40:14.504000', '2019-12-28 15:40:14.504000', 1, 'en', 'I am lost and I need to get to your restaurant', 4460, true, '9999-12-31 05:00:00.000000', '2019-12-28 15:40:14.504000');
INSERT INTO INTENT_UTTERANCE (ID, CREATION_DATE, LAST_UPDATE_DATE, VERSION, LOCALE, UTTERANCE, OWNER_INTENT_ID, ACTIVE, END_DATE, START_DATE) VALUES (4737, '2019-12-28 15:40:14.505000', '2019-12-28 15:40:14.505000', 1, 'en', 'How can I reach your restaurant', 4460, true, '9999-12-31 05:00:00.000000', '2019-12-28 15:40:14.505000');
INSERT INTO INTENT_UTTERANCE (ID, CREATION_DATE, LAST_UPDATE_DATE, VERSION, LOCALE, UTTERANCE, OWNER_INTENT_ID, ACTIVE, END_DATE, START_DATE) VALUES (4738, '2019-12-28 15:40:14.505000', '2019-12-28 15:40:14.505000', 1, 'en', 'Need directions', 4460, true, '9999-12-31 05:00:00.000000', '2019-12-28 15:40:14.505000');
INSERT INTO INTENT_UTTERANCE (ID, CREATION_DATE, LAST_UPDATE_DATE, VERSION, LOCALE, UTTERANCE, OWNER_INTENT_ID, ACTIVE, END_DATE, START_DATE) VALUES (4739, '2019-12-28 15:40:14.506000', '2019-12-28 15:40:14.506000', 1, 'en', 'whats the fastest way to get to get there', 4460, true, '9999-12-31 05:00:00.000000', '2019-12-28 15:40:14.506000');
INSERT INTO INTENT_UTTERANCE (ID, CREATION_DATE, LAST_UPDATE_DATE, VERSION, LOCALE, UTTERANCE, OWNER_INTENT_ID, ACTIVE, END_DATE, START_DATE) VALUES (4740, '2019-12-28 15:40:14.506000', '2019-12-28 15:40:14.506000', 1, 'en', 'How do I reach your restaurant', 4460, true, '9999-12-31 05:00:00.000000', '2019-12-28 15:40:14.506000');
INSERT INTO INTENT_UTTERANCE (ID, CREATION_DATE, LAST_UPDATE_DATE, VERSION, LOCALE, UTTERANCE, OWNER_INTENT_ID, ACTIVE, END_DATE, START_DATE) VALUES (4741, '2019-12-28 15:40:14.510000', '2019-12-29 03:41:32.482000', 1, 'en', 'What are todays specials', 4462, true, '9999-12-31 05:00:00.000000', '2019-12-28 15:40:14.510000');
INSERT INTO INTENT_UTTERANCE (ID, CREATION_DATE, LAST_UPDATE_DATE, VERSION, LOCALE, UTTERANCE, OWNER_INTENT_ID, ACTIVE, END_DATE, START_DATE) VALUES (4742, '2019-12-28 15:40:14.511000', '2019-12-29 03:41:32.482000', 1, 'en', 'What do you recommend', 4462, true, '9999-12-31 05:00:00.000000', '2019-12-28 15:40:14.511000');
INSERT INTO INTENT_UTTERANCE (ID, CREATION_DATE, LAST_UPDATE_DATE, VERSION, LOCALE, UTTERANCE, OWNER_INTENT_ID, ACTIVE, END_DATE, START_DATE) VALUES (4743, '2019-12-28 15:40:14.512000', '2019-12-29 03:41:32.482000', 1, 'en', 'what are the dinner specials', 4462, true, '9999-12-31 05:00:00.000000', '2019-12-28 15:40:14.512000');
INSERT INTO INTENT_UTTERANCE (ID, CREATION_DATE, LAST_UPDATE_DATE, VERSION, LOCALE, UTTERANCE, OWNER_INTENT_ID, ACTIVE, END_DATE, START_DATE) VALUES (4744, '2019-12-28 15:40:14.512000', '2019-12-29 03:41:32.482000', 1, 'en', 'What are lunch specials', 4462, true, '9999-12-31 05:00:00.000000', '2019-12-28 15:40:14.512000');
INSERT INTO INTENT_UTTERANCE (ID, CREATION_DATE, LAST_UPDATE_DATE, VERSION, LOCALE, UTTERANCE, OWNER_INTENT_ID, ACTIVE, END_DATE, START_DATE) VALUES (4745, '2019-12-28 15:40:14.515000', '2019-12-28 15:40:14.515000', 1, 'en', 'What are your reviews', 4464, true, '9999-12-31 05:00:00.000000', '2019-12-28 15:40:14.515000');
INSERT INTO INTENT_UTTERANCE (ID, CREATION_DATE, LAST_UPDATE_DATE, VERSION, LOCALE, UTTERANCE, OWNER_INTENT_ID, ACTIVE, END_DATE, START_DATE) VALUES (4746, '2019-12-28 15:40:14.520000', '2019-12-28 18:56:55.507000', 1, 'en', 'How can I cancel my reservations', 4466, true, '9999-12-31 05:00:00.000000', '2019-12-28 15:40:14.520000');
INSERT INTO INTENT_UTTERANCE (ID, CREATION_DATE, LAST_UPDATE_DATE, VERSION, LOCALE, UTTERANCE, OWNER_INTENT_ID, ACTIVE, END_DATE, START_DATE) VALUES (4747, '2019-12-28 15:40:14.521000', '2019-12-28 18:56:55.507000', 1, 'en', 'Can I cancel my reservation', 4466, true, '9999-12-31 05:00:00.000000', '2019-12-28 15:40:14.521000');
INSERT INTO INTENT_UTTERANCE (ID, CREATION_DATE, LAST_UPDATE_DATE, VERSION, LOCALE, UTTERANCE, OWNER_INTENT_ID, ACTIVE, END_DATE, START_DATE) VALUES (4748, '2019-12-28 15:40:14.521000', '2019-12-28 18:56:55.507000', 1, 'en', 'Cancel reservation', 4466, true, '9999-12-31 05:00:00.000000', '2019-12-28 15:40:14.521000');
INSERT INTO INTENT_UTTERANCE (ID, CREATION_DATE, LAST_UPDATE_DATE, VERSION, LOCALE, UTTERANCE, OWNER_INTENT_ID, ACTIVE, END_DATE, START_DATE) VALUES (4749, '2019-12-28 15:40:14.522000', '2019-12-28 18:56:55.507000', 1, 'en', 'I want to cancel reservation', 4466, true, '9999-12-31 05:00:00.000000', '2019-12-28 15:40:14.522000');
INSERT INTO INTENT_UTTERANCE (ID, CREATION_DATE, LAST_UPDATE_DATE, VERSION, LOCALE, UTTERANCE, OWNER_INTENT_ID, ACTIVE, END_DATE, START_DATE) VALUES (4750, '2019-12-28 15:40:14.527000', '2019-12-28 15:40:14.527000', 1, 'en', 'I want food delivered', 4468, true, '9999-12-31 05:00:00.000000', '2019-12-28 15:40:14.527000');
INSERT INTO INTENT_UTTERANCE (ID, CREATION_DATE, LAST_UPDATE_DATE, VERSION, LOCALE, UTTERANCE, OWNER_INTENT_ID, ACTIVE, END_DATE, START_DATE) VALUES (4751, '2019-12-28 15:40:14.528000', '2019-12-28 15:40:14.528000', 1, 'en', 'Can you deliver food', 4468, true, '9999-12-31 05:00:00.000000', '2019-12-28 15:40:14.528000');
INSERT INTO INTENT_UTTERANCE (ID, CREATION_DATE, LAST_UPDATE_DATE, VERSION, LOCALE, UTTERANCE, OWNER_INTENT_ID, ACTIVE, END_DATE, START_DATE) VALUES (4752, '2019-12-28 15:40:14.529000', '2019-12-28 15:40:14.529000', 1, 'en', 'Do you deliver food', 4468, true, '9999-12-31 05:00:00.000000', '2019-12-28 15:40:14.529000');
INSERT INTO INTENT_UTTERANCE (ID, CREATION_DATE, LAST_UPDATE_DATE, VERSION, LOCALE, UTTERANCE, OWNER_INTENT_ID, ACTIVE, END_DATE, START_DATE) VALUES (4753, '2019-12-28 15:40:14.530000', '2019-12-28 15:40:14.530000', 1, 'en', 'How long do you take for delivery', 4468, true, '9999-12-31 05:00:00.000000', '2019-12-28 15:40:14.530000');
INSERT INTO INTENT_UTTERANCE (ID, CREATION_DATE, LAST_UPDATE_DATE, VERSION, LOCALE, UTTERANCE, OWNER_INTENT_ID, ACTIVE, END_DATE, START_DATE) VALUES (4754, '2019-12-28 15:40:14.530000', '2019-12-28 15:40:14.530000', 1, 'en', 'Please deliver food', 4468, true, '9999-12-31 05:00:00.000000', '2019-12-28 15:40:14.530000');
INSERT INTO INTENT_UTTERANCE (ID, CREATION_DATE, LAST_UPDATE_DATE, VERSION, LOCALE, UTTERANCE, OWNER_INTENT_ID, ACTIVE, END_DATE, START_DATE) VALUES (4755, '2019-12-28 15:40:14.531000', '2019-12-28 15:40:14.531000', 1, 'en', 'calling in to get foo delivered', 4468, true, '9999-12-31 05:00:00.000000', '2019-12-28 15:40:14.531000');
INSERT INTO INTENT_UTTERANCE (ID, CREATION_DATE, LAST_UPDATE_DATE, VERSION, LOCALE, UTTERANCE, OWNER_INTENT_ID, ACTIVE, END_DATE, START_DATE) VALUES (4756, '2019-12-28 15:40:14.535000', '2019-12-28 15:40:14.535000', 1, 'en', 'Wanted to order takeout food', 4470, true, '9999-12-31 05:00:00.000000', '2019-12-28 15:40:14.535000');
INSERT INTO INTENT_UTTERANCE (ID, CREATION_DATE, LAST_UPDATE_DATE, VERSION, LOCALE, UTTERANCE, OWNER_INTENT_ID, ACTIVE, END_DATE, START_DATE) VALUES (4757, '2019-12-28 15:40:14.535000', '2019-12-28 15:40:14.535000', 1, 'en', 'How can I carryout food', 4470, true, '9999-12-31 05:00:00.000000', '2019-12-28 15:40:14.535000');
INSERT INTO INTENT_UTTERANCE (ID, CREATION_DATE, LAST_UPDATE_DATE, VERSION, LOCALE, UTTERANCE, OWNER_INTENT_ID, ACTIVE, END_DATE, START_DATE) VALUES (4758, '2019-12-28 15:40:14.536000', '2019-12-28 15:40:14.536000', 1, 'en', 'I want to takeout food', 4470, true, '9999-12-31 05:00:00.000000', '2019-12-28 15:40:14.536000');
INSERT INTO INTENT_UTTERANCE (ID, CREATION_DATE, LAST_UPDATE_DATE, VERSION, LOCALE, UTTERANCE, OWNER_INTENT_ID, ACTIVE, END_DATE, START_DATE) VALUES (4759, '2019-12-28 15:40:14.536000', '2019-12-28 15:40:14.536000', 1, 'en', 'I want to carryout food', 4470, true, '9999-12-31 05:00:00.000000', '2019-12-28 15:40:14.536000');
INSERT INTO INTENT_UTTERANCE (ID, CREATION_DATE, LAST_UPDATE_DATE, VERSION, LOCALE, UTTERANCE, OWNER_INTENT_ID, ACTIVE, END_DATE, START_DATE) VALUES (4760, '2019-12-28 15:40:14.539000', '2019-12-28 15:40:14.539000', 1, 'en', 'Do you serve vegan food', 4472, true, '9999-12-31 05:00:00.000000', '2019-12-28 15:40:14.539000');
INSERT INTO INTENT_UTTERANCE (ID, CREATION_DATE, LAST_UPDATE_DATE, VERSION, LOCALE, UTTERANCE, OWNER_INTENT_ID, ACTIVE, END_DATE, START_DATE) VALUES (4761, '2019-12-28 15:40:14.540000', '2019-12-28 15:40:14.540000', 1, 'en', 'Vegan food', 4472, true, '9999-12-31 05:00:00.000000', '2019-12-28 15:40:14.540000');
INSERT INTO INTENT_UTTERANCE (ID, CREATION_DATE, LAST_UPDATE_DATE, VERSION, LOCALE, UTTERANCE, OWNER_INTENT_ID, ACTIVE, END_DATE, START_DATE) VALUES (4762, '2019-12-28 15:40:14.540000', '2019-12-28 15:40:14.540000', 1, 'en', 'Can I order vegan food', 4472, true, '9999-12-31 05:00:00.000000', '2019-12-28 15:40:14.540000');
INSERT INTO INTENT_UTTERANCE (ID, CREATION_DATE, LAST_UPDATE_DATE, VERSION, LOCALE, UTTERANCE, OWNER_INTENT_ID, ACTIVE, END_DATE, START_DATE) VALUES (4763, '2019-12-28 15:40:14.541000', '2019-12-28 15:40:14.541000', 1, 'en', 'Menu for vegan food', 4472, true, '9999-12-31 05:00:00.000000', '2019-12-28 15:40:14.541000');
INSERT INTO INTENT_UTTERANCE (ID, CREATION_DATE, LAST_UPDATE_DATE, VERSION, LOCALE, UTTERANCE, OWNER_INTENT_ID, ACTIVE, END_DATE, START_DATE) VALUES (4764, '2019-12-28 15:40:14.547000', '2019-12-28 15:40:14.547000', 1, 'en', 'Order nut fee food', 4474, true, '9999-12-31 05:00:00.000000', '2019-12-28 15:40:14.547000');
INSERT INTO INTENT_UTTERANCE (ID, CREATION_DATE, LAST_UPDATE_DATE, VERSION, LOCALE, UTTERANCE, OWNER_INTENT_ID, ACTIVE, END_DATE, START_DATE) VALUES (4765, '2019-12-28 15:40:14.547000', '2019-12-28 15:40:14.547000', 1, 'en', 'Do you serve nut free food', 4474, true, '9999-12-31 05:00:00.000000', '2019-12-28 15:40:14.547000');
INSERT INTO INTENT_UTTERANCE (ID, CREATION_DATE, LAST_UPDATE_DATE, VERSION, LOCALE, UTTERANCE, OWNER_INTENT_ID, ACTIVE, END_DATE, START_DATE) VALUES (4766, '2019-12-28 15:40:14.548000', '2019-12-28 15:40:14.548000', 1, 'en', 'I am allergic to nuts', 4474, true, '9999-12-31 05:00:00.000000', '2019-12-28 15:40:14.548000');
INSERT INTO INTENT_UTTERANCE (ID, CREATION_DATE, LAST_UPDATE_DATE, VERSION, LOCALE, UTTERANCE, OWNER_INTENT_ID, ACTIVE, END_DATE, START_DATE) VALUES (4767, '2019-12-28 15:40:14.549000', '2019-12-28 15:40:14.549000', 1, 'en', 'Nut allergies', 4474, true, '9999-12-31 05:00:00.000000', '2019-12-28 15:40:14.549000');
INSERT INTO INTENT_UTTERANCE (ID, CREATION_DATE, LAST_UPDATE_DATE, VERSION, LOCALE, UTTERANCE, OWNER_INTENT_ID, ACTIVE, END_DATE, START_DATE) VALUES (4768, '2019-12-28 15:40:14.550000', '2019-12-28 15:40:14.550000', 1, 'en', 'Nut free food menu', 4474, true, '9999-12-31 05:00:00.000000', '2019-12-28 15:40:14.550000');
INSERT INTO INTENT_UTTERANCE (ID, CREATION_DATE, LAST_UPDATE_DATE, VERSION, LOCALE, UTTERANCE, OWNER_INTENT_ID, ACTIVE, END_DATE, START_DATE) VALUES (4769, '2019-12-28 15:40:14.563000', '2019-12-28 15:40:14.563000', 1, 'en', 'Initiate', 4476, true, '9999-12-31 05:00:00.000000', '2019-12-28 15:40:14.563000');
INSERT INTO INTENT_UTTERANCE (ID, CREATION_DATE, LAST_UPDATE_DATE, VERSION, LOCALE, UTTERANCE, OWNER_INTENT_ID, ACTIVE, END_DATE, START_DATE) VALUES (4770, '2019-12-28 16:00:47.093000', '2019-12-29 04:08:20.261000', 1, 'en', 'I want to make lunch reservations', 4456, true, '9999-12-31 05:00:00.000000', '2019-12-28 16:00:47.093000');
INSERT INTO INTENT_UTTERANCE (ID, CREATION_DATE, LAST_UPDATE_DATE, VERSION, LOCALE, UTTERANCE, OWNER_INTENT_ID, ACTIVE, END_DATE, START_DATE) VALUES (4771, '2019-12-28 16:00:47.096000', '2019-12-29 04:08:20.261000', 1, 'en', 'I want to make dinner reservations', 4456, true, '9999-12-31 05:00:00.000000', '2019-12-28 16:00:47.096000');
INSERT INTO INTENT_UTTERANCE (ID, CREATION_DATE, LAST_UPDATE_DATE, VERSION, LOCALE, UTTERANCE, OWNER_INTENT_ID, ACTIVE, END_DATE, START_DATE) VALUES (4772, '2019-12-28 16:00:47.097000', '2019-12-29 04:08:20.261000', 1, 'en', 'Wanted to make dinner reservation', 4456, true, '9999-12-31 05:00:00.000000', '2019-12-28 16:00:47.097000');
INSERT INTO INTENT_UTTERANCE (ID, CREATION_DATE, LAST_UPDATE_DATE, VERSION, LOCALE, UTTERANCE, OWNER_INTENT_ID, ACTIVE, END_DATE, START_DATE) VALUES (4773, '2019-12-28 16:00:47.099000', '2019-12-29 04:08:20.261000', 1, 'en', 'Wanted to make lunch reservation', 4456, true, '9999-12-31 05:00:00.000000', '2019-12-28 16:00:47.099000');
INSERT INTO INTENT_UTTERANCE (ID, CREATION_DATE, LAST_UPDATE_DATE, VERSION, LOCALE, UTTERANCE, OWNER_INTENT_ID, ACTIVE, END_DATE, START_DATE) VALUES (4774, '2019-12-28 16:03:21.256000', '2019-12-29 04:08:20.259000', 1, 'en', 'How can I make reservations', 4456, true, '9999-12-31 05:00:00.000000', '2019-12-28 16:03:21.256000');
INSERT INTO INTENT_UTTERANCE (ID, CREATION_DATE, LAST_UPDATE_DATE, VERSION, LOCALE, UTTERANCE, OWNER_INTENT_ID, ACTIVE, END_DATE, START_DATE) VALUES (4775, '2019-12-28 16:03:21.257000', '2019-12-29 04:08:20.261000', 1, 'en', 'Can I make a reservation', 4456, true, '9999-12-31 05:00:00.000000', '2019-12-28 16:03:21.257000');
INSERT INTO INTENT_UTTERANCE (ID, CREATION_DATE, LAST_UPDATE_DATE, VERSION, LOCALE, UTTERANCE, OWNER_INTENT_ID, ACTIVE, END_DATE, START_DATE) VALUES (4776, '2019-12-28 16:03:21.258000', '2019-12-29 04:08:20.261000', 1, 'en', 'How can I make dinner reservations', 4456, true, '9999-12-31 05:00:00.000000', '2019-12-28 16:03:21.258000');
INSERT INTO INTENT_UTTERANCE (ID, CREATION_DATE, LAST_UPDATE_DATE, VERSION, LOCALE, UTTERANCE, OWNER_INTENT_ID, ACTIVE, END_DATE, START_DATE) VALUES (4777, '2019-12-28 16:03:21.259000', '2019-12-29 04:08:20.261000', 1, 'en', 'Can I make dinner reservation', 4456, true, '9999-12-31 05:00:00.000000', '2019-12-28 16:03:21.259000');
INSERT INTO INTENT_UTTERANCE (ID, CREATION_DATE, LAST_UPDATE_DATE, VERSION, LOCALE, UTTERANCE, OWNER_INTENT_ID, ACTIVE, END_DATE, START_DATE) VALUES (4778, '2019-12-28 16:03:21.260000', '2019-12-29 04:08:20.261000', 1, 'en', 'How do I make dinner reservation', 4456, true, '9999-12-31 05:00:00.000000', '2019-12-28 16:03:21.260000');
INSERT INTO INTENT_UTTERANCE (ID, CREATION_DATE, LAST_UPDATE_DATE, VERSION, LOCALE, UTTERANCE, OWNER_INTENT_ID, ACTIVE, END_DATE, START_DATE) VALUES (4779, '2019-12-28 16:03:21.263000', '2019-12-29 04:08:20.261000', 1, 'en', 'How can I make lunch reservations', 4456, true, '9999-12-31 05:00:00.000000', '2019-12-28 16:03:21.263000');
INSERT INTO INTENT_UTTERANCE (ID, CREATION_DATE, LAST_UPDATE_DATE, VERSION, LOCALE, UTTERANCE, OWNER_INTENT_ID, ACTIVE, END_DATE, START_DATE) VALUES (4780, '2019-12-28 16:03:21.264000', '2019-12-29 04:08:20.261000', 1, 'en', 'Calling to make a reservation', 4456, true, '9999-12-31 05:00:00.000000', '2019-12-28 16:03:21.264000');
INSERT INTO INTENT_UTTERANCE (ID, CREATION_DATE, LAST_UPDATE_DATE, VERSION, LOCALE, UTTERANCE, OWNER_INTENT_ID, ACTIVE, END_DATE, START_DATE) VALUES (4781, '2019-12-28 16:03:21.266000', '2019-12-29 04:08:20.261000', 1, 'en', 'Can I make lunch reservation', 4456, true, '9999-12-31 05:00:00.000000', '2019-12-28 16:03:21.266000');
INSERT INTO INTENT_UTTERANCE (ID, CREATION_DATE, LAST_UPDATE_DATE, VERSION, LOCALE, UTTERANCE, OWNER_INTENT_ID, ACTIVE, END_DATE, START_DATE) VALUES (4782, '2019-12-28 16:03:21.268000', '2019-12-29 04:08:20.260000', 1, 'en', 'How do I make lunch reservation', 4456, true, '9999-12-31 05:00:00.000000', '2019-12-28 16:03:21.268000');
INSERT INTO INTENT_UTTERANCE (ID, CREATION_DATE, LAST_UPDATE_DATE, VERSION, LOCALE, UTTERANCE, OWNER_INTENT_ID, ACTIVE, END_DATE, START_DATE) VALUES (4783, '2019-12-28 16:03:21.270000', '2019-12-29 04:08:20.261000', 1, 'en', 'How do I make a reservation', 4456, true, '9999-12-31 05:00:00.000000', '2019-12-28 16:03:21.270000');
INSERT INTO INTENT_UTTERANCE (ID, CREATION_DATE, LAST_UPDATE_DATE, VERSION, LOCALE, UTTERANCE, OWNER_INTENT_ID, ACTIVE, END_DATE, START_DATE) VALUES (4784, '2019-12-28 16:36:34.052000', '2019-12-29 04:08:20.260000', 1, 'en', 'I wanted to reserve a table', 4456, true, '9999-12-31 05:00:00.000000', '2019-12-28 16:36:34.052000');
INSERT INTO INTENT_UTTERANCE (ID, CREATION_DATE, LAST_UPDATE_DATE, VERSION, LOCALE, UTTERANCE, OWNER_INTENT_ID, ACTIVE, END_DATE, START_DATE) VALUES (4785, '2019-12-28 18:56:55.504000', '2019-12-28 18:56:55.504000', 1, 'en', 'I wanted to cancel a reservation', 4466, true, '9999-12-31 05:00:00.000000', '2019-12-28 18:56:55.504000');
INSERT INTO INTENT_UTTERANCE (ID, CREATION_DATE, LAST_UPDATE_DATE, VERSION, LOCALE, UTTERANCE, OWNER_INTENT_ID, ACTIVE, END_DATE, START_DATE) VALUES (4786, '2019-12-28 18:58:54.334000', '2019-12-29 04:08:20.260000', 1, 'en', 'Please make a reservation for me', 4456, true, '9999-12-31 05:00:00.000000', '2019-12-28 18:58:54.334000');
INSERT INTO INTENT_UTTERANCE (ID, CREATION_DATE, LAST_UPDATE_DATE, VERSION, LOCALE, UTTERANCE, OWNER_INTENT_ID, ACTIVE, END_DATE, START_DATE) VALUES (4787, '2019-12-28 18:58:54.336000', '2019-12-29 04:08:20.261000', 1, 'en', 'Get me a table', 4456, true, '9999-12-31 05:00:00.000000', '2019-12-28 18:58:54.336000');
INSERT INTO INTENT_UTTERANCE (ID, CREATION_DATE, LAST_UPDATE_DATE, VERSION, LOCALE, UTTERANCE, OWNER_INTENT_ID, ACTIVE, END_DATE, START_DATE) VALUES (4788, '2019-12-28 18:58:54.337000', '2019-12-29 04:08:20.261000', 1, 'en', 'Can you reserve a table', 4456, true, '9999-12-31 05:00:00.000000', '2019-12-28 18:58:54.337000');
INSERT INTO INTENT_UTTERANCE (ID, CREATION_DATE, LAST_UPDATE_DATE, VERSION, LOCALE, UTTERANCE, OWNER_INTENT_ID, ACTIVE, END_DATE, START_DATE) VALUES (4789, '2019-12-28 18:58:54.337000', '2019-12-29 04:08:20.260000', 1, 'en', 'Please reserve a table for me', 4456, true, '9999-12-31 05:00:00.000000', '2019-12-28 18:58:54.337000');
INSERT INTO INTENT_UTTERANCE (ID, CREATION_DATE, LAST_UPDATE_DATE, VERSION, LOCALE, UTTERANCE, OWNER_INTENT_ID, ACTIVE, END_DATE, START_DATE) VALUES (4790, '2019-12-28 18:58:54.338000', '2019-12-29 04:08:20.261000', 1, 'en', 'Get me a reservation', 4456, true, '9999-12-31 05:00:00.000000', '2019-12-28 18:58:54.338000');
INSERT INTO INTENT_UTTERANCE (ID, CREATION_DATE, LAST_UPDATE_DATE, VERSION, LOCALE, UTTERANCE, OWNER_INTENT_ID, ACTIVE, END_DATE, START_DATE) VALUES (4791, '2019-12-28 18:58:54.341000', '2019-12-29 04:08:20.261000', 1, 'en', 'Can I get a reservation', 4456, true, '9999-12-31 05:00:00.000000', '2019-12-28 18:58:54.341000');
INSERT INTO INTENT_UTTERANCE (ID, CREATION_DATE, LAST_UPDATE_DATE, VERSION, LOCALE, UTTERANCE, OWNER_INTENT_ID, ACTIVE, END_DATE, START_DATE) VALUES (4792, '2019-12-28 18:58:54.342000', '2019-12-29 04:08:20.261000', 1, 'en', 'Can you make reservation', 4456, true, '9999-12-31 05:00:00.000000', '2019-12-28 18:58:54.342000');
INSERT INTO INTENT_UTTERANCE (ID, CREATION_DATE, LAST_UPDATE_DATE, VERSION, LOCALE, UTTERANCE, OWNER_INTENT_ID, ACTIVE, END_DATE, START_DATE) VALUES (4793, '2019-12-28 18:58:54.345000', '2019-12-29 04:08:20.261000', 1, 'en', 'I wanted a table', 4456, true, '9999-12-31 05:00:00.000000', '2019-12-28 18:58:54.345000');
INSERT INTO INTENT_UTTERANCE (ID, CREATION_DATE, LAST_UPDATE_DATE, VERSION, LOCALE, UTTERANCE, OWNER_INTENT_ID, ACTIVE, END_DATE, START_DATE) VALUES (4814, '2019-12-29 00:21:46.332000', '2019-12-29 04:08:20.261000', 1, 'en', 'make reservations', 4456, true, '9999-12-31 05:00:00.000000', '2019-12-29 00:21:46.332000');
INSERT INTO INTENT_UTTERANCE (ID, CREATION_DATE, LAST_UPDATE_DATE, VERSION, LOCALE, UTTERANCE, OWNER_INTENT_ID, ACTIVE, END_DATE, START_DATE) VALUES (4815, '2019-12-29 00:21:46.335000', '2019-12-29 04:08:20.260000', 1, 'en', 'make dinner reservations', 4456, true, '9999-12-31 05:00:00.000000', '2019-12-29 00:21:46.335000');
INSERT INTO INTENT_UTTERANCE (ID, CREATION_DATE, LAST_UPDATE_DATE, VERSION, LOCALE, UTTERANCE, OWNER_INTENT_ID, ACTIVE, END_DATE, START_DATE) VALUES (4816, '2019-12-29 00:21:46.342000', '2019-12-29 04:08:20.261000', 1, 'en', 'make lunch reservations', 4456, true, '9999-12-31 05:00:00.000000', '2019-12-29 00:21:46.342000');
INSERT INTO INTENT_UTTERANCE (ID, CREATION_DATE, LAST_UPDATE_DATE, VERSION, LOCALE, UTTERANCE, OWNER_INTENT_ID, ACTIVE, END_DATE, START_DATE) VALUES (4817, '2019-12-29 00:21:46.375000', '2019-12-29 04:08:20.261000', 1, 'en', 'make reservation', 4456, true, '9999-12-31 05:00:00.000000', '2019-12-29 00:21:46.375000');
INSERT INTO INTENT_UTTERANCE (ID, CREATION_DATE, LAST_UPDATE_DATE, VERSION, LOCALE, UTTERANCE, OWNER_INTENT_ID, ACTIVE, END_DATE, START_DATE) VALUES (4818, '2019-12-29 00:22:20.319000', '2019-12-29 04:08:20.261000', 1, 'en', 'book a reservation', 4456, true, '9999-12-31 05:00:00.000000', '2019-12-29 00:22:20.319000');
INSERT INTO INTENT_UTTERANCE (ID, CREATION_DATE, LAST_UPDATE_DATE, VERSION, LOCALE, UTTERANCE, OWNER_INTENT_ID, ACTIVE, END_DATE, START_DATE) VALUES (4819, '2019-12-29 00:25:58.461000', '2019-12-29 04:08:20.260000', 1, 'en', 'need to make a lunch reservation', 4456, true, '9999-12-31 05:00:00.000000', '2019-12-29 00:25:58.461000');
INSERT INTO INTENT_UTTERANCE (ID, CREATION_DATE, LAST_UPDATE_DATE, VERSION, LOCALE, UTTERANCE, OWNER_INTENT_ID, ACTIVE, END_DATE, START_DATE) VALUES (4820, '2019-12-29 00:25:58.477000', '2019-12-29 04:08:20.261000', 1, 'en', 'need to make a reservation', 4456, true, '9999-12-31 05:00:00.000000', '2019-12-29 00:25:58.477000');
INSERT INTO INTENT_UTTERANCE (ID, CREATION_DATE, LAST_UPDATE_DATE, VERSION, LOCALE, UTTERANCE, OWNER_INTENT_ID, ACTIVE, END_DATE, START_DATE) VALUES (4821, '2019-12-29 00:25:58.488000', '2019-12-29 04:08:20.261000', 1, 'en', 'need to make a dinner reservation', 4456, true, '9999-12-31 05:00:00.000000', '2019-12-29 00:25:58.488000');
INSERT INTO INTENT_UTTERANCE (ID, CREATION_DATE, LAST_UPDATE_DATE, VERSION, LOCALE, UTTERANCE, OWNER_INTENT_ID, ACTIVE, END_DATE, START_DATE) VALUES (4827, '2019-12-29 02:56:22.230000', '2019-12-29 04:08:20.261000', 1, 'en', 'Can I get a table', 4456, true, '9999-12-31 05:00:00.000000', '2019-12-29 02:56:22.230000');
INSERT INTO INTENT_UTTERANCE (ID, CREATION_DATE, LAST_UPDATE_DATE, VERSION, LOCALE, UTTERANCE, OWNER_INTENT_ID, ACTIVE, END_DATE, START_DATE) VALUES (4828, '2019-12-29 02:56:22.239000', '2019-12-29 04:08:20.261000', 1, 'en', 'how do I get a table', 4456, true, '9999-12-31 05:00:00.000000', '2019-12-29 02:56:22.239000');
INSERT INTO INTENT_UTTERANCE (ID, CREATION_DATE, LAST_UPDATE_DATE, VERSION, LOCALE, UTTERANCE, OWNER_INTENT_ID, ACTIVE, END_DATE, START_DATE) VALUES (4829, '2019-12-29 02:56:22.244000', '2019-12-29 04:08:20.261000', 1, 'en', 'reserve a table', 4456, true, '9999-12-31 05:00:00.000000', '2019-12-29 02:56:22.244000');
INSERT INTO INTENT_UTTERANCE (ID, CREATION_DATE, LAST_UPDATE_DATE, VERSION, LOCALE, UTTERANCE, OWNER_INTENT_ID, ACTIVE, END_DATE, START_DATE) VALUES (4830, '2019-12-29 03:41:32.467000', '2019-12-29 03:41:32.467000', 1, 'en', 'what is recommended', 4462, true, '9999-12-31 05:00:00.000000', '2019-12-29 03:41:32.467000');
INSERT INTO INTENT_UTTERANCE (ID, CREATION_DATE, LAST_UPDATE_DATE, VERSION, LOCALE, UTTERANCE, OWNER_INTENT_ID, ACTIVE, END_DATE, START_DATE) VALUES (4831, '2019-12-29 03:41:32.474000', '2019-12-29 03:41:32.474000', 1, 'en', 'whats recommended', 4462, true, '9999-12-31 05:00:00.000000', '2019-12-29 03:41:32.474000');
INSERT INTO INTENT_UTTERANCE (ID, CREATION_DATE, LAST_UPDATE_DATE, VERSION, LOCALE, UTTERANCE, OWNER_INTENT_ID, ACTIVE, END_DATE, START_DATE) VALUES (4832, '2019-12-29 03:41:32.476000', '2019-12-29 03:41:32.476000', 1, 'en', 'featured menu items', 4462, true, '9999-12-31 05:00:00.000000', '2019-12-29 03:41:32.476000');
INSERT INTO INTENT_UTTERANCE (ID, CREATION_DATE, LAST_UPDATE_DATE, VERSION, LOCALE, UTTERANCE, OWNER_INTENT_ID, ACTIVE, END_DATE, START_DATE) VALUES (4833, '2019-12-29 03:41:32.480000', '2019-12-29 03:41:32.480000', 1, 'en', 'recommended menu', 4462, true, '9999-12-31 05:00:00.000000', '2019-12-29 03:41:32.480000');
INSERT INTO INTENT_UTTERANCE (ID, CREATION_DATE, LAST_UPDATE_DATE, VERSION, LOCALE, UTTERANCE, OWNER_INTENT_ID, ACTIVE, END_DATE, START_DATE) VALUES (4834, '2019-12-29 04:01:20.169000', '2019-12-29 04:08:20.261000', 1, 'en', 'How do I reserve a table', 4456, true, '9999-12-31 05:00:00.000000', '2019-12-29 04:01:20.169000');
INSERT INTO INTENT_UTTERANCE (ID, CREATION_DATE, LAST_UPDATE_DATE, VERSION, LOCALE, UTTERANCE, OWNER_INTENT_ID, ACTIVE, END_DATE, START_DATE) VALUES (4835, '2019-12-29 04:01:20.186000', '2019-12-29 04:05:51.952000', 1, 'en', 'How do I get a table', 4456, true, '9999-12-31 05:00:00.000000', '2019-12-29 04:01:20.186000');
INSERT INTO INTENT_UTTERANCE (ID, CREATION_DATE, LAST_UPDATE_DATE, VERSION, LOCALE, UTTERANCE, OWNER_INTENT_ID, ACTIVE, END_DATE, START_DATE) VALUES (4836, '2019-12-29 04:01:20.190000', '2019-12-29 04:08:20.261000', 1, 'en', 'book a table', 4456, true, '9999-12-31 05:00:00.000000', '2019-12-29 04:01:20.190000');
INSERT INTO INTENT_UTTERANCE (ID, CREATION_DATE, LAST_UPDATE_DATE, VERSION, LOCALE, UTTERANCE, OWNER_INTENT_ID, ACTIVE, END_DATE, START_DATE) VALUES (4837, '2019-12-29 04:01:20.205000', '2019-12-29 04:08:20.261000', 1, 'en', 'get me a table', 4456, true, '9999-12-31 05:00:00.000000', '2019-12-29 04:01:20.205000');
INSERT INTO INTENT_UTTERANCE (ID, CREATION_DATE, LAST_UPDATE_DATE, VERSION, LOCALE, UTTERANCE, OWNER_INTENT_ID, ACTIVE, END_DATE, START_DATE) VALUES (4838, '2019-12-29 04:03:04.194000', '2019-12-29 04:08:20.261000', 1, 'en', 'can you reserve a table for me', 4456, true, '9999-12-31 05:00:00.000000', '2019-12-29 04:03:04.194000');
INSERT INTO INTENT_UTTERANCE (ID, CREATION_DATE, LAST_UPDATE_DATE, VERSION, LOCALE, UTTERANCE, OWNER_INTENT_ID, ACTIVE, END_DATE, START_DATE) VALUES (4839, '2019-12-29 04:03:04.196000', '2019-12-29 04:08:20.261000', 1, 'en', 'please reserve a table for me', 4456, true, '9999-12-31 05:00:00.000000', '2019-12-29 04:03:04.196000');
INSERT INTO INTENT_UTTERANCE (ID, CREATION_DATE, LAST_UPDATE_DATE, VERSION, LOCALE, UTTERANCE, OWNER_INTENT_ID, ACTIVE, END_DATE, START_DATE) VALUES (4840, '2019-12-29 04:08:20.217000', '2019-12-29 04:08:20.217000', 1, 'en', 'set up a reservation', 4456, true, '9999-12-31 05:00:00.000000', '2019-12-29 04:08:20.217000');
INSERT INTO INTENT_UTTERANCE (ID, CREATION_DATE, LAST_UPDATE_DATE, VERSION, LOCALE, UTTERANCE, OWNER_INTENT_ID, ACTIVE, END_DATE, START_DATE) VALUES (4841, '2019-12-30 02:04:47.014000', '2019-12-30 02:11:51.115000', 1, 'en', 'are you clean', 4458, true, '9999-12-31 05:00:00.000000', '2019-12-30 02:04:47.014000');
INSERT INTO INTENT_UTTERANCE (ID, CREATION_DATE, LAST_UPDATE_DATE, VERSION, LOCALE, UTTERANCE, OWNER_INTENT_ID, ACTIVE, END_DATE, START_DATE) VALUES (4842, '2019-12-30 02:04:47.020000', '2019-12-30 02:11:51.115000', 1, 'en', 'What is your health score', 4458, true, '9999-12-31 05:00:00.000000', '2019-12-30 02:04:47.020000');
INSERT INTO INTENT_UTTERANCE (ID, CREATION_DATE, LAST_UPDATE_DATE, VERSION, LOCALE, UTTERANCE, OWNER_INTENT_ID, ACTIVE, END_DATE, START_DATE) VALUES (4843, '2019-12-30 02:04:47.021000', '2019-12-30 02:11:51.115000', 1, 'en', 'How is your clean rating', 4458, true, '9999-12-31 05:00:00.000000', '2019-12-30 02:04:47.021000');
INSERT INTO INTENT_UTTERANCE (ID, CREATION_DATE, LAST_UPDATE_DATE, VERSION, LOCALE, UTTERANCE, OWNER_INTENT_ID, ACTIVE, END_DATE, START_DATE) VALUES (4844, '2019-12-30 02:04:47.022000', '2019-12-30 02:11:51.115000', 1, 'en', 'How would you rate the cleanliness', 4458, true, '9999-12-31 05:00:00.000000', '2019-12-30 02:04:47.022000');
INSERT INTO INTENT_UTTERANCE (ID, CREATION_DATE, LAST_UPDATE_DATE, VERSION, LOCALE, UTTERANCE, OWNER_INTENT_ID, ACTIVE, END_DATE, START_DATE) VALUES (4845, '2019-12-30 02:11:51.103000', '2019-12-30 02:11:51.103000', 1, 'en', 'is your food sanitary', 4458, true, '9999-12-31 05:00:00.000000', '2019-12-30 02:11:51.103000');
INSERT INTO INTENT_UTTERANCE (ID, CREATION_DATE, LAST_UPDATE_DATE, VERSION, LOCALE, UTTERANCE, OWNER_INTENT_ID, ACTIVE, END_DATE, START_DATE) VALUES (4846, '2019-12-30 02:11:51.109000', '2019-12-30 02:11:51.109000', 1, 'en', 'sanitary rating', 4458, true, '9999-12-31 05:00:00.000000', '2019-12-30 02:11:51.109000');
INSERT INTO INTENT_UTTERANCE (ID, CREATION_DATE, LAST_UPDATE_DATE, VERSION, LOCALE, UTTERANCE, OWNER_INTENT_ID, ACTIVE, END_DATE, START_DATE) VALUES (4847, '2019-12-30 02:11:51.111000', '2019-12-30 02:11:51.111000', 1, 'en', 'is your restaurant sanitary', 4458, true, '9999-12-31 05:00:00.000000', '2019-12-30 02:11:51.111000');

INSERT INTO POLICY (ID, CREATION_DATE, LAST_UPDATE_DATE, VERSION, CODE, DESCRIPTION, NAME, ACTIVE, END_DATE, START_DATE) VALUES (4153, '2019-08-13 20:05:03.822000', '2019-08-17 22:17:00.130000', 1, 'PLC-288ba7b9-05c2-4673-a7b1-2daf7147f90f', 'Acct Admin', 'AcctAdmin', null, null, null);
INSERT INTO POLICY (ID, CREATION_DATE, LAST_UPDATE_DATE, VERSION, CODE, DESCRIPTION, NAME, ACTIVE, END_DATE, START_DATE) VALUES (4166, '2019-08-16 21:35:07.648000', '2019-08-16 21:35:07.648000', 1, 'PLC-12ef38c3-cba6-4d00-80bc-af2124548ed3', 'Uber_Policy', 'UberPolicy', null, null, null);

INSERT INTO RESOURCE (ID, CREATION_DATE, LAST_UPDATE_DATE, VERSION, CODE, DESCRIPTION, NAME, ACTIVE, END_DATE, START_DATE) VALUES (4128, '2019-08-04 21:06:13.389000', '2019-08-04 21:14:12.391000', 1, 'BOT', 'Bot', 'Bot', null, null, null);
INSERT INTO RESOURCE (ID, CREATION_DATE, LAST_UPDATE_DATE, VERSION, CODE, DESCRIPTION, NAME, ACTIVE, END_DATE, START_DATE) VALUES (4151, '2019-08-12 20:42:53.126000', '2019-08-19 19:59:32.033000', 1, 'RSC-47314d3c-82f6-47c2-b7dc-d8953d6ec7e9', 'Process Model', 'ProcessModel', null, null, null);
INSERT INTO RESOURCE (ID, CREATION_DATE, LAST_UPDATE_DATE, VERSION, CODE, DESCRIPTION, NAME, ACTIVE, END_DATE, START_DATE) VALUES (4156, '2019-08-13 20:34:34.676000', '2019-08-13 20:34:34.676000', 1, 'RSC-3c84f26d-2c60-4dfc-a07c-f917ed740f80', 'Intent', 'Intent', null, null, null);
INSERT INTO RESOURCE (ID, CREATION_DATE, LAST_UPDATE_DATE, VERSION, CODE, DESCRIPTION, NAME, ACTIVE, END_DATE, START_DATE) VALUES (4157, '2019-08-13 20:34:52.445000', '2019-08-13 20:34:52.445000', 1, 'RSC-3d4c0b70-3676-4fcd-8394-98a5f32133c4', 'Model', 'Model', null, null, null);
INSERT INTO RESOURCE (ID, CREATION_DATE, LAST_UPDATE_DATE, VERSION, CODE, DESCRIPTION, NAME, ACTIVE, END_DATE, START_DATE) VALUES (4165, '2019-08-16 21:34:22.553000', '2019-08-16 21:34:22.553000', 1, 'RSC-62f90525-83a3-4c35-b8ba-f77abeef952c', 'All means that this covers ALL resources in the application', 'All', null, null, null);
INSERT INTO RESOURCE (ID, CREATION_DATE, LAST_UPDATE_DATE, VERSION, CODE, DESCRIPTION, NAME, ACTIVE, END_DATE, START_DATE) VALUES (4201, '2019-08-23 21:06:59.290000', '2019-08-23 21:11:01.153000', 1, 'RSC-4a5c1f7b-507e-4f84-818a-3c8bd8497379', 'Utterance', 'Utterance', null, null, null);


INSERT INTO ROLE_POLICY (ROLE_ID, POLICY_ID) VALUES (10, 4166);
INSERT INTO ROLE_POLICY (ROLE_ID, POLICY_ID) VALUES (11, 4153);

INSERT INTO STATEMENT (ID, CREATION_DATE, LAST_UPDATE_DATE, VERSION, CODE, DESCRIPTION, NAME, EFFECT, OWNER_ID, RESOURCE_ID, ACTIVE, END_DATE, START_DATE) VALUES (4155, '2019-08-13 20:05:45.001000', '2019-08-17 22:17:00.130000', 1, 'STMT-6364a2fe-12d2-47d4-a012-fd9f4f9cb12d', 'Description-db3d329c-104a-417c-b10f-39fe0850404c', 'Name-db3d329c-104a-417c-b10f-39fe0850404c', 'ALLOW', 4153, 4151, null, null, null);
INSERT INTO STATEMENT (ID, CREATION_DATE, LAST_UPDATE_DATE, VERSION, CODE, DESCRIPTION, NAME, EFFECT, OWNER_ID, RESOURCE_ID, ACTIVE, END_DATE, START_DATE) VALUES (4162, '2019-08-16 21:25:51.190000', '2019-08-17 22:17:00.130000', 1, 'STMT-10bad7af-1971-413a-baa5-408af91d58eb', 'Description-05c9cf46-520d-40f1-b8f3-676ee840c40d', 'Name-05c9cf46-520d-40f1-b8f3-676ee840c40d', 'ALLOW', 4153, 4156, null, null, null);
INSERT INTO STATEMENT (ID, CREATION_DATE, LAST_UPDATE_DATE, VERSION, CODE, DESCRIPTION, NAME, EFFECT, OWNER_ID, RESOURCE_ID, ACTIVE, END_DATE, START_DATE) VALUES (4163, '2019-08-16 21:25:51.245000', '2019-08-17 22:17:00.130000', 1, 'STMT-c1d56b86-c476-4c8d-ab03-9ffd4ff85124', 'Description-a99be3a0-27b5-4dc5-aa23-17a451b65a73', 'Name-a99be3a0-27b5-4dc5-aa23-17a451b65a73', 'ALLOW', 4153, 4128, null, null, null);
INSERT INTO STATEMENT (ID, CREATION_DATE, LAST_UPDATE_DATE, VERSION, CODE, DESCRIPTION, NAME, EFFECT, OWNER_ID, RESOURCE_ID, ACTIVE, END_DATE, START_DATE) VALUES (4164, '2019-08-16 21:25:51.249000', '2019-08-17 22:17:00.130000', 1, 'STMT-313761d8-6eee-4149-a5e6-bf2f9e3c4717', 'Description-60fa1da3-ed9a-4c0f-b5ea-135f66998c2d', 'Name-60fa1da3-ed9a-4c0f-b5ea-135f66998c2d', 'ALLOW', 4153, 4157, null, null, null);
INSERT INTO STATEMENT (ID, CREATION_DATE, LAST_UPDATE_DATE, VERSION, CODE, DESCRIPTION, NAME, EFFECT, OWNER_ID, RESOURCE_ID, ACTIVE, END_DATE, START_DATE) VALUES (4167, '2019-08-16 21:35:07.649000', '2019-08-16 21:35:07.649000', 1, 'STMT-0fb7bae6-7a3d-4773-9294-8177a1a42512', 'Description-0fb7bae6-7a3d-4773-9294-8177a1a42512', 'Name-0fb7bae6-7a3d-4773-9294-8177a1a42512', 'ALLOW', 4166, 4165, null, null, null);

INSERT INTO STATEMENT_ACTION (STATEMENT_ID, ACTION_ID) VALUES (4155, 4123);
INSERT INTO STATEMENT_ACTION (STATEMENT_ID, ACTION_ID) VALUES (4155, 4124);
INSERT INTO STATEMENT_ACTION (STATEMENT_ID, ACTION_ID) VALUES (4155, 4125);
INSERT INTO STATEMENT_ACTION (STATEMENT_ID, ACTION_ID) VALUES (4155, 4126);
INSERT INTO STATEMENT_ACTION (STATEMENT_ID, ACTION_ID) VALUES (4155, 4160);
INSERT INTO STATEMENT_ACTION (STATEMENT_ID, ACTION_ID) VALUES (4162, 4123);
INSERT INTO STATEMENT_ACTION (STATEMENT_ID, ACTION_ID) VALUES (4162, 4124);
INSERT INTO STATEMENT_ACTION (STATEMENT_ID, ACTION_ID) VALUES (4162, 4125);
INSERT INTO STATEMENT_ACTION (STATEMENT_ID, ACTION_ID) VALUES (4162, 4126);
INSERT INTO STATEMENT_ACTION (STATEMENT_ID, ACTION_ID) VALUES (4162, 4158);
INSERT INTO STATEMENT_ACTION (STATEMENT_ID, ACTION_ID) VALUES (4163, 4123);
INSERT INTO STATEMENT_ACTION (STATEMENT_ID, ACTION_ID) VALUES (4163, 4124);
INSERT INTO STATEMENT_ACTION (STATEMENT_ID, ACTION_ID) VALUES (4163, 4125);
INSERT INTO STATEMENT_ACTION (STATEMENT_ID, ACTION_ID) VALUES (4163, 4126);
INSERT INTO STATEMENT_ACTION (STATEMENT_ID, ACTION_ID) VALUES (4164, 4123);
INSERT INTO STATEMENT_ACTION (STATEMENT_ID, ACTION_ID) VALUES (4164, 4124);
INSERT INTO STATEMENT_ACTION (STATEMENT_ID, ACTION_ID) VALUES (4164, 4125);
INSERT INTO STATEMENT_ACTION (STATEMENT_ID, ACTION_ID) VALUES (4164, 4126);
INSERT INTO STATEMENT_ACTION (STATEMENT_ID, ACTION_ID) VALUES (4164, 4158);
INSERT INTO STATEMENT_ACTION (STATEMENT_ID, ACTION_ID) VALUES (4164, 4160);
INSERT INTO STATEMENT_ACTION (STATEMENT_ID, ACTION_ID) VALUES (4167, 4123);
INSERT INTO STATEMENT_ACTION (STATEMENT_ID, ACTION_ID) VALUES (4167, 4124);
INSERT INTO STATEMENT_ACTION (STATEMENT_ID, ACTION_ID) VALUES (4167, 4125);
INSERT INTO STATEMENT_ACTION (STATEMENT_ID, ACTION_ID) VALUES (4167, 4126);
INSERT INTO STATEMENT_ACTION (STATEMENT_ID, ACTION_ID) VALUES (4167, 4127);
INSERT INTO STATEMENT_ACTION (STATEMENT_ID, ACTION_ID) VALUES (4167, 4158);
INSERT INTO STATEMENT_ACTION (STATEMENT_ID, ACTION_ID) VALUES (4167, 4160);

INSERT INTO TRAINED_MODEL (ID, CREATION_DATE, LAST_UPDATE_DATE, VERSION, DESCRIPTION, FILE, FILE_TYPE, NAME, TYPE, CATEGORY_ID, OWNER_ACCOUNT_ID, ACTIVE, END_DATE, START_DATE) VALUES (2214, '2019-03-09 22:32:28.011000', '2019-03-09 22:32:28.011000', 1, 'EventBotModel-2', '504B03041400080808000DB4694E000000000000000000000000130000006D616E69666573742E70726F706572746965736D90B16AC3301086773D85216B6D2CC54676404B53274BEC1462DAF96A9D1D412419492EA44F5F91742821D3CFC1C77F77DF8AAC4E1092165C92D709639B35DB309E34A73E6139AD49EF401965A6B4F94613CEE0CF0298AC4A260B2AAB2F903567B4948C4BBA1ED8C83847D2825123FA907EA0F3CA1A41B39C1CC04C0B4C28D01069870142362284C5E11E0D3A08D679616734E63267C1DA8BCFFEB06EEF40EF1ED897A7E82B4CC7F1D33AE91F7932C210E3FA7CC5DB2D7677841C23D21DDEFF9D5F6505E9958E3F819E052D4B46AB8A17BC2E4AB2B57AB626CA493BD02862D5A2E3B485809375EA075DDBDC35A2EBAF338A9B49F20B504B070813BD3161F600000079010000504B03041400080808000DB4694E0000000000000000000000000C000000646F636361742E6D6F64656CC558775854D7B63F52873E80281013315163574054C6B2C642B340BC568C5E3232234C2833302062897A9F46D16B2C31B96A448C8A184B624BA2D1046BD488B18B252ABDC918BA14C17BCEDEFBEC73E620DFF7FE78DFF7E68FD97BAFBDF65ABFD576398C7950C83486613A4115C3FF1C19FB691A55626474C0424D7C9281918B47A16C9F914FD0C46A92348812AE3184EA187BD4C76435E3F2912671812E314E44649CC7ABE22335B162921D16FC0F5DACC6C03805AB166A26EBA242E2430C866496201BAB56E329D9F468557C4CB82E99B108D6C4EA19B3602D6317AC4B612586208255902E5817A761B17B31163E7E5E4318CBE15E43BCBC196B6FAEF1F2611C48C7CBD76BA8971F23F3F145E3618C3D9E18E635DCCBDB9771E147FE5EDE6CC7DBCBDB87B1F521346F6FC6D68FEFFB32563E43D8C130C6965B83D60F61E5A23EDBB3E4A8C3198B61BE2C0C76E0CD0ECC392436020A4BAEEBC798FB7AF9727D96C8F5D19F1F63E13D8C156EC9291BC158F80FE7D60F67BBEC9F3F4B1EC22961CD4330194BD668B6B118C101B640F0984EE18CED7C5DCAE8589D2E2659CFB8C4478D5618A275298A388D428323EBCCD154891A455C2A4F426C49D11A96A88AC744C686A3C5715C8C15275115CF3872A405DA783561B11524310E5C3F058B48D4304EDC506BA0423141586BC00B045448B62A9E42B21321C793BC19AC327BCC4C607416A3A702641C686E0D36183B849F9453E3788ABD580863C32D46D66056F16A4CA1A652E30559089001A5B982AD08B2CCED6D5462B868EC6032C6CAC82A4C7196520C8C2B8F512C08E501E9DBD03E63CD7559362C275A131BAB5344B2BE4C652B0DB1212760FFF374199F52185D928EE8C75EE3C38CD388ACE139E4829610458A8A056027A2E02578C0E3C7085931583A253BF0D98695399AAE243942DD8BCD2720D09C08144A682DC97B0E94C8A4CE825C913407136789AD128B4CD261F0D4978805D3B8AA405242788DB87E8857908B51CF92EB856037F19CCE266E47884410F4B11A954123C6A8E2A3C10EF55CA213947CD191A18BA95F905C54A858225A2D76341A3B9B8EB9FA44BE26285C24EBB97957136424800E26658BCB436C0FD6264A109A67CE265620D4C87DDCF6429CCD0A7436C917A4C35E2C0CAF414A50F0E234343511684C4CC5F64769924C12C4A4FE14DA788C130D1591B13A163D1B3539A51930113B424CE1D8102A3A72938A57C473A7AF9B2454E2CA4F895625214BC55B1F47C408B0FDE2ADDE74ABC04284ECC244278941D89FC2FEC219ED2A2121A4A288F1C098AEED8A4A7C18213636BAE2ED5CCAE822B18453EF661A199ED549E46484C85944E0DCA42547994022D5867190B348F059E7B7F91EAB414BC43BB96038CE44161E0E30458DA28370398840B0139DA52622A6CEA6692C8EBBC824C4DAA57D660AB9238A88D8F722B2969C82A6513395274A053E605887ABC41B4880AB34FD3833E9AD414B76788A5F088A48A6492968C9454224B3BDD504A4683BA441A0492637C95CEA7DCACE177B97B7272EBDDFD0E52E26171E728542071902E3D6CE1342AD0830846C5599B8CC5542427CF8108BC7FC6A74B93639FA31095B2A9E66EC112C5D9C1ECDBB8AE629D1438884744A2E9D62ECD0EE8F2FFF8C3BDAFEF1C094CDB9DD0C4EB048F4443085684BAE00EC045E67C2844B28917D26F037C154051A492F5E89E8256172BB259CA6DB20E6B3E7838138C4172F3CEF20D645CA1D89C063B9490670C78D8358A0C1249DA91AD7F6E00CA28B361E3BB7438B1350040F279B6839B7836AA3E269C92CD02EA204BC21B04F2F853E51373F56136760A54761AF6BF1430CA75072A2363E0A3B2B5163D0C5B22B38195A720352B16B7945B85454719C5C7611958C3302294B4AD425B3348382C84589C813F1BE90A44348EC78C4DCC053AC9E2568E305E14E54383B414B855A45C0E212414A793E47B14FF875784E908E23861804A2BD5825B9EE88BCC8CB669F03AAC8485D327F636733385E97C4D13406037F0870CF66A9235901E8E460B9F9C023542430D6F82E1E85FD4D7C24C6875F6B71F482A8A761B7173CCC5B2C0D16F227C2891191A2207EC2A5CE9BC5172907D451EC143EE578AB38B4A816042B1C4429CA6FBE04A6000629C008B19B388709265121E2901237D3D088F286E3C1358C62401F6ED487D865E244278F2D9C0104BA9BA9A93CD9BD7D969219146BCE1778BF93540182DAF52DB110DC26582C231E21A71BAD36F2D0270E247A3D44422539E22ACD5AEA1BEA626C2775154DE6CEED929973A45CAA8BBCBFA90F85B8D05089EC7722D94101DA89F287DFAC4D2C7014454EC197B8C99646B656C99E6343CA87DF05852D4021DEF9485E7ABE2D2E640ED5020938F34EFB2D5292C7A4F0F1F35BBB089B2CCA17F2C58394AAB3A47E387DA292C1FE36C9145729027AD7221E42BB2DC5E4D141C6F1BA4D3299FF081225492E89C1644A0805DDDBEDC5DB0A79A2A9D5586C64A246C51EFCA2930E75095D8DFDCC0FE4D27952086AFEA8B415B8713F89FB8C68C052B8BC5E901CCB3F3DD909F479C3910C9350E21BE8D35D4F6A979BE2BF8DB06B70E8D43AF42448D125C608DF17B89102F016AC269B27E542C1E03E62B133E8910F988425E13E11E028B00A1F609010E43BEEAB960DD6C1E5B4137F3DE454E962801CDEDC1C08D8C858CE8B260B08DA682D39D8747A8DA012CD234D513A9D1A848B2812A6C0443B917AF284C6E2713439DD740939EE085602C94902091B1916ABC2D288004CA5E6B1FCEA54105E1008AA5C6C025A84774C96227C3FC240A8684E2289A86013421EC5A5117B2D530B0EE166B116AE47E7B08B3876FEFB831A23E3B9B0762A90F88CAC4621E23F4345E97040D8D60E4B600DE2BF81A2793CB6A163DEC6388DD2FCD9CE4ECB5C4EC0ABC0AE9965CB6680716B57DBE18F0740F5C84ED653FC53A1ECC68E2D0FD79FE2C74AABBE1BC2633E8FA07C127EA5D5C7DFAE2C52E55379CD3DA6E75EECB31BAAD3D7B6853C1F2C95279D575A58EC18A47B75BC1D1FD1A3343F753023A66129D5FB62E03643F97F5E43FDEF32DFB86DC7A032C4B7ABD9D5227875E4E72CFBED1BA170D3FA69813939D0D8E01A3DA7CB6428D9FE785F6B701254679EEABA4BDF07AAE4512A459F5A68FEB46C56A7A56D50A33A3DE4876D6BA129BFA5AA6FBA23545FFB706E6FD74A685B72CD66D1AC72A8F0DFBDB8F5E44F4AF3E98EC9F386964205D4444F3AE796FDE8CBBBA7CE9C0E519A7FFDBEC2B2CB4D7861F1AA30DA3B22BBE0FB5EAF27EEEE965DE5F84E655688156D5F6A9DFD365FEB070595592B6EB6DD80BC91432ED5B7AD85D219BEBF0D381A008FCE86FE7165ED65B8FBC794139B9EBBC023CBE46FD68D08833CC376ADE7C13A285C3475EFDE13F650945A3E65A25F3ADC5F55B877FAD87878DC6D6F4E505A24FCD5E4FEE917EAE790BB37CE3BB8E030946D85EE9EE3AF409D4C6125BB2E877B416B3F197EDB07EEAC8C0A528E9E03B93FE4073CDC57014F6CEE9C7F5CD70605C5D33A55350D80E2D09CE38C4ADEA1FC07E60723D2632740CEF5C3B5231BAFC23DEF1E2BD685283AA4173BA4ED7FD7C21FF2971E98F8C9A234282EDF1FF1CBD6B40EE53FBFE65CB5E1793254D8C6C6F93C5542E1CACCBF2E5A0D81C2B8E650ABE90628B23B9EF74DC65428CCBC383173F2C40EE5172646B4AECFFC27DC9ADF5AFFD5BA9E50E63C396B9FF13C146D730B8B8C98099557C74487ECF483E28C88C66519FD3BC473B1F1F42767272F8492D2D89DF776B540DEFCC98C9B32B0437F569FDEFCC7BF3323A02854D1F2B8B73FBC8C8EA9987943D9517CB3EF8C0F3DFFCDE58FA1728CDF9CE2E2F950D4ABC1B3CD6C4EF6C52F1B9B76E705C2F3714765B1BFE4C015D725BF67A6B5415EDADEFB8302CFC39621EEF5EF7D70172EBCEA72ADE4802BDCF9EE48C18C9316707BD6F47B76EE53A066CDFD40755E41F6B99C882976E9B5F0D7F7CD71F6F77E85E75BFC7C0ABF1F0CB786F73B6CF6E308C88BF4C8385833101E058EACE83B345BE99CDA635CE691F5702550DBD3F785199406A595660684C0A5E29674DD444F287298F153D69E70B89DBD2135FD720FB8D5565BE5A87F0CF7BBADD04EEA6205B901DF6C9EFDE399FFF7F996CB76EE095F654049AD71D7A8AA95F068DCB439EFB9F686DC30EB3B1BCF9541A9574BCCA2BBB3A0687C5693535208948C6E68FE62D75028DA1C6C3D22FF55BB71CB8FDB175DDD590BE5B3B5DF66F46F82675AE56CB571313CDFD86BFCF56DC7A1C4639CFEA4C73D286C98F7C3C5774FB61B4BF9A563299EC23DA3F577C2DDC0D8E969B1C54F73DAE12F686EF53FFFE76928BA91BBE470C079295EA5D9C29EDF2B37262B19A768B3C0D9CDEDE4190BD7BEA9DA9004A5E52EBEA1012FDAC97B14B763C19BFD6D905B1D98EFE9BC010ECCC98B8CD9BB49E9BAE1F7D0ECBB25509CD9B7C4E54C363C5F39B270E6506FC81BE1FF45EFC9CF20FFF7EB35F97307435EC982A0ADA34640696E0FFD31E34E283BD9699DED012B285E52DBED769A0CCA573DDCACAF5F07AF6286599C31EB06D50B976DA85AFA04AA0F59A52F1A775168379D0AB07A39179A6E366E29DAB309EAA6861C1DBD390D2A26053C28589D0B154DEB37CDBFB3933D4FECE5AAA363A166FFD1F2EE81F650D3B8F4E3A28C545EAE52F6F98E84C123772B65939AE5AAD02550F499EDD8A1C3F2A0DAA3FC5CE3DE3E501E9E11B525EC3CD4F67EF84758CE0A569EBEB5EE587F8AB3E5CF3D83BEDCEC0DC69FBE583EB0D767600C39D96715CBC7AFE3F1D4B9317D33ACDEA3F3459783E73E985245E5345D085C3D6BF12468BA1DBC6774DFD3F07A8C7BC4B6C537A1BAEFAD93FF33A93BB5A3F2E9D04D5D060D8286A6C94F967CFB1B949CCB4A9BFF201C0A5D540E8A5313A83EDE4F65AF64D7770DEE4FF556DFBB6D177B673AC5CBCB6B9AFAF181676109D01C783469DEB1E9501DB96262F87F7EA6FE2F18E7B76185BA376F9792A9B0AE4FC9F888D2ABB2CA1A2F757787F2B3EB9EBE3BE989B09EC4A95AB3A66AC299AB4AE6B8F55427A3022A0E460D5DB6261FCA2B53A7BDE9F721343E9E59107C330F4A966B529677BFA194877EF438317482D2D6FE84D35AE8042F1FC8BA30233C695B6D9B503C216880D2C163B92C7FBB33B41CF7B0BF9A98A5646A5E64E7656D96B6F0FADDC4BAA93DC79116087D4BBBD64A9E6FE69D3057DA42CBBAEAC2276D7AA81EDFB377AE3E019A5A97DF53D437D071ABEFA9B14B8F3741F3E7DFC5679BBF51CA354F131585AFA1D12AC436C7AF8BD261D49A358AD50ACADFBC757BB259AA2B346BE2CE3B9F0DA37CB6FBBB1FED13608496C27F3804955729E53DAEEE39BE291D5A574594CC2AF584E6C72F9FD5A9BB4361EBC323BE49EC7DC8F342F0FE957F4355989D72C7A753A1C6AE68B9EC933C282AAE48C83BB1171A1C37FDEBD0A18394BFCC30E6CCBC5E5FD379DABE1FEA54FA601C18EDE7EE59EAF11E345845CD5EA4190CC6AF27B94F6FC900A3F59884C6A53241AEC3CB8B170EC58331B47E54C23B3ED030E9667AEFA51B297FE5C14B776E6D9C0A959F5D2F70DC574EDBFAD688371F2E5B0C557B5BE605B7DD878A588FD5A93DD64165FE72CD0AD51AA8CCD32EDE75240D1A7A966E8FBEA4A578E93ABD72DAA8F4B594CEAFE7FD40F5BC7FA8CFAE68B64E66DA87653EEC47EDABFCA56D6D85F936AADF28DBBA7EC1DDC9605CD57230BA2C9AEAE1F95F6F8E3FF0E7E71650792DBB7FD6B37D543E8FAF7257FDF8819BEE43FDDF07277BE56FA1FAEAB7A47F909D7198E2E3FD966731BB2B333085EAF97BCFDCF9E51B13A83D95413BC29BEB2EB0F5DD6FE7805123A1AC5BCF8F1E6FF980F24BFDC9F3196BFBFDB5EDA835C5CBEB33F6BF6873B2FB128AA34135C327E5BBD334CE7CDEF0FC75035E86EE9B1644E35B1B3170C52FAAA134FE35D6AFF24FFEFA2B8D378FA33AD9CEBDF9E7BBD44F3C1E3E5E34FF883DBCDFF878576D5F34FB41D25D9A37F5390BC334DA77A0BECEC76ECAF2D1507FFBD396D59DF41427B14769B9B5475CDE92C1A4F5918C3BA2F75776F5EB5107AB92686B2D33CECFBA714569B6C1322C23F769BB96CCB3FB6BF277C14F7CFECFDAFC6B87CB1C67DD801AF3850F826F0D86D26663D7A2D0B3D0F255CB9FEB87FD06C6C33935FA180BDA36AA772C4FBFFF92E04EA4FC844EC77C5BD7F0CC69926C36D4A60684A9E56D942E91DB4E1ED14FE91DC997E2A578547742FDDFAF55BABE9895337B7B31FCBDE65F3D42170EE0E95067E7E677A9AF4D87F49A8487C64396C7FEB7ED7F01504B0708F65632279911000099260000504B010214001400080808000DB4694E13BD3161F6000000790100001300000000000000000000000000000000006D616E69666573742E70726F70657274696573504B010214001400080808000DB4694EF656322799110000992600000C0000000000000000000000000037010000646F636361742E6D6F64656C504B050600000000020002007B0000000A1300000000', 'application/octet-stream', 'EventBotModel-2', 'CUSTOM', 4, 10, null, '9999-12-31 05:00:00.000000', '2019-12-27 03:51:07.867000');
INSERT INTO TRAINED_MODEL (ID, CREATION_DATE, LAST_UPDATE_DATE, VERSION, DESCRIPTION, FILE, FILE_TYPE, NAME, TYPE, CATEGORY_ID, OWNER_ACCOUNT_ID, ACTIVE, END_DATE, START_DATE) VALUES (4076, '2019-06-03 20:49:25.777000', '2019-11-14 01:28:24.230000', 3, 'EventMaint-06/03', '504B03041400080808008CA36D4F000000000000000000000000130000006D616E69666573742E70726F706572746965736D904D8BC2301445F7F91505B7B6F423B1AD90CD6875A37560CAB87E6D5F6BC024254905E7D74FD0590CE2EA72E1F03ECE822CCED807B5BE054916A4F13A2DD6290DAAAFC697A4248D01A1841AC3EA86CA5DC05E78896D0A2B56A40CDBBE6CF3AC8D698FD91053C859C118398212035A177EA3B1422B9E443139801A671891A322BDEE3A70D180E066837B5468C06963B99E50A9EB1439ADAF36FAC3EABD01B97B61976FD10F184FC3599BDEBEF26480CEC7FDFD8AED23764F849C3C521F3EFF9D5F44943442FA9F404E3C6179B62A6919D3A4C8C846CB492B2F27AC4122F7A366E9DB061C8EDA881F34C7EAA9114D739F903F4C925F504B07082D6FDA01F600000079010000504B03041400080808008CA36D4F0000000000000000000000000C000000646F636361742E6D6F64656CDD5A79604C57DBBF9A88ECAB08B10DB5562C0922067D42B484D6BE2F5F8D64484866343311D154482DA596D7528AD2D696DABD4AA96228526209421224B24722129220C14BDF7BCF72EF993B3349DFEFFBFEF9BEFC917BCF39CFF27B96F39CE50E6735287834C771F5E01947FF1CB8F7068773D683D511733897C1AAB9EA4FB4338335C13A5DB45AC7D98E095369664FD446738EA3D5AAA890B08FE6AA357A1DE7CAB686F1EF9C6DFFD0D051DA089EC761B0362648A50946121D30211EB10DD684EBC3557A356737203A764C78C86CB59E47D081B3F6F35774E3EAFB2ABA297C3907F450F8297A28023877DCE8CE377A2AFC15010ADF6E9CABD0877B7AE11E3BA14768076021BD7889DD7951F57B088284612282B3F1E35F7D055DDD8491FA480FD700ABEBC93992172CD64668F14F6BDF004577AEBE9F208373F0937473F6149A00A23B7AEF854174174074F7E5196C7C7B20D9B6BC148CD13E40D261EB4BF96DD07800EEC1FA052C827EFFDE3C3F6F85E00241BEB56F2F85BFA0C51F991AC0FFE7D1A111BFDEFC7F2B7F456FCEA6BBA23732D5DF5F7870F5DE722E9A99FD94DAD94264946142783C848E506DB866E6E070A52A4AAD8CE5438DA8F8173A803B182ACE6EBA36A65F98362634164B6088D1B8BBD049C4117D5C03816778848A73A01C02A5BDD04B289CE90069BB0AED30ED1CB5486D8BF5CE2108904ACE0675866376D4A59CA9D586728E2CBB849335DF81C1298166643860193148BB1B031C13710E220CEA26422CE9A46EA0544E466AB05B7826629BE829811FBD48FE564744683119C2D68EC289D146CD1EA18E9AA18D8A441372A03A42AD572BE7E02E8C42173E5313AE51CE89D24E8F5047EAB0DF23D5C8CF4D901188493EFF5B619FD6A2068B17702BB138C1039CB720D202833D7553A816BB940055AA0522AEA9D015A5D66923E6AA4D60A318337A5A0BED3AEC7796F4A1A8B819CB1060B4A8DD95C40DE63C449172ED4D2C31CFC075A85316B19A6B2950D626AA7D1D04223894A6D41F2EB2806144B53B91C4C6DD34363893C8BB23D2438385B452082885B1141B3C69702290A0A020E9B548A89297E48940F2E688B1574668676265E18CF5F85D6EB71123660A8D8E12A65B134980DC9B8D4595FA286D34CFAA5312A6567406F1C8CC6BC4B6F0F80590A868CC089F871ADEACCBF80E369B5D448DFC8060359A4BA2C1C4A9CE541C692322CC208942491DA2D268B47AA52A2444ADD3917AC60F53BFF2BC6E0C2F716323062D2BD151B2882AE5A10A95D1183FD288B590A9A6A29662020A41F0062A7E926E2726EA3495B012718878C65DE646A10F575264AC32329649196C49381356E3009011544A0574A4F6F2AC38D496A28CA4734D1857C87C661C3F02B3A1496804B4AE72291884E009B292A1DC435EF3C4A0E85E4CA9175E7464F5625D4FC2A8A491369E07089D3CB7D1BCC4003C8D138DBAC9DB4CE869C41C9899815532D1A6E324C0D864A3E9EC21AF278298A6669C286E43EDA504360A044B4FA118051D6B378ABFE422EA142CD25825F5B6239BEC38B3A9AF94347709A9AB7CE6E149A68A349941A8608ADADD4DB56390522E08AA1CD944C74C32F3F132192BA49B369AAFB86823C163C72F0217AAC1AA489286C262400D71642DC3359C8A4136E24CC6594D6BA2680F02A351AB432599180CC97FB106880507236073009B6C9C835E66521709F3B29003588B04C2C92800B829E2C4992FCE4DD16D6EC6C895B4A299582C2B03CE68916192963851A8CA2802BCF5581293A25CB3DA4A0FCE4CD9B68838A745ED0B218E355F726C302CFCD493ADA4E0049C9E7CF2EA913B7422F00FCCF7A3D68CE80866A310CA75A20EAF958C6C24DACA772ECA106DE41CE1C5E898694B26151F0ABA3B96C0D989330E8BAB1B62734A661E14DA4C9AC381B6EBFA3035BF13779503270B95A0166D64DAD4AA8332354633C99CC95ED45039F8F7A57DA3459038872C8EB6AC43049ED4C850A54A138B21934D37D3268E17DC211E6670D35EDCE4D1B59DCA226719FEC5CD88058DD94B0710693852D28737ECC2AA8942A41376ED7C1B0F9BDC44D84B12C874D589BAF034E277B498D9C87852D235A1546F0B8BB40802E7295A6B24A739816B019E23F626C9396F319F4CE54B93C4448A121D069531C2D47022C59EA0B6C7255E3B3B7A0E2E4ED476A251519754B236881B4FEA10CCA9433C165CE8C08407FBC1BC69C2B0331B4A3E5478FB23D84D36A98205D428573105688FB7946AE65D2C86FCFD5AE3416C7695EBC43D3158084E260FDCC35743A143CD4C19B953704C3085B833224484CF832A94B848BD43417527658404194D5F679AD884DAD39C6A325D99FC70646193D55704EA2A47264D4009BE03590751817395C4072B63541A23ACD4201684D047A22D6295EE7A701F962148435B26DCD75092C1703A49BD3C24160E6173332240986DE99C904E1C98D691AD0F1804E1A1140E8CB9985CB4119F7C31195ED629BC606A0A5973C9F990F80B475945F7658215F5859760AC8CB23A1B458A6C57F546BE608CE78BB94AA71663211CEEA9094E64029026DE0E90438F30BD451B0526B2BB4432C375ACB7C58B3DC93B0804AA9B583DDE4D31B1476D37E3B6A0C45DC623F47918A92221F1945B8845BAB32009A99B9199528488679C8CE6335EC45093295442B69B541364CE4CB5DE2855F16A1E12A1D5A1D3972B230275626BD81E810CF9566CB99B96006C84147425DD208744A955FCAA1D85EED11B1A6702BB5C11360D3F422FE4092F5E6A4CED43B3C845C68B8D564B5B8786B2C063B48E922BE801167133FB083C8A7A993C40E5289CECEB8DCC60DD87A81810AD4C9C63122C0F9966E4417147408F460C2826C1F91873AED406F17386A78944C4E76E8405F7A14432E37A12B616A6C61A696A683A4E4FE56C2FD6E5692E2064A164D1728DF0AEDF82A78C9388C903360E8CCB916E2F93C2CC9628125BF6CA904D056A9234A38CB8A5708B2B0F4D1617594EE0F22944ADA1F19E920CB7AA755EA3BCF790A944E635321F27B616B128DCC81AC204A785E5A986D623478A572346C228C2F4A0C998638A8A44C891558FE32FA525BD7E12139C16B146E643286E9845767776852444A87662ED5E168A0EB92BC095C7CBC2BC903E90B06E46D2F18C7197848882F141223414DFFF1A0F2AF97E3CD9D86F90F83288D11B8ACF496C172B015F199A15D5D8121FAE2333853E7ECF198A3340CECE8CE3BB3B7E6B2DA44343D16213D82207226C610918A6C3B735D446E447DCDFC8BCABC8E5B47959E4C0267D67E2C743D4EC99544867BE879E69D17413BE4C51B8260CD87DCC918020A107578B7CCC3713922A7800D14C54EB86692908E6582027313AFE9A05D15E4E60494B2FD10E0B141650E2B3882533893F99855C06906C74DA936DAAE47BF358F0C70EF3430D6567579CC4CD68088DD28184145F5A988D8F07FD28C9E66FD35ADCCD9C422DF9B8651D698793C91C582CBC56CFB4AA33A1D8D5C312447A1F2AA07133090AAECCA2F7FCEA9467EA257CBDA289251B0866732375DAD2E241AE08F937366DF0F1567E4AC5ACCD2D32A0C5B1395D4BCCCB34DEBE62898E2C0B4E0B19335E0CCC4865AE1B1859D44EAE3FC53A503B4CAB1FAB095547E9F4BC5F83357A61A532DB4B7F6EA2E4FBA2F45C730AC72C312E32321F99A774378D03AEB6580FB016FE37E072AD0459B593B0E776EC2E5415FE8E1BFAFC0F3C898384828EB5BA1A6D0F84CBBC1666DC6892D352C67898219736FA9663E066927D78EFC2F80457881875448836522DFEE048393D3A16570873234A3D7AD5E102194ECC16CD47BD723EAE23DEEE19D39A57DCF66F91E2C557A04736B1B8D0124F1BDED8E288083A3C46ADD31307893F78D1A9D52237B90B52A39F9FD02492D8C9853B2F045FBA0623CC0D19951244FCCD00F72AB51ADE86E9BA703D39DAD30B10EA4C090BA3CC5302831637D2EDCA62C4D73724C954183FFA094E844E4B032E8A24A71F8249A78D08C5D936268C6746FCA8F8908B04232C2E925261931E8C8B294B22594ED4AA65CCE4F24AF0981305AC44BE7464CDC7F72F5AF2698D7ACD45060CE777B0714A8AA71CD6424F263A4CF8F175AA40D0CCA225420ED891758B37D99BF19E2409790FAF05E6C7C46B22212618BC932814B903150D26455A1A519BC95D7BC926E65757C6E2C5606171E62561F02E6C5A08F742C839D2109B7DF8AE00C7AD29C3C73A0D2525BAB253B1D34CCA430F598620A58D64288CEE6BA589442227D8497ED14667B1F4CB39A1817FBD204E0342863AE88F5104DF7B59B0812C625AE3E2C2CC16F2EB0EE11B293BBB8CE675030C556D0441800EB7477EF375CFC8DF2D3D03DDA3E6C7B89DDF62B1BF206B9DE3CA460526FCB45FF634E193F3976937EFF5AFF010FB9F7F145CFAF3945D2674B45FAEAFEA60A57AF3A474B87ECBE15FB94DC20C3727759A79DEC50756B9BFFFF5B6F2DF217574BBE16DF7D7838C37A71AEC5C5C01E98796A4D4BBED0C199DBA5EAB7C586C783872DE84016F9F414945D08981366FE057FFB39187FFF1235CBEBE6076D5F96386AC67717B7E1A3A0D2EB61F139B18D0182E066F2FFDBCEF79C808EA99BFBE495B43CAFE91F7FA6FFB10CE9C1B32BEEFC9B990FBE6D45DBFD9EB0C0F671FFC2BE6F1CF86AC8AE3BE9342DC0D178F063E2A5ED721D076ECDAEA846F76C38D57C38E5D2EB900F77BD43BF5F0C84AB863BD3DE368432BC857FFE384F7C44B70FBD737C943CBF642E6B3BC1DAAC5DFFF9F7BA6464F5BBBAAD9417896B0A687C74D27488CF8E7BAEC4B95505EBCA2EDFE4E098694FC6DB3F4C77450F2787B85E790AD8693853D3F7DEFE50C283D1C6493EDD2CE5075B9F8C1F11A374365C8A565612E0BE0CDB44E8B978DAC81A277C7AF7B7DE30129EF5D29D05E1E0E39339BCE723D956DD2CE1BDDAFEBE986CE90BC7E575ED0F2F5F0ACCF2107E7598DC576DE95797DBC9ED7586CE73E4C0C7F9D72198AABFB165F1D96065593CF7C9E10770F1EAB56F5705AF02B9404DC88AF979600951B3C7FCE1ED20F4AAEF79AB3B9F43A143F3DAA5F0F27E149E1F18B81B15DA0A45F628FDCA9D7A0B2E06CA7A507D641E9DB27ED56761E0E854517B7FEDAB70F3C6AF722FEC6A93CA89A186E65DFF1A8A897F289729E7C92FAC5DE68693CC16D4AD1D421A23ECA5F19D2E849A86FBC28B7F0EAAD733E0DDC45BBAA62BAB7CCDB771372865E35D81DB691F8497FD1D68DED1FB5DD63E20F2A8FFA43EEB78A61B3BEB27E394DF207F10F9547EDA67149D38C3D3E4B3712F28E14BFAB6CBA5794576297DAA7FFB2F3503CFBEB6D3E21E3A132BBD907CBD256426556F5DAE7C58D2CE22A894F5CD93B6DBB848BE8A17EB6146F1A4FAA8FFA83CA2DAA9ABDFDCB0E974439CFD68C50FFF0245AD447E92B4AC75CCE0BBF0D65F53B848CF34E16E9AA6F158E5FB6B2B5187F6A6FD584D48F635F808883C683F2C9F5513D545EE9CCD6AD3E7BBB12AAFA2986475FB617EDA274658F6D862CAA4916F3848E3F6F997C25DC25466CE724EB2A7774534271D2A4747F0F1BC81EE1BC26E0F7B5E71A6C3CAE2ABB3D1ECAB2F67EDB2D271A32667C59DE61718461FFA121DA83EFAF87077E710F8B02F5705AB1E66C4BBB3F0CA9853195EB1FD78722C7AA78FBD47878A7FF7241FCB79F41D1D2C9135EAC70FEBBCF40AB899BCEB8DD58F8BF4567F2CCBB7770D199912FA1AABAFE40F7CC0D26ED63E945435FC55D848C13D3CE7B26F484ECD2E9CD7ADC9B60485AA4DBBF67BB17648E68FE50B9EA2AA43B353EF0C38E039092B14191E3D71572F5EEE5937DF7C1A9EBEBBB7CB07B02DC7CEAB7EC9B776F0D2FA65D726BF3FB3078ADDEE434AFC90A28D8BF6F5790BB9D21DD7983E7E98DCBF93AE9C955F5DE04E75794947FAD390BA7C6BABE7EAF7A0B14F79E72F52F8FAB758E67BE4C3CBCFE6424E4F6EBD83FCAF60E24EF497CED3C653464DE386EBDF0CD60C89B7CF6DD12C51848EBD032E8AAAA2D94C50D280D6BB4024A263BD896794F803C37F7D10BA66F15FBCBD403966FDBB598F6075A79E42F18A59C27D2C99F327AF1593A2363E066E7CE81DC5F679AF67C936A4247DA8156D6C31D1DCF7413FB0B7DB60CDA3229406C539CA43FB05E833E36EF6FBE6C8A5F869BAB095E17DBAA40B42BE9ED90CCCB8ACE5038EEA3A549E93E50B96ACBECD7C7CE40AED7FCEDF3FF6C65A8385EBAB6C5B047F0EC40F9A29409CBA0E6BB98A2896EBDA1F4DABEA8A76FD6C1EBFD36FDBAC73F84FC8C84EC23B6FF34A42B7676FDA5FA0F288AEC51D0F1CF8FE0FEA69AF825DF0E84E4B89B093E493F9AE87B71A347B6BDFD6378E016B1D6C9310592E6FEB5403FDF151EAEF7E8E2FCCB5726F4E559DDB2C6EF5B0E8FEE84E6E64ECE879AB8DD195AC351289B97D0A4FD8D2BF0F0B7D7AA91E5B690B3FFCC89660BDEC1DDE90BAFEE5ABD12EE2E38B32EE8462AA4B71C0B4D6714C32DA705491EBF4C83648562DF381B5BB8EFE2D9AAD3DA1690B5286851D3C460B87F26AB30C57500E4D6FC39CFBD7FACC5FE5CC5885F5337DE819343AF55EC3DEE0AB98615D076B3D6A2DEBBBECE1B772C8C805BAF367D777A490DDCAE2A4819D9F7BFE091ED8F153D373E86FCA95D778E1D72091E558E729FB66C14DCFDF4BB2E6D92AFC0DDCE3F6565366E0A7F06061D3E3C29C1703161E4C295767BA17899F2F5C6F493706F6F938DC94D822DD1C3BD6B2FF7147F3F0F0A4A1F38864C5541597CF6A668EBE116F1642D5E1DD7F3BC2D64BE9EFEBDEB3EDECEE0835360F56FFFB13F7377957E7B3A750314264DEBFEE8FC6D78B06EF4D0F48EBF41DE079FFC7375501614D6844477A8771132B503EE9CF24B832CAB761B55BDBE82BB103FCA295F0D395B6E3EE07EF819AE74FE71658B6541703B71BEB555D7EB707369E7BE6E5F3D869B05B68D4FCCEA02CB270714D83FBD08B7C67C1519B5670AE43D2CFD34BBB42FA44DB74B5D5AD3DC9072DC6967C23847B8F1AFE75FD4FF6C005CCF9F9457B6CB03AEF52ED967B3271E0A9797293DB61FAF733CB5E8F7512913DEC19DB4FA077744DD8134AB8280E3D5A70DBBBDB4971B2E3F0BD7FC7A0E2CEC3803AEED6EFAFD99A3D990DC66D0E8793B5E43C1F9C7EF6E0EFDB14EFCCF3D0FF5F963D05AC83CDFC7FFD8425F7856B66247705419543CF8F25AF0B41228E8D5D6EAE2D538BEBE0E9D9AD17B2C649C0C1C1BBE6220DCCFF46DFEF4CFEB7C9CAFF9BDD7C6CDA4FD704BC8A413E732217DD337CD8F15D7C0BBDBFE414513FE84EAA2D00363DBCD35A1CF49D47EC965AA215733D8DA63CD1B7836E6E9849FDC52E191A34FFF45A79F42C5960E93B6782D84C2074342A26F7681BB2B9D463BFFF435A477BCB6BAF5F2E190B9E78E73BBB763E07EAABB5F974536266D39BD5CBEDC3E391E39DE54C5174D86A7DC833B478AEFF6F08986B21176A70B927DA068C5B4C15DABE64131F4BEFAFB1F71707F5199F3034D06E43D4F9A1FBF7E0BE4079E3E34F2D57C28BC30FF9711FFCA8027AFBCD3C67D520365A71AA9F4DDECA5E7C4B8F743F7A5C2D39BF313B5692AA8B9D6A0CD65E52591FF49EB41DFEFCAF95E6CD36775BBEA9A15311FC3A35B2D2BDA2DF916CAC7C5550E1FF50E9EC5657FF8EA6A22BC18326DC2C64337A05CE33C77DB9DBB90F35B70FA81DBD5A25ECA47E595EE5C6EEDA17901C53629455FCEFF149EDFF09E910EBD21A763DEDD9FF8739C8867D08CF830EB4078B3B0C4336BEA1726B8CA975E5DBC31E93B789E7F60D7CBB60DE071CC9DD8E415B3A0F4C5C0A61BF67696E4385B8DB61EDA94FA25D0EA64BE2BE7B1089EEC69BCDA7BD4275098EF35E0D39D2DA18C0B9AA4EEB141F423C547C7A91D745CAEE7D1D625599F4D09832A2745E7455D5D206F6E75CAA8B27E50F879E78C5371934DE89EE93F74DE75632F94FD9A75EADCEC0A316E545F558E8D4E1F7F4EF44BE91EFFEFD2028F42D1D8CE857B0E958B7C34AE72FF88FAD227E5C74DEE6AA8DCED76EED9BD8EF0604AD2BAB09ACF0D859DDB2DA8DF7A2BBCFAAC4337DDC6C3909DF3436FBB0B6DE5CF40EB5B895D634B322D8DFFA7CF3AE5654D39D1BD976208A49EFCCDFD7A4115A47BE9ACDAB6D9F5FFF679FBC2CAB0C2664150B5F5F0AACD17169BB4AB9D1B7B740BF5860713EFD83E983E155E645D7CDCE36E7BB14D9FD54BDEA5F9688EC08B6A87BEFA8943E5E381F527FEB18DBB7E01CA3D95A535D15926FCF459C778A0EDF3031FE6F49D6FD26FA37688B1CD8C37E17FE9737FB5C30F5BE1C5AE4B0B071D9922F6D74C0E0D4CFAF442A07D7CBFD13F8C9B0A4FD3F667CEF8EBDBBFFD2C52780CADE7C341E16E55F2E0DDCE26ED258D0719AE7C5C0A95AF266D7458350F6E16262E6BFD7567C8F8664DBDB35F7D040F337D4F9EEB3E1ECA037266BD7779A7385ED849975436F463B15D11DC6CEB514F5F78756961DA5BAB44C8DB93B4AEED1F9F40D941B7C70923978A72283D7D966F4FF4EF36FB884847FB5F1C38BC664BE211133D145745B055ACDB785BB1BF38B6D5729F2F268A38E8532E47AE47DE96EB933FE938954FFB6BEEDB2776BC916D494E20D720E4F87EFEDC6249AF25BF107B457EAAB7E017ABF0693F9F17FD419F7239723FC9DA81F5DECEF9392C7C8D18372A87F8F3DF504B0708D909E0CB1A180000993F0000504B010214001400080808008CA36D4F2D6FDA01F6000000790100001300000000000000000000000000000000006D616E69666573742E70726F70657274696573504B010214001400080808008CA36D4FD909E0CB1A180000993F00000C0000000000000000000000000037010000646F636361742E6D6F64656C504B050600000000020002007B0000008B1900000000', 'application/octet-stream', 'EventMaint-06/03', 'CUSTOM', 4, 2903, null, '9999-12-31 05:00:00.000000', '2019-12-27 03:51:07.867000');
INSERT INTO TRAINED_MODEL (ID, CREATION_DATE, LAST_UPDATE_DATE, VERSION, DESCRIPTION, FILE, FILE_TYPE, NAME, TYPE, CATEGORY_ID, OWNER_ACCOUNT_ID, ACTIVE, END_DATE, START_DATE) VALUES (4092, '2019-06-04 21:12:48.341000', '2019-11-14 01:27:45.835000', 8, 'EventModel -06/04-2', '504B030414000808080076A36D4F000000000000000000000000130000006D616E69666573742E70726F706572746965736D90CD8AC2301446F7798A82DB69696B6A5B219B71AA1BAD0353C6F56D725B032629492A384F3F41673188AB8F0F0EF7E72CC8E284226ACD35CA96519EAEF3724D8BA8F9EA42C96AD259905AEA316EAEA8FD19DC9901C7B2A7A2AF533EF4455FE434A7693A085E551444450EA0E580CEC7DF689D349A65494AF6A0C7194664A889309C834F06043F5BDCA1460BDE58C7CC845A5FA6C41B7371C91FD6EE2CA8ED13FBF6127D87F1389C8C15EE992703F010B7D72B3EEEB17D20E4189076FFF9EFFC2AA1A4932AFC046A6259512E5735AD564559576463D464747013B7A0908551B30A6D031E4763E50FDA43F3B088B6BB4DC8EE22C92F504B070802EBCBFEF600000078010000504B030414000808080076A36D4F0000000000000000000000000C000000646F636361742E6D6F64656CD55A79404D69FFBF4CD2BE8742DD0CB25329B9966F636C590731AFDD555735EADE746F2AC3902DDBCB987831C65886916DACC358AF75324C9452922529DA9144BCCC7BCEB39D7337CCFCFEFAF9C339CFF37C97CFF7F3FD3ECB796E924F06048F924824F5E0A984FEB396D41F1829311BA8888A91D80F94CF540C5185072B83D5EA38855A62111221574E1FAB8A93D88C52C8634323FACD5428356A8983B8358C7B97587C1616365215C5E9580F54C57F2E5706238BD658108F58042B233591728D4262D9272E31243274BA42C321682F31F3F39176913870FF49BB4AFDA501D2406977A94F17890DED09E45B0DF8563789852FF740C366BE7E521FBEDB47EA2BB1460FA91F271F28B1E41BFCAB3F1EEECA3DBAF0520D7919BEDB8EBC48BB61E3E67C9BB7E9D34DEA2769E84BB4ADC90B2FC6EBF889752C693B50D2B03BF16C85FB28603F0EB0999F3F07C0DC078522B1646E2536FE626B163E01C49895AF10B4057EE7DE38E85D919AB98F0F7265C13FBA13F05D11F86E3E9C074E1071C8C512200DE05104F0287C396D49033F64C2CC3790FBFF936ED2EE12F36ED846830014BFA4DE1B89E554557CAF08557C58A2C49A7F1D1E2547C9B45186F79225AAE264F1AAD8E9122BDA5291774E4316A69298F32A5C9F351D97C72AB09D084554948A2B3667248D1B326ADC019B8851301D0B0C234621B1E7C78820EF466227F8E3C531E23055A4321CCBE26E8CD3494F99618C88C476909E2C5CA50AC311521092C6467022F728340E2292B2A57162FF4E744C64D64E242FA3D4F050F8301D453CC944319071E4A321C90816A696B0B0AD8E43CC1A0A1C29316DC62842648E09C3892324B6E6DF15FC94968529A2141A85DE6A200B952B952A8DA439A1254616ADF842113B4D151B8D1682BE480943C4A2327968A842AD96B8216FC66C62A7C6ECC86270174644A244E664D189588DC7807362128C8B01185E1B41D4B5DFEABD415161890DA963E457E26D60C73873B800A2137908AA38CE9BF443516389F7A6C1FB4312947D34F7A867CF0F24194B5314AE3AAC33F88E06EC4BAC8813DE6113FEDD683A9014C16F41A9C4B317A701D5259721449846255347862B65914A890B4215AB9A1AA58856B34D09C18BE00290D12159942A1C7B89C4E1A0F7B0B8587E6AB809FDFA51A3591BAB50ABA23863BC53CE6713665D13AB8AE3CCAB65C4901541C73B4373795A64026AB88BCD701D914A868C4C6A391EE06342CB20034E9CDA5173A48D84B082600A756201A1132F3CDC3BE58DD376146913421A89F08AD56D849838454B9A1CB5C48BE0E657335D1D96076791886EBCA80C3126B268CB2933588002E6D943735C406A2BAA014E1C65123B61438449273DDAF93EA98823E33977D5C543DD3631CC21194115CB0326B5CBA962D7A44AA99C6E62091E077D1AB1115E956C43A8B6101168441321D7909D464C20499D8C6657A7FCB16BFD7245C9C43E5D75CB4B269E2584677723C9A439686A384D04DFD6222AC846252497EBB216E513A7C7685E886F4C98CEBC76D6F7CE3BB2124A1CAFCE0C8F9BB140301447831C63773AE916E8A584E249426B1A17302593F7EF26864C67870C25D2417F76E289288F3698372808E6D151B7345094E2BAC505A8171EDAF0F935B621C93C5E57E5D1645DE500C9F0E47660DB1E8DC153E0C1782436E2A8F1064BEB5F772D522A1461826D491B23B5637C62DA89366DB62EB0250B63161BC224E9567463231301196B6CA22AB01701AEAD4E7A70934584CF1FEF2B5F71A109A1C8E8B2674096DE6A8C76611223CE22173F5615952D9EAB261665EF0F2D8034344F93554B8A04150F871C3DB975082D4F3C17F8D414AA8A8EE17777F137213E36CBB87EB95A81571D0D6F993F6832841EEFD7C6D6C56715A3C2787943D685A3E9B4B828D1B9234C7CC87B8F29E2D78A192413448C41D2F2BD3EA8545B72AA677C9A46F5E94788E23395D1F01BD3AD5A5FA5AD51D68D5AB7279F0A2C359E1F608ACC7BD423E34E79E253BAD0B4D31522DB0C6A93A2E63AE95183239EAE4642E538898EE5C412762234F19151413EAAB0289E29D8069EB04E7A1DBC90ABBE3B2CEAA8635F004E2059091F33C2E71877385660629AB182511B292DE9FB46D1E7A0BB0E856ADD4A27C8B803B295E099AC286A2ED70AAE43AEA41B93328C826AC44ED8BA06A5A69D11C068B5972B49425D704961372C644FE341F1F742B2787ECBB0259F3F44DE0AEF4AAAE97131B8F8055BC6F5F1218BFF20E68227469CC45064A2AF07393B44D3F859C510553B5D9FE4E082CD8BBE828D83A14A5EC626802EBB7662D85C9E3CDE1F2B3910B2CF7CCC10F5E7C0724F7BDC8D271599B211B343CF368239BC88E927D2C00AD28BC752B8D4EC047650B53A6309460BEA64B54937404213C1ED4CD1887823D7167CB21D755DC8E8A9D5806B5CE6E29C38E83BC355122FE7D665FED8255A3FF49AC1540883C74D028A7F6BC0BF05E34AA19264DF51C492B587DBE6D13D8A681523769C841E1A37F91A627DB8CDDFEA10582EC2B86821B2157A436962C542ECD31C0B203C1674BAE1AAA00B05464584A8BAB5083B166780D93D13D6C68702355EC743D9A413B26325942746A5318C84552006C94F59725BC575D9085822D5E2C8E514BC005C9F52612117DAFCEC76D6B12226823A227D8E3AD1228896B844F9515B9D89811D872B34944527E1D0101AA552A38F37E120A1C69D188BB887174341B316E6222C0C5B8C54D24B7619DF27CC3D1EA77859D49D5C38162133E83E453721E209458494FC02D0049FF4E4B1064B838B1EFFD8938D1038FDC045766C45869977441F164642A274A1A822C9295E07A3983B91056456589C6482578E29592CFAF94154415CAEE8A15464022939E990456830649FD8743104C803C10766F69388ABBE1436EB6A8C43B28A8981916875B3254A969813519A857044A4F2E52ADC6BEB79766415C5CD03D1022A4E155D8E8572A7DA525DFA0D76CF60FC7DCC68D229666B916BE1BE5CBC610B41E069C1E7D04577968AE912ED2088884686991292202288D870350A15173823129DD54CC4EA48D65A51BE6D285AD47236280AFA71280AC6103649760BC332357E0860996C66AC5459600EBAF6E82465D3852E6D8D8CD70E3B8332758FF7570359D1D43AC1A21516C7E7A85B02ECBE54AE375D3D4DA700EFBDC8269EACA8EED12B2B3D3C802A37345621E7BE8544BF5ECAC2F92E6EED0FC32B0096D0B5406E2390313C8E8936650DAF4282617CC1C79D54F99DDA51670C75A193BBA131F2ED6C041009A99D89588D00C3146174CDF4A3D11174645CB2F0AD047CB8264D2993F0C9EE1E8603205F98E2E327C61A4CAEC7300B620C2857FC6F585C4FA842FC19CB9F65B81E9C666326BDF55D623D6462AC423D4C453FDE5DF54FD63856EF0FB9A6FA6DC8C2AE13BE313DC3AF458215D7AE3739A109A68DE396F83233264232F4817F0D316EAE290DD45802023ECE97815137FAE3A309164C02957EC8A1F8C73213CEE90F4F7C7D381AB08A574A1AB0A483F1D23391C2CE1F9B6C5A9F4EE4B2454CAA059D59E47A955B88514BBC49B0CE2662111DAAD0ACEFAB1AA6D28C56862962D51A2E8A60A5868340FFF4825B48C9DF60E8DFE090030D9BE20629D0EFD5B934B1C1471E62DBD314429D7B1D764CC5AEFB52274603F8D8B03C8D85258E45B81C8815B674FE231871DB9CC66FD41D9ED97AD68D4B367D0F65BA9717C4338839FB071448BC78E8EF17117F208B0EC514835AD2E3FF9003CC2C4A6AACB0358AEEA51285FB412CE06C4803B958793FB78E06D583CF1FA2C848A634F258A146E21551A1AA6805FBDB23FC0527FE94898A9269D0901A9FED4C68A07D50C7369E37FAE278477C3F087C676DDC11FFA72A36C2A766988A265084D3413C8E8E0C36E278F02F095418DF30F1DDE23F93411D887632A3C50E42146A0DA1DD5DDFB968CC5970AA90E9B8D37042F8E6325836352E116FEC4442A65272A14F55476AC89CA0F730C480AB101C3AE58BBBE5516A952E1516A4DEE40205BC10AD0D2649BEB00804B52A2A0C17664804A78CF4ED05BFFC054930352140C012E462890FCB963A97A180F15F412931FD34447B3D8E7121235A9861E193468CCF55944511EB389FBC8025D9D438ACE888C5437217852928A13071D5191F63B72D8C61DC44D651AC68A28B52E7A1FBE52954B1F8CA9C70EF284E0DB6EE2E1C820C546D7532415777632588E3B217A796BF1442140943E232C2F794385F68509C0774E32717D7B5503F8D4DC44BB76B850E82467A9074BE6A858940FF188DCE22E10FE8F886B3702415DCE13F4860254E745107FD13153E5D4EC23B0BCF5A54F0E20B7CFD04C884D502FDFA299E413A53D5D3789402D88678ED510439E6A467A6AFF7858269BFAD8BBDFB337BD61C987DC2F52B4B83F6C3395613B3CC961AC8D37E53E345FD76056F3F305CBF9FF937A5FF7CEAE173279B8F84E2D641D1DBE61C63E3144FF525D9EF6F667AB37EDAAE7C17B94BB2F091811EB55BB8D662404BFF3770DA3A60DFDC0D23E0CAE84529EBBF576AEF9DAB3E191A730CCEFFBAA8E0FB1347B4371FF7CFBDE15F1F96B6DB372269DC2078589BE1F6E5A23D90BE50D5B14FFE322868D8FDE19077E1DA7D9BB6B4BA7AFEA0F6C4C09C4503562543615BC5E2B069B990D379E3CDB28779F0C7E8B6437FAC190FF9DEAB62DA054E83DC35B32CEDDFF89BECCF5BBF748C57AF8AFF77CFEB916F1D2EEC1C0E350B4AFFDBD5F2B576DBBC5F9B690735859B0E0B5D77DC390957B54FCF747853003721ABCC7CC0AF901DD862F68A4ED3B5351E3B3737F86BBC367F42D5E53AD742A85B9A9FFAEAF55C28EE3FA3F9A4492570ADC176EF575976F0E8CD9B814B4E9E82076E7FA60E902640E69ABD4F0F04F784B2ECF251BD545BA1B2F0E703E752DDE041DAA58A47D26E6CBC64786040EFA16B58FF832EE777BF3CE1072583868E507AED87E74D6C2B64E7BF859213197DD76DFE13CA6C7DEA1DEB7A12AAFFDC5BBEE89613949CDC75C67DDC97F06246D2AE39CD4E43C5E9902F1FEE790E25D15D3471756AA8BEF899798A4F3C54F41D7261CFA278E6973E8BCB1E1EF9AAF15E78B4AF6FC7F4C0BD505D31A54FB0D7750147C4F67F6D77AC64760B2764D474DF7843183F963E63FCA1B3CC1ED5AF3E37E6DBDDC7B733BB654B6C03ABE2B2A164BCE44E79BF24289A9DA76EBDEEA4C0C3E0E23DD2199506FC507DCA07E593CA55DE595F3AB7A719E3A3FC6DDA13B71517194F94176A9FF2A09F278AA764834B13BFFDF7A0C465D6E6C16FC3A1FC899779DA2C1B28DDE4B831D77315175FEAA71D6372A13A276F64D288990C07C339664AF3673D93995DEA87F2CCF24C9E34AFD43EB343FC533D6AEF49C881E57E79CE026FC45FC97FB41193B3A30DC66B3BD90E6897B490D5018D8FF24571DC7936EC55DAE2CD4C9FFA3565AF6497EF8A7F4F3E04D555EE3396D59E83F2EDCBDB1ED9B4002ABFEAD93145B3D6A02EF49FF7B3E74DB8DAA0FF592BFB34CBA47F2D838A7511D50EBDEC20E7E1A13570364E7BF059338F850F7CE056ED74DBC2EEBDB5975A0E0D6F60371F7ED8ECD029D143A6CDBBD127E1744C1E14D5343E54DBB608DE0ED064DE5B1A058F5367C5DD1DBAEAEF3ED97AFF0FF50D9E39BFAE5E38F9AD333C4BDC94B2717B39DC7977E2DBB8813590D146D26F534E0D54CE859BB316AAE1E15F2D968F5F18AA4D9BBAED5FEDB2EAE05EE6948AA4C501F05350E0804B575669332EFAF97C93EA05F78B1E9B379A92A07DFEB0707BF2C2C550D0DDF6E8D38A6228F2AE6B3A29FB9DF6C5F22EF6F37E0F865B4D633CF6AD1BA92DEA7074825F794BC8EF5D7A36F55C5FC82C3E3362A6669CF6B1A75798F27A09DCD5EE6FD32763A5F6749FCCDA5B4B9768B3AEFCE413B6E8305C942FB8F5AA5E30E46D73FD7975DA31C87A76AD4972F508282C38EEF99DA75C7BDA2DE6C9A0BF8EC2D5CE3B37B5EADA10B2DD3B7E737C6E77C8EDB76343DE991370F3D2E6E307268E30D97F31207EF8AE83F3A020C1E25ABB7527202B2E7168979E5B4DCAE7DFEC18D7BA6A3E6464BA06AE19650B7FAEB43F35FF8B3626FBFF2ECEDB556EF57EECB810326C764744DF3787ABC901C59F7837D526D653BD9E943C0E8ACA0B2327C4A6C1EDAD8D57791D8C838ABB1129D33AFE040FAFFA4C91F6F0327816AFAA5ED2FC400293ABB8B929D53AC827A8BEF671F98DA99D0CE4C938D475B49E67F56311EB2F6D3D2BEC69BB674192F415DFAE5F59CCFA9FBFCDB44E0F1ECBF498FD4B9E537D3B7462E3D45E55987B4AD5A4532671D23691E3FC4D1AEC5FBACD609CFA91A45F3F91BCF685D04FE2BC9850A71DDDE953280A9E3AB328556DD02E708CFCA6D1CDAB9025DFE473F15232BC6850BFAEC7095B28FBE46EDF3919B950E778ECC0E95773A0D83AE5D0C56503B537FF18D37E9FE72E28EE60376E4BBD1506FA35B1BB36DE7C9B05F9B0A775E86E47037F2F2D4E9567BDF485F223E6B73B1FDB0437FA0D72ECA5DA0FD7572FF72D9A3B0BCE2BD306D76E6B01195E971DA4ED377F703CE3B3A54B2F24F786F4A99F5FBAF5F35C38E5E97924E6E875F8333AAE7DF0F02BDADF927B9927274E872B9A312F5FAEDE0C57A2968EB74B3B076BFAB7ADF65E1F0F972EABBD86A4A443E14E45F1E165F73E5AEE72CBB1AB470E0B823F427FB3D93FEF0BEDC2C1097B8FC8CAE1C2C61529092F66C383E8F9D7AF7CBAE7A3F1DDA937DF6C75F51770F7B3569333F38BA1407A2DC5A5C162C85A1DF0266F727BC83EF0D7D6554BC2213B6DDFA8A6598320E3E2C1777175FDE052816CDCBB3E4990F7C581638FD5EBE09ED305D9D7EB2EC3ED27ED6CA7F6580377E2C172F9CE5126FB4DD92F3CBFE37A3FB537DCDBF55570C8C4B7503836E7FCFE2D6B20BDD7D0A09DB7EC217D73C739F9895570A35E9EB35BFFBBDA6B81530B37E572FB75616EE39421CE903EBBEFD0D3DF9E35250FB971231EF5FA2A0D0A4BBCAFE770E7B6F28CC9D1CB2AAFC0EDFF14AB8E0C4F807BEEB7971EEFB4110ABC67FDD2FEEBDB7F9B8782BEDFDC3BB83B0E1EFE322977489D17E4960F2A3D9617087717F5B25AFE7D15DC5139FC95FC6C1214B8F7B0BCBDC111AEB91E89F4EFF91A0A7FAEBDEA79C00EB2E7E7380727AED566DEF0EC1AB7E905DC18BFA6B4B2B5336437CBF2BC30B200B2725A376A31FEBCF66CE1FD269F6EF380E7CBAEA5B5946D81FBCDEDB6B45EF039D474BE3DA47BAC2DD4D9B9DE6E76580A459D0217E71C4CD2965CCFEF36E9456378E6BBC76C19378F32936724AF90A540514A43FFE29A1F20CF635ABDC63BC642C9C1C3C5470F01BC5B35E1E8BE5B47E1E545BFDED12B5E1B8CDF7D6A76B075A416EE6B2DCA062F02C88ED9DDDD5AD9020AEFED1B5DEFD16B78F27BEFE6F5F79C81471355D9FE4B2A20FFBFCDEA5F3BD318F27FD8EBB2B1D90F066D7D7D7DFB45073A961DDED01F8A3223732AE3274081F903FB56F376C203CD8C51172F68216BF9B0B2112F8E417175A4599F1D47A0342C756C49520E141D51AC8ADF3410CA4FED7A5BB4B510CA333F9992737FBCF0FC3DBD227CDEE7907F421D18D96D0B7B163F191D1B973D1FCA3ABF49938C72869776597346F70F8192D2E5C99D5501F0624487AD1356AE64F2154ED5F38FEE7283271A5BB7653D7F849A7655D1798316C3D39917DB8FAF370EAAA23E95DEEFE40D77371E4EF79ABF9DF9AF6AB66A9D45ED4A78FE6C768323D32A99BDBB6BFED8617FFE177832F08A7FD99B53F0D679C362E9BE436CBCB2EBB1661326A6B3F6F32D73C6DCF671818AC1DD620EFAF480AA4361EDB75B0F85B25C47AF09AD86D0F883EA0F4DA8FA65DA73B8F765E28F133D0643A9D9801EBE93DB40B1F7E5F32D631642A5555A6A45A12DE3CD80172247F929C86B54DBF8CBDE4C9EF9F5B9BCD76C8F129EADDF35CACAEE0728DAB1E6FCB8453F1BF04BDB45B71DBFCDF82C8BE955453E5E70E56622549EF4781B3CD597E54F1F078B3FE9C82B696C0BC65BC9EAAD218189BBA1386E73C237211E026FD41EC9FBA389597B6202B4509C64E131A9475F2AA7ADE93EAF795D453B281878708E43E22678D5A16ACEA0D46CC8BFD261E086DCA1FACF204BF377968F66FE646AFC1F3FEBC6ADEBE25DF898B5F3BE766965D6B221E4CEB2BA7ED1722CE47FF15B8FA357377EE0B9EE23E5FEA9DEBA7FEA47BB4CD23CE1D77BAFA1B6C599D795B7BC216D68039B61AF3CE185B7D9E1D3A917207DCE5BB545C770A879D0E5FAC44625906BAEE835E5F7FAECF92221709CEAFBBF0CFAF59FB5B396E4EC0F7CA4DF1F64561352B57199042ACAFE9DB760503793FA26C6831A960F311BF7DD57F0F4568BCCAC9515ACDFBC6BF08EA385214CEFC5BEF2CC69237BEACBC14B9FDDC3AF373F1164E95C6BB76F6D1294FF76D0FB7EA3AFFFF6B3F4D898672D179FD4DE58F074B6FFD8FB90D36D4ECFC23F8FC07F4F1EF87D7DFA3083F18721052E67436EC2FDD4A83FCE37FA499BBBF6D65B8F8814A82D2E1AB45ABE158E9E1D3DB9F4B31AA82E39E53EAC6282BE3C5C4969FF604E93FD269F0565DF6D7E6D59024F278C683BBFBB03BCBA32ADE9DABECFA032D5BEA674CC797800A1239DED8B983C6D3FABCCDB3636602D93D3B747DB65CDFD8EFF1016CBDAD40F7DEAEBE9DBA36D3AFE6AA1C746EFF4D30671505CFAF1D0F1BAEDE52DE69E6A62108F3EDEDA367DFB4FEF9D6DE09FB6F5FD531EF4F004593CFA65C9E5E30F0C7098C24D9F942F7DDEA8DD7AFEC3FD2DBB44B13CE98DFF0F504B0708882004DB6F18000005400000504B0102140014000808080076A36D4F02EBCBFEF6000000780100001300000000000000000000000000000000006D616E69666573742E70726F70657274696573504B0102140014000808080076A36D4F882004DB6F180000054000000C0000000000000000000000000037010000646F636361742E6D6F64656C504B050600000000020002007B000000E01900000000', 'application/octet-stream', 'EventModel -06/04-2', 'CUSTOM', 4, 2903, null, '9999-12-31 05:00:00.000000', '2019-12-27 03:51:07.867000');
INSERT INTO TRAINED_MODEL (ID, CREATION_DATE, LAST_UPDATE_DATE, VERSION, DESCRIPTION, FILE, FILE_TYPE, NAME, TYPE, CATEGORY_ID, OWNER_ACCOUNT_ID, ACTIVE, END_DATE, START_DATE) VALUES (4216, '2019-08-25 13:58:23.593000', '2019-08-25 13:58:23.593000', 1, 'UberEventMgmt1', '504B03041400080808004B6F194F000000000000000000000000130000006D616E69666573742E70726F706572746965736D90B16AC3301086773D85216B6D2CAB52AC80863671B2244EA1269D0FFBE40862C9C872217DFA8AA44309997E0E3EFEBBFB1664F139DBE46DEE93822794AD78B92A58526D9AA4C8A9248D07638DEDD3EA1B6D38C3745625E68C8A922D354A597402731492515668AA979D4472006B344E213DA19F8CB38A6639D983ED67E851A1259D6B5B08994608B3C71D5AF4109C9F941BD1DACB9805E72E53F687D53B0FC3F6817D798ABE437FD45FCE77D3234F34B431AECF576C6EB1BD23E418917AFFF1EFFC327B258D19E24F308C8A7221969CCB9C715190B51B4667A39CB4860155AC9A8738AD2160EFBCF9417FA8EE1AD137D711D5CD24F905504B070803DFAD55F800000079010000504B03041400080808004B6F194F0000000000000000000000000C000000646F636361742E6D6F64656CE55969405455FBBFB2B8B0AFA2E032A482990B8B1A8EE983B9A2E492E692F6CA08C31238830C489ABCAF5994E69ABB6959B99495B9E46E356628AFA599A22182A208B2B980A25889BEF79EED9EB97706EAC3FFD39F0FDC39CF79D6DFF39CE79C73AF603F3C6ABC2008CDA046A07FAD04BB114982C3087D4AAAE03E42375B1F6D4C883244994C197A93D07242A2CE903CC59821B88CD7EBD2621387CED61BD24D82073F1A2DFE165A0E8A8B7BD99822CA388F30660ED619A2904667CC886704A1BDE010D64F132238866A4234A1823B7A68C234BD357D34CF6B22046799400674A6151D44080EE1E1A2ACA8426494E8A19A706906537A8B8F901071A205D12B718451C9D0BE9A70698609846B9E17F5F511C59A878660F67ECC66CBD07E445014E98D48CDC342916F0ECF13D57D347DD184436898A6AFA4B12FD21822FE770CC3336121E27FA1D90EC1DD903040AB4BD36BE71833B4C664103C2442A231931241709E61CC1C906034C681989496D200913D25C638639221414B279DA4C9C42484B297344D26B484D6429A1F93A2139CA549C9A268045339D3A97A3685AC49145942626CA3324D2DB49204D00C7606FD04C18D4A93B10B6F09EB26E16240B0366DA2A4D297CE5AC6EACCE184B1204E633E1C3F0596987557602BF8A941C2463192C6CCB839C459960D570B7730782223FE21E9C4983130C45F29463C2B79DA897A9A694C4BD6C2587D5ABC316D265A3443F429FA74FD18835E089298F4124D1B87888A35A88DD5190CC674C15FD26A43078204F36975B1B17A93090735538F12D51665C79A72C11BA12441817925C4846089D888CFDA544C25F82083DA99733078345EA1AB346A5C018E5B70A2A98A330A3EAA5024CD28404B2154669CD36EB212946E4FCB7949B73B2E65D9C560955AEB3920C6E6481E193344E31AA4A9B1740537C5411385563CD5DBB18962109AE38586191B2BAB679A461F9BA6035F8B5CB248DD1505829345307622BE4B71A0A58050455402035A163861C875319708CB74A3D6949460D02619041FE4459A71468A7EA689ED37C89D44317A2D9DD2A61849A349C258E0A69391262D4D5F443728E1428D214D6F32A6888A2483A2BD364C737A9A3143546DD212254EC433C9106A39F1496FA0813FAF46242419985704201D9E90E2414B8A394D8CBA5175648C98B080AC0A4168D0EBE3484313A9142851C493132108B4E69CE415B9C88188829DA5910A1B252CDE240EA9EF5A06878A15FB4256998EC220B4932DA94D900D8F842101E98A5DA1FEBB72A5202AEBA4CE96565518B85B233F850E3CD494439B2EFD40F5E9A5C89B941E5FCB08A82B6DD4292633282B5210A4DB8BA258312960CAD7960350910FCB92208E7828F9B17E492B861957A55C8D16392059D7D2C2B0582AD8A0B2BCD15AC4967C2DCB91868038107C186692177F2BA54173E6CC21813DE1F24DE7498A71C816EBD95B9972494D5BB9D29515E5244F092E7CE3B0809F3741DDB2C82DF6C422CD328A1437BC8C68F5E362A698B104F28B14AF47DD4CD532429E32B5FEB6AB961CF458E251987CC1E2CA53C41768132F1A3559696C61A0238AD49F5B909AC0DD59379354A5D4EF69988134C3565623F1DA8587066FE17471300C90E3527393B5E34A26DB216B0FAC9F615FF8E2C0F058D6AC9F955247CAFC6C1404B6223B11D0487CE48443332AB46FB495626E16A3C5B18C24D39D34404B5814ED02EDCB5427CA90880916E5AA1857BCA25D2671C704D11C7A8A2DC39FA43F1D3966E2CE0371387E15999CB282E4638C36D6383355FAC1DFFD309B49E8A23CB858E5C61D4EF283ECC2A2D5F88C14BE9AD271E7417565C2DBBADA650FA5357CDCB11104E5E966CBA41550D0F9AAB180DBA0438EB51835B6B126A0766C0254C19B86CD798A7121D69DE4133D69BAE225453CB591E9760C1F0BD7538CC6E48C54BCCDE2DF4440799BD74609ADF0F1593A7C8737A6CD8606DCA8B15778596426EAC591742DC26BC024628428A4DF8B8750B511DA740D7134348D4D5E1A9E2FC3C94213BED919480A02594C5682D766EA44161F9C47EC238336B049F070B872329C708B45BEE17383741D11A125F35EBC1DE25EBBC6DC23BD9A1D2A2938181B13E2B701A72BC92A31ED863161AE3A73EEE149EAAB98457C3A91AE5A1EAC36A8A0BF5C9B2A385CF8F8F01103D502DD8365283185158A64D4C75A482435463AA1E782C3BFB5ECC84D65C8066F29E14D3DE0F97C547CECD8A87484D8941DF350CA92F66D4CC3D88A9B01DA7FDD2CB5C9EF4C308D6D51294649849C4DE8503EDA9201956A412E5EE4F08689E44C27018EB4E2EA96CE911EB25652F25E3285A2424EFC8C46B61652B6441575C047E6E582F350527129216DAE1699C4B5425B03EE21C43567CE5972D794C82E7C06E5F73558DE51628BC2A234682F4BA49198A76539297C16DBB3CEA467D84817618B342986AC63900B2FB93648CB94BC1912A79C3965E480876C2599F8D4B366895DC0870A2E1FF221431E4B0A51FA79B7397969DEDBC20401CB57193156EFC53B47583D2DC2962164CA50F8C8D1047D3A45C74BDEB463538C263D2B41B2C81011FBC653243684101B79E32E216EB09241BE8B5A2E65EC94BC58D9993D364DAF13B7DE34233B8D4B8A920CAAD6A5B13D8731C13750A2DE2092E95B706203A78F9BC7A81082945F1F453D62CF5D64ACE8BD1049737B129E4554AE04102C49E4546CD9C4387C1117E784B7422D82CA490E9EF31A5BE48A54CCB0E0411D641F017C551A915CA065F4D630F7B2481A166B8FCFD52A78490A3BA883553BC3CF63ADBED6A02787279B09C7AD473AA77A2843145AE353B72A246F2BDB1557197C66B86A353034B8D44AD9F25375597E87231540AC78290B866E65F2C2B490B6C80DE99CA4A4DC683DE8B9A31957497C674200A16E2795878F6573E0375FCE1E8AB7B5F554F2DD8937E9C2B7021C010D1DCBB1F7F90696088B42A05732CE33B50F24412EBC7A9C7EB94E930CFCEEC7B5BDD6D6B3C54EC14CDC8BDFFB0813DABCB1753F1B9D0637295BF58A96277E218B1B929F8DA5247770B903782B480843E4125E775EB25EE60DDEE2E2E2F00B70CB49AD48C74B96FF4488DFCE70AEC4E125C893780DF8EA6855551B5B72F825B38ADF590E208E5CA7152CE88311EE3FD62CE2E9D6D643C5BD0271A08012240E716B8C939A0EEF461069442221569FC25D18A5039E48A11758D43D257D54894A80BC81529B68C7D1D55201D6A57074DC970C5C085808C94FD19B461BA97B9D1AB34142E16E6726FED370805CDD1C59CB7F5013CF4FAE16309212E321B2EEA010C6B4DBF05D6D1A7F34B3AEAE0DF9FC6703482B202277FBFE3D2F54E6DA291360E1E7338DCD1200354D59C6AF241ACB9BA6A92A609F7D246E4F556670DF40B9C38D94C1E2670333EE63983A24742DF22279E00B5D7961C49D8A5DD3F0B025ED06D886F48BB7A03AFFB273251677E1B5E197350A153828CAC24FC87776EEF869DD01FACA620EB6D3C1864A8B0B8AFCBE02C9F0F7510E093A4FDC41E1E1B187C526241DE33B5801940FC8DBCA3C7FA0946D79AAA0C49B20E71F3C1834FFCC2789AFC1FD6E213B17ACFF138A56E51E795757A61A2B9E911EA69C0747C62D6474AA47C96F8B5E7E66DFD0CFF2DF664F4AAFD11FCC5A3064B78AFF4EC1F99F0BE32A9A92677E29FDBFBDE840C730F7E970F0CAB84D9561CDE1BCEEC588F5A5D9E6CBEE7B129F2D7133DFE85113BDACF7023899B62466F3A37A389D1F77B7ABA6D69C93DDE5939BFB3E80631FB53991D6EE23F3CF473E5EFEDF6FEBCC27C76E5CBFD9C105727E8F3DBBE0DB337071896944FB597721EFDB690342F32222ED85348F81D1872147E398F4A9F124FCBE76D5F7ABCB8BCDD5C3767A9F8EEF03BFE47E53E83C27032E6F5E3CECE4D4D7E144971E312F4485C1B5F1DB3D3332379A0F8F70EDE5276C85BCF9F5A7923FAFF97FFFFCB1EED5AB5B7E2D86FB27F34E0DAB31991F6EEE60CEDB74C0FCC06EF2E08A35C9501FB8BA6892EB73506A3AF4C825B2071C0B79E9E9AEC5A7A16CF20F7F74F0B38792B16DBF18D3762F9CEA35B7D07CAA0354161D1992FBCC0AB89D55F0ECE1362FC3F58EA1C91E61596CBEAC3A7F51C8C4D52A7AF984C2A7BA0F83A0F6F341B31CA39E40F9878F9DD6CF6F808A56074F172D9E08B531C66734FB7740F9EDAE4F07852C876A43F3A8712D0EC29D71E1C6DDF55150FECABF67F5B07F0B6AA3430E7D7028036EFDF6DC868629AB98FED236E5DE316D8F436974CEC2BBC6CFA176D8C9D9B7BED9C0E6991FA37C87EC6EE8CBF4327AEECBDBD63FCE96C7BF346FE6F3551ED353DBCD63E393CF7E60FA2B7D8E8E3F1D390ECA9F2B496D089B0DB57901AD7E8AE90337B6E77E997C723F1B97877D7DAF60CB25860795A778503CE97C4D9B451B8E0A53191ED49FAAC92B86467E67647851BD14079A276ABF7CE9D2A0A5E3B878CEFF72E5DCC7ADA0B2AA978FC3F81AB879EACB7D6597BA436DE26ADDCC9432A88D78BDE384EF93D57E4E5BA0DD3AE35F4C3FC559995F3AA679A5FA95F853BD65F9C3B21CAFFB307D34DFCC5F62B77C5BC9BEEA1DA3D97CDDBDE60DF5511B581DD038EF15F41FBDFF5A04F3A3F0AD3F4FF9DE7B46A597DAA363A5DEF253F3EEBE35B0026AD7CD6AE37C6218549E1DF8E5D48E9F41F5E1EB834B7235AC2EEA269F29B58B0E86C2B03159A91F8E3CD6BCCBC657AE7AF6806A9F51CD8A5362E1DC237D3BE7DC61E60576C5EF96065D80FC93D75C96C615C381F1073A2F7C1C03A583E73FFBD1773FFDDD27EBCFFF50CED6D35CA71B56B5E7A73CB8977DCE6DDA8630B831F245EDAEA14970EDCAC05119FA4390BFEDDEA1E976DBA072745AE0BCDC00B8F9E0F9BC94EC02F62C1B7BE141CA58994EF9E8F3D6A891B3AEF9ACA3F3917669C96FB78ED5A9F428F8E0A1FBDAB78638EE63E3F2514F82623ABD020F33AF5C89097813EE4F7DD0A5F0BDB75572641CD96CFECAB98FDEECCEE8949FEABDBDC7A1C0EDEC55E6BF72ACF48BC41369D7E748C9DA8123597C3549F50737AD7381EBCDE6D9F7EC7FC37CE9A85768587625945D79FFDFE9F11A736DD48E6D3BEFBC0D7746A576DBFB52063C683FEF786E701E14D9F5ECFA9FFC8D5097A8FFBA386013942F3A16D6AB9F27FC716FA2C9B3C76928995434BFCB1F05B02D73D1EEBE0D455095B5754C41D20EA8B373885D3E5E0317DE38FE7EF6B655505574A78FF97A0CDC5C7B28B162FF56B8975FEFD467432A545EFC74C5CBD3364051E026878A2F0BE0FC98D94BE62F5E662E9B197577EB84057065F1BB237ADCF801CEFFFACA9AC227EBE0BCF9C485EF3F5A083BBD8B563FBEE108BF262E6E98F8A83B1439BE7123385C032BDF1F501C18F5B1F9B7DD9D5A9C70B90CC503BA9E755F76A649F9F36E93633BDDCB875FBA7F52326FDC9B70267DF1F041DE0970EED9BF5EFA73FA5B4DCF37A5BF89F9E2D7E303F7168A7DABC38BABBA9DE9697E98D4BB3276F324B810EEBE62676E1728DAB27B57E99BA3A1B07F2787ECE377A068ACE6E2268D079C5D31EEBBC48A9170EA6A6CFC8F17BBC06F0F0E4FDF966D07174F650E9A7DE408FCFCDBF2B523BA4C839CBC572FF4AD28872BE63D2597137A4141BF86E70CF19DE0EAAEE2E19DB72CB549CFF16C1BFF63D260B8FEC5EE594E2B87C0B94F8E26AD383ED7A6DD1B2387873ADE04B8B6367ED0E95F42A074424EFAB121A5E69CCB93616A6C11942D68D7396BC041F86D67627CA6DB70B8B0E3D112FD3E4F285997BCE8BBBE4150F16862FDC20F46DBD49FEF7AE4BBE3037B43C1869298937BDBC355D72D0D9F261FFBC738D8E2BFFAE4C8E75AFFB97063CE0B57B4A30EC2851A61D7D08E7BE07AB75D636F6E6B0945C51BFFCA3CED0497D7AC69F82AB19D4D3DB6E835FE5DE23FAE1F02BFAE2D8BCEAF12F179ED9B972A025F80CA2D8E77665F7A1DCA364FDDDEABF86B38BDA96FAB2D5BB570710AF8AF6F3804970066D4BC6A07BF4787BFF653FB3754E3C2435E13524D03A1FCD5C288602103AE69FA277EBB2E1EF2E297F9C7867F0C8F63DED93978DB15A8EB151FD6AED93B2A7EA5BEA239FB5AAEEFEA09D746F42C085A982DF68DFBA5E18677E06A56C72F5ABF5A0A7965FF8DA8DF1600E722EBE24E4525C0E5DC3FBB39A484C1E56A53EA73CDA7ABC64A7EE558A95F19BFD21FA5BFE5238217D76C9F03251101178775AD8692DB9DBFB9E93A1BAA825B967E30ED22546DEA5FDEEFE94AF9A91B39A5F7935950D66947DFC09F82E1F640EFB245CB97C083E8F0824E76DF406EF780FE259D0D369F75776607DD58BF014A3B3FD02F0D0A80AA279F3FD65667C2EDE225E3AA6744C0FDA186EEFE050E70DB65F2F4F49CAD7075EB11BF65AF7565F6A95C75D97BC3C6F4CB80EAAAE069E18537E1DEEA12F7F0AE1320DFB1C3E5C7DECD98BD5B651D9707ADF163E347A1D7D67EBDA44AE5D7BD85D3E76CB73F0755F3027ABF109CC5E8A5CB230EF75C60845BFA56F613B76C66F46AF39CBCA34F5B509C229B25FFEEB33F7E14145F8F1A1DB347079533931746BE330C4AE74E480899E40CD5072EAF8AEB7C88E14BFDA6F3144F1A5FD15707C61D1F94C5F8A9FD8ABC9869A3772C84DAA54B961ECC4E874BAEEE95DEC90765F9C92B9766C70732BEDB2BA71C70D8F52DDCD28DFABAB89337CB2BB55B5BF6BCF3D95DE90CB78AF76EFEEE367D0D946E0ADEB831DA5B9623796F2ABF65DB07AF4B5EF007947E3A296F82FD2EF11E7274E89D782F38E7D367C3CDE837CCD7FBE70EFC22F83AD4C77F34DE77C104B15FC47C98F49F4CE533D27E5A9FFD438556B6E6FF365F49C7257FFE3A37172EAC179BEFDD2A28C83E7D6DD9C413FFF069FE3F9E6F8AFF9FCACBCF9FF71E9F3E296525D4A50CFF6A5941161C6D7BB2ECFD904FA02E6FF2A17D17FF82073B7B8686E698A170F966B737EDCFC2C3A96F3F9EE83D06EA2A271567B927303A7946DA9F9AF1C397E0CFE8B71E4EDD9EB72552398E6C1E1CDE7FC7EE51703F62EFAE8DBE7E910EBDA2DD74F5FF52F1D72DCF776DE5984BF9A0BEF4E9F5FB6B4644B658FD9E8BE3AAE8FF01504B0708CB97F81AB113000021340000504B010214001400080808004B6F194F03DFAD55F8000000790100001300000000000000000000000000000000006D616E69666573742E70726F70657274696573504B010214001400080808004B6F194FCB97F81AB1130000213400000C0000000000000000000000000039010000646F636361742E6D6F64656C504B050600000000020002007B000000241500000000', 'application/octet-stream', 'UberEventMgmt1', 'PREDEFINED', 4, 10, null, '9999-12-31 05:00:00.000000', '2019-12-27 03:51:07.867000');
INSERT INTO TRAINED_MODEL (ID, CREATION_DATE, LAST_UPDATE_DATE, VERSION, DESCRIPTION, FILE, FILE_TYPE, NAME, TYPE, CATEGORY_ID, OWNER_ACCOUNT_ID, ACTIVE, END_DATE, START_DATE) VALUES (4218, '2019-12-27 03:51:07.867000', '2019-12-30 02:04:54.837000', 29, 'RestaurantBot1226', '504B03041400080808009BA89D4F000000000000000000000000130000006D616E69666573742E70726F706572746965736D904B6BC3301084EFFA15869C6D2C21C7564097E6D14B1E8598F6BCB1D68E205E19492EA4BFBE22E9A1949E86856F86D959B0C579A66C835D265426F8AA94AB4A66DB739B89922BD67AB06469C8B79F48F10AE1AA2F4D2350554B2385A979A96A53F11E14E78D544A5E0C3B00D91E43CCDFD107EB48F3A2647BA0618601351233AEEB20163D429C3DBE22A187E87CD06E42A2DB5444E76EA1F8C15E6038F51FCE9BB0FB63603D7449EEFFFB360FD93D11764AC871FFF6AB535348D6DA31158571D2BCAAEB65CDA5928D906CEDC6C951FA383FC2883A45CD63BAD6107170DE7EA13F6C9FDBA06FEF13EAC73CEC1B504B0708BF643436EE0000004E010000504B03041400080808009BA89D4F0000000000000000000000000C000000646F636361742E6D6F64656CED5A5B6FDB3614E6062C49EB26E9B00ED8803D087BD8D31EE6245BB702C3B8C5C86C60738B345DB14746626CA132E951540CFFEBFD84913C649628D524DBD4C5C1CE8B25EAF03BDFB9F048A2851E8F497C4D7F214B9A22840ED187C3181D8CB9FCF932A117FC373E1931F4E980AB91372CA22295844523262993E8F08C1299091A9DD3309EABF987BF52794E532AAE898C394B516F484922A7AF432E28DA575707B1A0215CDBBFE01159BE9EABB92449D127679C47A72296F15F193DA7D7315DA4E8E353C2429ADCC2444F06FC4F9E0D68A2580BD4530AA30BF28EF24CA2477FD009611A07F5C6993C13949A93BD1153B04452E5E007E8ABFE513FF826E80747C17170127C1B7C173C0FBE0F7E08FA6AB01FF48F82FE71D03F51BA4BB47BC9173F5E718176F441364787FA57DCA6A3075E09AEA2354B9D3E07FD19459FEBDFF7476F4F5F4A389BC0AC9030F4481FCC13CDD41C1A7F006BE03097C0214C286149CC689AA2C77AE02D51B0113AB00425C9047156A40A10684531632A6C065D4EA9CA8A31AEF8812711C47589F6F51949122A26B1CAACB92805650A6002D363A93D36F82C9396C5284D336A477FA72C83D1D064114CA984C165A2420647572649103135C51CC54C72B0C3850A9C5554190544A80BD403F424D1ACCCC91549A5F21E3DCD25CAE6E6654200606A0A132C68258B2B754DA6309C642CB41AD7261186C32256D37AB7620527A79684D149E3894D1B77B3A64482A2B0A5BD67DD90406C4196E82313411B524A6D4CC6FAC8E8A8DA8103A6D265E80AE59BCB873401DD85AAB244663AF1E668182FADE7AF54E5A476F4ADA665A64CF9C27ACD27B1259D7255C1C60D3283DFD88651AD643BC02C11D3019C871050E30EB1501A7F07888096B48B76DF4EE73395FC08D0DE30E38BCB3473D57965FB0D90182A48A342C2502F03437FC1B324020B6A9867CC4EB5A51C021DA197980159725B70979CBF033236AFD4C28CC94CD714C0EB5275CB9CDAB1214D125BAB82125732A9E979BB767900D13984BEF76F012EC1B86221406501CBF8F04E54D480C17C6996C20E142A0C993E0066D47AB6C5469CD7378D0F56B9E271005DE0A60B1BB088BB6E94DE542974F427B0C084589A06EB4AD9866042AD9DD47571A853E778AAAE97087E5AA671577EFAFBBFCFD7C5694AF04945BD15E3E2A42DBF7CC9A6FCDD7CFCC5E65C56B1B76DE28B77BE4E8B70B77DDDFA92A6F817C5BBC83EDED0DEA6F38BA4E97CE335E7F9E279D3BFF6FCE0F9166F7DA3A03F379D6FDFF6B05FB8C6A56BFDB52A9FAEF176D2555E79A97ADFDE76A9DB9F759FDB0BF12A3EC716DDDFCBFCDDF6FB8C8BF7BD5F4F7EE115F51FFA3A2A7B8E6C4A704DB86DFB5597FDA6FCC24135BD55F9B49D9732C16D1358517CAFE3DAEFAB1D795F5855CAEE43B81116F589AFFB6CEDF5532F7C65696DDF79C3EB758BAF7DDFAE8A6F7E85FB78C7B9F382F711379EDF6F5AF7BE50751FB86E792876BB5ACF8DEFC77E5D337EC7DE7FF1F37A70BB5A4F7845FDBAD759BE0FFA96FF9F73DAB1D3F4FF8D4DDF0F71BDF0083FF383B3EDCF794D7D5770CFEE8B6A7ADBF23EDF761E7D0BAE09775BF25924B81DB3F7A4EC7F99DAFB737097072EE1B1EA7B5857D7535DBC703DB0ADCBB67C17E59E9371451EF9F7ACB5F71956536F4D7045BDAEAD5BDC36014FE2EB7BC3A6053F707BBE04AFA8DF76FE5B7BFE2AF81EA2EDFB7263FF47776C7FAF480AEF9B45FBF75F56D4CBE1FBAA83A6E25AF6DCD0957D953C9FAAF39A926DF98EDA4963FDE1B3F7DB6DFA3BAEAED471D704AF39AF2C7F75EFABE4F74BCBFA65EDF9AFA95FE3DCF943F93FE51F504B070853E7574D20050000183F0000504B010214001400080808009BA89D4FBF643436EE0000004E0100001300000000000000000000000000000000006D616E69666573742E70726F70657274696573504B010214001400080808009BA89D4F53E7574D20050000183F00000C000000000000000000000000002F010000646F636361742E6D6F64656C504B050600000000020002007B000000890600000000', 'application/octet-stream', 'RestaurantBot1226', 'CUSTOM', 4168, 4286, true, '9999-12-31 05:00:00.000000', '2019-12-27 03:51:07.867000');

INSERT INTO LAUNCH_INFO (ID, CREATION_DATE, LAST_UPDATE_DATE, VERSION, ALLOWED_ORIGINS, CHAT_URL, TARGET_BOT_ID, UNIQUE_BOT_ID, MODEL_ID, ACTIVE, END_DATE, START_DATE) VALUES (4258, '2019-09-14 01:16:56.123000', '2019-09-14 01:16:56.123000', 1, 'http://localhost:3004', 'http://localhost:8099/chatbot/api/chats', 4252, '75eb671d-b402-4bfa-9d6c-827c4b59964b', 4092, null, null, null);
INSERT INTO LAUNCH_INFO (ID, CREATION_DATE, LAST_UPDATE_DATE, VERSION, ALLOWED_ORIGINS, CHAT_URL, TARGET_BOT_ID, UNIQUE_BOT_ID, MODEL_ID, ACTIVE, END_DATE, START_DATE) VALUES (4264, '2019-12-28 19:02:38.188000', '2019-12-28 19:02:38.188000', 1, 'http://localhost:4320', 'http://localhost:8099/chatbot/api/chats', 4253, '01237549-8ca0-48d3-9e57-61e41eecdced', 4218, true, '9999-12-31 05:00:00.000000', '2019-12-28 19:02:38.188000');



